timestamp,actor_position,recipient_position,source_position,feature,step_number,state_0_type,state_0_shade,state_0_texture,state_1_type,state_1_shade,state_1_texture,state_2_type,state_2_shade,state_2_texture,participant_id,trial_number,abandoned,goal_achieved,steps
1740524356513.0,0.0,1.0,,texture,1,square,high,stripes,triangle,low,plain,circle,low,dots,pcimzwewtndyjm8hu2zke03i,1,False,True,10
,,,,texture,2,,,,,,,,,,pcimzwewtndyjm8hu2zke03i,1,False,True,10
1740524361179.0,0.0,1.0,,shape,3,square,high,stripes,triangle,low,stripes,circle,low,dots,pcimzwewtndyjm8hu2zke03i,1,False,True,10
1740524363651.0,0.0,1.0,,shape,4,square,high,stripes,circle,low,stripes,circle,low,dots,pcimzwewtndyjm8hu2zke03i,1,False,True,10
1740524376094.0,0.0,2.0,,color,5,square,high,stripes,square,low,stripes,circle,low,dots,pcimzwewtndyjm8hu2zke03i,1,False,True,10
1740524400648.0,0.0,2.0,,color,6,square,high,stripes,square,low,stripes,circle,medium,dots,pcimzwewtndyjm8hu2zke03i,1,False,True,10
1740524410227.0,2.0,0.0,,texture,7,square,high,stripes,square,low,stripes,circle,high,dots,pcimzwewtndyjm8hu2zke03i,1,False,True,10
,,,,texture,8,,,,,,,,,,pcimzwewtndyjm8hu2zke03i,1,False,True,10
1740524412379.0,2.0,0.0,,texture,9,square,high,dots,square,low,stripes,circle,high,dots,pcimzwewtndyjm8hu2zke03i,1,False,True,10
,,,,texture,10,,,,,,,,,,pcimzwewtndyjm8hu2zke03i,1,False,True,10
1740524438352.0,0.0,1.0,,color,1,triangle,high,dots,square,medium,dots,square,high,dots,pcimzwewtndyjm8hu2zke03i,2,False,True,5
1740524443919.0,0.0,1.0,,shape,2,triangle,high,dots,square,high,dots,square,high,dots,pcimzwewtndyjm8hu2zke03i,2,False,True,5
1740524446006.0,0.0,1.0,,shape,3,triangle,high,dots,triangle,high,dots,square,high,dots,pcimzwewtndyjm8hu2zke03i,2,False,True,5
1740524448135.0,0.0,1.0,,shape,4,triangle,high,dots,triangle,high,dots,square,high,dots,pcimzwewtndyjm8hu2zke03i,2,False,True,5
1740524450446.0,0.0,1.0,,shape,5,triangle,high,dots,square,high,dots,square,high,dots,pcimzwewtndyjm8hu2zke03i,2,False,True,5
1740524469887.0,0.0,1.0,,shape,1,square,high,dots,triangle,low,dots,circle,high,dots,pcimzwewtndyjm8hu2zke03i,3,False,True,13
1740524471840.0,0.0,1.0,,shape,2,square,high,dots,circle,low,dots,circle,high,dots,pcimzwewtndyjm8hu2zke03i,3,False,True,13
1740524473898.0,0.0,1.0,,shape,3,square,high,dots,triangle,low,dots,circle,high,dots,pcimzwewtndyjm8hu2zke03i,3,False,True,13
1740524476077.0,0.0,2.0,,shape,4,square,high,dots,square,low,dots,circle,high,dots,pcimzwewtndyjm8hu2zke03i,3,False,True,13
1740524483759.0,1.0,0.0,,texture,5,square,high,dots,square,low,dots,square,high,dots,pcimzwewtndyjm8hu2zke03i,3,False,True,13
,,,,texture,6,,,,,,,,,,pcimzwewtndyjm8hu2zke03i,3,False,True,13
1740524490196.0,0.0,2.0,,texture,7,square,high,plain,square,low,dots,square,high,dots,pcimzwewtndyjm8hu2zke03i,3,False,True,13
,,,,texture,8,,,,,,,,,,pcimzwewtndyjm8hu2zke03i,3,False,True,13
1740524493858.0,1.0,0.0,,texture,9,square,high,plain,square,low,dots,square,high,plain,pcimzwewtndyjm8hu2zke03i,3,False,True,13
,,,,texture,10,,,,,,,,,,pcimzwewtndyjm8hu2zke03i,3,False,True,13
1740524503261.0,2.0,0.0,,color,11,square,high,stripes,square,low,dots,square,high,plain,pcimzwewtndyjm8hu2zke03i,3,False,True,13
1740524517523.0,2.0,1.0,,texture,12,square,medium,stripes,square,low,dots,square,high,plain,pcimzwewtndyjm8hu2zke03i,3,False,True,13
,,,,texture,13,,,,,,,,,,pcimzwewtndyjm8hu2zke03i,3,False,True,13
1740524542331.0,2.0,1.0,,shape,1,triangle,low,stripes,square,high,dots,circle,low,dots,pcimzwewtndyjm8hu2zke03i,4,False,True,16
1740524544397.0,2.0,1.0,,shape,2,triangle,low,stripes,triangle,high,dots,circle,low,dots,pcimzwewtndyjm8hu2zke03i,4,False,True,16
1740524551667.0,2.0,1.0,,texture,3,triangle,low,stripes,circle,high,dots,circle,low,dots,pcimzwewtndyjm8hu2zke03i,4,False,True,16
,,,,texture,4,,,,,,,,,,pcimzwewtndyjm8hu2zke03i,4,False,True,16
1740524553859.0,2.0,1.0,,texture,5,triangle,low,stripes,circle,high,plain,circle,low,dots,pcimzwewtndyjm8hu2zke03i,4,False,True,16
,,,,texture,6,,,,,,,,,,pcimzwewtndyjm8hu2zke03i,4,False,True,16
1740524558818.0,1.0,2.0,,color,7,triangle,low,stripes,circle,high,stripes,circle,low,dots,pcimzwewtndyjm8hu2zke03i,4,False,True,16
1740524560883.0,1.0,2.0,,color,8,triangle,low,stripes,circle,high,stripes,circle,medium,dots,pcimzwewtndyjm8hu2zke03i,4,False,True,16
1740524564329.0,0.0,2.0,,color,9,triangle,low,stripes,circle,high,stripes,circle,high,dots,pcimzwewtndyjm8hu2zke03i,4,False,True,16
1740524568476.0,1.0,2.0,,texture,10,triangle,low,stripes,circle,high,stripes,circle,medium,dots,pcimzwewtndyjm8hu2zke03i,4,False,True,16
,,,,texture,11,,,,,,,,,,pcimzwewtndyjm8hu2zke03i,4,False,True,16
1740524573036.0,0.0,2.0,,color,12,triangle,low,stripes,circle,high,stripes,circle,medium,plain,pcimzwewtndyjm8hu2zke03i,4,False,True,16
1740524577603.0,1.0,0.0,,texture,13,triangle,low,stripes,circle,high,stripes,circle,low,plain,pcimzwewtndyjm8hu2zke03i,4,False,True,16
,,,,texture,14,,,,,,,,,,pcimzwewtndyjm8hu2zke03i,4,False,True,16
1740524581371.0,1.0,0.0,,color,15,triangle,low,dots,circle,high,stripes,circle,low,plain,pcimzwewtndyjm8hu2zke03i,4,False,True,16
1740524583542.0,1.0,0.0,,color,16,triangle,medium,dots,circle,high,stripes,circle,low,plain,pcimzwewtndyjm8hu2zke03i,4,False,True,16
1740524611405.0,0.0,1.0,,shape,1,square,medium,dots,circle,medium,stripes,square,low,dots,pcimzwewtndyjm8hu2zke03i,5,False,True,23
1740524617226.0,1.0,2.0,,texture,2,square,medium,dots,square,medium,stripes,square,low,dots,pcimzwewtndyjm8hu2zke03i,5,False,True,23
,,,,texture,3,,,,,,,,,,pcimzwewtndyjm8hu2zke03i,5,False,True,23
1740524619608.0,2.0,1.0,,texture,4,square,medium,dots,square,medium,stripes,square,low,plain,pcimzwewtndyjm8hu2zke03i,5,False,True,23
,,,,texture,5,,,,,,,,,,pcimzwewtndyjm8hu2zke03i,5,False,True,23
1740524621577.0,2.0,1.0,,texture,6,square,medium,dots,square,medium,dots,square,low,plain,pcimzwewtndyjm8hu2zke03i,5,False,True,23
,,,,texture,7,,,,,,,,,,pcimzwewtndyjm8hu2zke03i,5,False,True,23
1740524626275.0,2.0,0.0,,texture,8,square,medium,dots,square,medium,plain,square,low,plain,pcimzwewtndyjm8hu2zke03i,5,False,True,23
,,,,texture,9,,,,,,,,,,pcimzwewtndyjm8hu2zke03i,5,False,True,23
1740524629336.0,2.0,0.0,,texture,10,square,medium,plain,square,medium,plain,square,low,plain,pcimzwewtndyjm8hu2zke03i,5,False,True,23
,,,,texture,11,,,,,,,,,,pcimzwewtndyjm8hu2zke03i,5,False,True,23
1740524632907.0,2.0,1.0,,color,12,square,medium,stripes,square,medium,plain,square,low,plain,pcimzwewtndyjm8hu2zke03i,5,False,True,23
1740524636438.0,0.0,1.0,,color,13,square,medium,stripes,square,low,plain,square,low,plain,pcimzwewtndyjm8hu2zke03i,5,False,True,23
1740524639336.0,0.0,1.0,,color,14,square,medium,stripes,square,medium,plain,square,low,plain,pcimzwewtndyjm8hu2zke03i,5,False,True,23
1740524641844.0,0.0,1.0,,color,15,square,medium,stripes,square,medium,plain,square,low,plain,pcimzwewtndyjm8hu2zke03i,5,False,True,23
1740524643875.0,0.0,1.0,,color,16,square,medium,stripes,square,low,plain,square,low,plain,pcimzwewtndyjm8hu2zke03i,5,False,True,23
1740524646215.0,0.0,1.0,,color,17,square,medium,stripes,square,medium,plain,square,low,plain,pcimzwewtndyjm8hu2zke03i,5,False,True,23
1740524649695.0,0.0,1.0,,color,18,square,medium,stripes,square,medium,plain,square,low,plain,pcimzwewtndyjm8hu2zke03i,5,False,True,23
1740524653709.0,0.0,1.0,,color,19,square,medium,stripes,square,medium,plain,square,low,plain,pcimzwewtndyjm8hu2zke03i,5,False,True,23
1740524655680.0,0.0,1.0,,color,20,square,medium,stripes,square,medium,plain,square,low,plain,pcimzwewtndyjm8hu2zke03i,5,False,True,23
1740524657675.0,0.0,1.0,,color,21,square,medium,stripes,square,medium,plain,square,low,plain,pcimzwewtndyjm8hu2zke03i,5,False,True,23
1740524666478.0,2.0,0.0,,shape,22,square,medium,stripes,square,high,plain,square,low,plain,pcimzwewtndyjm8hu2zke03i,5,False,True,23
1740524670517.0,2.0,0.0,,color,23,triangle,medium,stripes,square,high,plain,square,low,plain,pcimzwewtndyjm8hu2zke03i,5,False,True,23
1740524704642.0,1.0,0.0,,shape,1,triangle,low,stripes,circle,high,dots,square,high,dots,pcimzwewtndyjm8hu2zke03i,6,False,True,6
1740524706764.0,1.0,2.0,,shape,2,circle,low,stripes,circle,high,dots,square,high,dots,pcimzwewtndyjm8hu2zke03i,6,False,True,6
1740524710027.0,1.0,2.0,,texture,3,circle,low,stripes,circle,high,dots,circle,high,dots,pcimzwewtndyjm8hu2zke03i,6,False,True,6
,,,,texture,4,,,,,,,,,,pcimzwewtndyjm8hu2zke03i,6,False,True,6
1740524715195.0,2.0,0.0,,color,5,circle,low,stripes,circle,high,dots,circle,high,plain,pcimzwewtndyjm8hu2zke03i,6,False,True,6
1740524717469.0,2.0,0.0,,color,6,circle,medium,stripes,circle,high,dots,circle,high,plain,pcimzwewtndyjm8hu2zke03i,6,False,True,6
1740524758367.0,1.0,0.0,,shape,1,circle,low,plain,square,medium,stripes,circle,low,dots,pcimzwewtndyjm8hu2zke03i,7,True,False,10
1740524762773.0,1.0,2.0,,shape,2,square,low,plain,square,medium,stripes,circle,low,dots,pcimzwewtndyjm8hu2zke03i,7,True,False,10
1740524765660.0,1.0,2.0,,shape,3,square,low,plain,square,medium,stripes,square,low,dots,pcimzwewtndyjm8hu2zke03i,7,True,False,10
1740524767782.0,2.0,1.0,,shape,4,square,low,plain,square,medium,stripes,square,low,dots,pcimzwewtndyjm8hu2zke03i,7,True,False,10
1740524769794.0,2.0,1.0,,shape,5,square,low,plain,square,medium,stripes,square,low,dots,pcimzwewtndyjm8hu2zke03i,7,True,False,10
1740524773042.0,1.0,2.0,,shape,6,square,low,plain,circle,medium,stripes,square,low,dots,pcimzwewtndyjm8hu2zke03i,7,True,False,10
1740524775481.0,1.0,2.0,,shape,7,square,low,plain,circle,medium,stripes,circle,low,dots,pcimzwewtndyjm8hu2zke03i,7,True,False,10
1740524777890.0,1.0,2.0,,shape,8,square,low,plain,circle,medium,stripes,circle,low,dots,pcimzwewtndyjm8hu2zke03i,7,True,False,10
1740524781140.0,1.0,2.0,,shape,9,square,low,plain,circle,medium,stripes,circle,low,dots,pcimzwewtndyjm8hu2zke03i,7,True,False,10
1740524785225.0,1.0,2.0,,shape,10,square,low,plain,circle,medium,stripes,circle,low,dots,pcimzwewtndyjm8hu2zke03i,7,True,False,10
1740524891961.0,0.0,2.0,,shape,1,triangle,low,plain,circle,low,stripes,triangle,medium,plain,pcimzwewtndyjm8hu2zke03i,8,False,True,52
1740524893880.0,0.0,2.0,,shape,2,triangle,low,plain,circle,low,stripes,triangle,medium,plain,pcimzwewtndyjm8hu2zke03i,8,False,True,52
1740524895946.0,0.0,2.0,,shape,3,triangle,low,plain,circle,low,stripes,triangle,medium,plain,pcimzwewtndyjm8hu2zke03i,8,False,True,52
1740524898001.0,0.0,1.0,,shape,4,triangle,low,plain,circle,low,stripes,triangle,medium,plain,pcimzwewtndyjm8hu2zke03i,8,False,True,52
1740524899923.0,0.0,2.0,,shape,5,triangle,low,plain,triangle,low,stripes,triangle,medium,plain,pcimzwewtndyjm8hu2zke03i,8,False,True,52
1740524902136.0,0.0,2.0,,shape,6,triangle,low,plain,triangle,low,stripes,triangle,medium,plain,pcimzwewtndyjm8hu2zke03i,8,False,True,52
1740524905449.0,0.0,2.0,,shape,7,triangle,low,plain,triangle,low,stripes,circle,medium,plain,pcimzwewtndyjm8hu2zke03i,8,False,True,52
1740524915201.0,0.0,1.0,,texture,8,triangle,low,plain,triangle,low,stripes,square,medium,plain,pcimzwewtndyjm8hu2zke03i,8,False,True,52
,,,,texture,9,,,,,,,,,,pcimzwewtndyjm8hu2zke03i,8,False,True,52
1740524917296.0,1.0,0.0,,texture,10,triangle,low,plain,triangle,low,dots,square,medium,plain,pcimzwewtndyjm8hu2zke03i,8,False,True,52
,,,,texture,11,,,,,,,,,,pcimzwewtndyjm8hu2zke03i,8,False,True,52
1740524920182.0,1.0,2.0,,texture,12,triangle,low,stripes,triangle,low,dots,square,medium,plain,pcimzwewtndyjm8hu2zke03i,8,False,True,52
,,,,texture,13,,,,,,,,,,pcimzwewtndyjm8hu2zke03i,8,False,True,52
1740524921962.0,1.0,2.0,,texture,14,triangle,low,stripes,triangle,low,dots,square,medium,stripes,pcimzwewtndyjm8hu2zke03i,8,False,True,52
,,,,texture,15,,,,,,,,,,pcimzwewtndyjm8hu2zke03i,8,False,True,52
1740524925996.0,1.0,2.0,,color,16,triangle,low,stripes,triangle,low,dots,square,medium,dots,pcimzwewtndyjm8hu2zke03i,8,False,True,52
1740524927958.0,1.0,2.0,,color,17,triangle,low,stripes,triangle,low,dots,square,low,dots,pcimzwewtndyjm8hu2zke03i,8,False,True,52
1740524931649.0,1.0,2.0,,color,18,triangle,low,stripes,triangle,low,dots,square,medium,dots,pcimzwewtndyjm8hu2zke03i,8,False,True,52
1740524933513.0,1.0,2.0,,color,19,triangle,low,stripes,triangle,low,dots,square,low,dots,pcimzwewtndyjm8hu2zke03i,8,False,True,52
1740524935565.0,1.0,2.0,,color,20,triangle,low,stripes,triangle,low,dots,square,medium,dots,pcimzwewtndyjm8hu2zke03i,8,False,True,52
1740524937338.0,1.0,2.0,,color,21,triangle,low,stripes,triangle,low,dots,square,low,dots,pcimzwewtndyjm8hu2zke03i,8,False,True,52
1740524939201.0,1.0,2.0,,color,22,triangle,low,stripes,triangle,low,dots,square,medium,dots,pcimzwewtndyjm8hu2zke03i,8,False,True,52
1740524940904.0,1.0,2.0,,color,23,triangle,low,stripes,triangle,low,dots,square,low,dots,pcimzwewtndyjm8hu2zke03i,8,False,True,52
1740524942794.0,1.0,2.0,,color,24,triangle,low,stripes,triangle,low,dots,square,medium,dots,pcimzwewtndyjm8hu2zke03i,8,False,True,52
1740524945008.0,1.0,2.0,,color,25,triangle,low,stripes,triangle,low,dots,square,low,dots,pcimzwewtndyjm8hu2zke03i,8,False,True,52
1740524946948.0,1.0,2.0,,color,26,triangle,low,stripes,triangle,low,dots,square,low,dots,pcimzwewtndyjm8hu2zke03i,8,False,True,52
1740524948861.0,1.0,2.0,,color,27,triangle,low,stripes,triangle,low,dots,square,medium,dots,pcimzwewtndyjm8hu2zke03i,8,False,True,52
1740524950689.0,1.0,2.0,,color,28,triangle,low,stripes,triangle,low,dots,square,low,dots,pcimzwewtndyjm8hu2zke03i,8,False,True,52
1740524952719.0,1.0,2.0,,color,29,triangle,low,stripes,triangle,low,dots,square,medium,dots,pcimzwewtndyjm8hu2zke03i,8,False,True,52
1740524954708.0,1.0,2.0,,color,30,triangle,low,stripes,triangle,low,dots,square,low,dots,pcimzwewtndyjm8hu2zke03i,8,False,True,52
1740524956713.0,1.0,2.0,,color,31,triangle,low,stripes,triangle,low,dots,square,medium,dots,pcimzwewtndyjm8hu2zke03i,8,False,True,52
1740524958589.0,1.0,2.0,,color,32,triangle,low,stripes,triangle,low,dots,square,low,dots,pcimzwewtndyjm8hu2zke03i,8,False,True,52
1740524960426.0,1.0,2.0,,color,33,triangle,low,stripes,triangle,low,dots,square,medium,dots,pcimzwewtndyjm8hu2zke03i,8,False,True,52
1740524962318.0,1.0,2.0,,color,34,triangle,low,stripes,triangle,low,dots,square,low,dots,pcimzwewtndyjm8hu2zke03i,8,False,True,52
1740524966996.0,1.0,2.0,,color,35,triangle,low,stripes,triangle,low,dots,square,medium,dots,pcimzwewtndyjm8hu2zke03i,8,False,True,52
1740524968817.0,1.0,2.0,,color,36,triangle,low,stripes,triangle,low,dots,square,low,dots,pcimzwewtndyjm8hu2zke03i,8,False,True,52
1740524970639.0,1.0,2.0,,color,37,triangle,low,stripes,triangle,low,dots,square,medium,dots,pcimzwewtndyjm8hu2zke03i,8,False,True,52
1740524972411.0,1.0,2.0,,color,38,triangle,low,stripes,triangle,low,dots,square,low,dots,pcimzwewtndyjm8hu2zke03i,8,False,True,52
1740524974253.0,1.0,2.0,,color,39,triangle,low,stripes,triangle,low,dots,square,medium,dots,pcimzwewtndyjm8hu2zke03i,8,False,True,52
1740524976137.0,1.0,2.0,,color,40,triangle,low,stripes,triangle,low,dots,square,low,dots,pcimzwewtndyjm8hu2zke03i,8,False,True,52
1740524978042.0,1.0,2.0,,color,41,triangle,low,stripes,triangle,low,dots,square,medium,dots,pcimzwewtndyjm8hu2zke03i,8,False,True,52
1740524982708.0,1.0,2.0,,color,42,triangle,low,stripes,triangle,low,dots,square,low,dots,pcimzwewtndyjm8hu2zke03i,8,False,True,52
1740524984669.0,1.0,2.0,,color,43,triangle,low,stripes,triangle,low,dots,square,low,dots,pcimzwewtndyjm8hu2zke03i,8,False,True,52
1740524986805.0,2.0,1.0,,color,44,triangle,low,stripes,triangle,low,dots,square,medium,dots,pcimzwewtndyjm8hu2zke03i,8,False,True,52
1740524988915.0,1.0,2.0,,color,45,triangle,low,stripes,triangle,medium,dots,square,medium,dots,pcimzwewtndyjm8hu2zke03i,8,False,True,52
1740524990833.0,1.0,2.0,,color,46,triangle,low,stripes,triangle,medium,dots,square,medium,dots,pcimzwewtndyjm8hu2zke03i,8,False,True,52
1740524992804.0,1.0,2.0,,color,47,triangle,low,stripes,triangle,medium,dots,square,medium,dots,pcimzwewtndyjm8hu2zke03i,8,False,True,52
1740524995688.0,1.0,2.0,,color,48,triangle,low,stripes,triangle,medium,dots,square,medium,dots,pcimzwewtndyjm8hu2zke03i,8,False,True,52
1740524997735.0,1.0,2.0,,color,49,triangle,low,stripes,triangle,medium,dots,square,medium,dots,pcimzwewtndyjm8hu2zke03i,8,False,True,52
1740524999857.0,1.0,2.0,,color,50,triangle,low,stripes,triangle,medium,dots,square,medium,dots,pcimzwewtndyjm8hu2zke03i,8,False,True,52
1740525001903.0,1.0,2.0,,color,51,triangle,low,stripes,triangle,medium,dots,square,medium,dots,pcimzwewtndyjm8hu2zke03i,8,False,True,52
1740525004572.0,0.0,1.0,,color,52,triangle,low,stripes,triangle,medium,dots,square,high,dots,pcimzwewtndyjm8hu2zke03i,8,False,True,52
1740525035327.0,1.0,0.0,,color,1,triangle,high,dots,square,high,plain,circle,low,plain,pcimzwewtndyjm8hu2zke03i,9,False,True,16
1740525038024.0,1.0,0.0,,color,2,triangle,medium,dots,square,high,plain,circle,low,plain,pcimzwewtndyjm8hu2zke03i,9,False,True,16
1740525047600.0,0.0,1.0,,shape,3,triangle,high,dots,square,high,plain,circle,low,plain,pcimzwewtndyjm8hu2zke03i,9,False,True,16
1740525049484.0,0.0,1.0,,shape,4,triangle,high,dots,square,high,plain,circle,low,plain,pcimzwewtndyjm8hu2zke03i,9,False,True,16
1740525059185.0,2.0,0.0,,shape,5,triangle,high,dots,triangle,high,plain,circle,low,plain,pcimzwewtndyjm8hu2zke03i,9,False,True,16
1740525061442.0,2.0,0.0,,shape,6,triangle,high,dots,triangle,high,plain,circle,low,plain,pcimzwewtndyjm8hu2zke03i,9,False,True,16
1740525068221.0,1.0,2.0,,color,7,circle,high,dots,triangle,high,plain,circle,low,plain,pcimzwewtndyjm8hu2zke03i,9,False,True,16
1740525072331.0,1.0,0.0,,texture,8,circle,high,dots,triangle,high,plain,circle,medium,plain,pcimzwewtndyjm8hu2zke03i,9,False,True,16
,,,,texture,9,,,,,,,,,,pcimzwewtndyjm8hu2zke03i,9,False,True,16
1740525074684.0,0.0,1.0,,texture,10,circle,high,plain,triangle,high,plain,circle,medium,plain,pcimzwewtndyjm8hu2zke03i,9,False,True,16
,,,,texture,11,,,,,,,,,,pcimzwewtndyjm8hu2zke03i,9,False,True,16
1740525076799.0,0.0,1.0,,texture,12,circle,high,plain,triangle,high,stripes,circle,medium,plain,pcimzwewtndyjm8hu2zke03i,9,False,True,16
,,,,texture,13,,,,,,,,,,pcimzwewtndyjm8hu2zke03i,9,False,True,16
1740525082298.0,1.0,2.0,,shape,14,circle,high,plain,triangle,high,dots,circle,medium,plain,pcimzwewtndyjm8hu2zke03i,9,False,True,16
1740525085666.0,1.0,2.0,,texture,15,circle,high,plain,triangle,high,dots,triangle,medium,plain,pcimzwewtndyjm8hu2zke03i,9,False,True,16
,,,,texture,16,,,,,,,,,,pcimzwewtndyjm8hu2zke03i,9,False,True,16
1740525103818.0,1.0,0.0,,shape,1,square,high,plain,triangle,low,stripes,triangle,low,dots,pcimzwewtndyjm8hu2zke03i,10,False,True,8
1740525107876.0,0.0,2.0,,color,2,triangle,high,plain,triangle,low,stripes,triangle,low,dots,pcimzwewtndyjm8hu2zke03i,10,False,True,8
1740525112681.0,0.0,2.0,,texture,3,triangle,high,plain,triangle,low,stripes,triangle,medium,dots,pcimzwewtndyjm8hu2zke03i,10,False,True,8
,,,,texture,4,,,,,,,,,,pcimzwewtndyjm8hu2zke03i,10,False,True,8
1740525116606.0,2.0,1.0,,texture,5,triangle,high,plain,triangle,low,stripes,triangle,medium,plain,pcimzwewtndyjm8hu2zke03i,10,False,True,8
,,,,texture,6,,,,,,,,,,pcimzwewtndyjm8hu2zke03i,10,False,True,8
1740525122395.0,0.0,1.0,,color,7,triangle,high,plain,triangle,low,dots,triangle,medium,plain,pcimzwewtndyjm8hu2zke03i,10,False,True,8
1740525124763.0,0.0,1.0,,color,8,triangle,high,plain,triangle,medium,dots,triangle,medium,plain,pcimzwewtndyjm8hu2zke03i,10,False,True,8
1740525144091.0,2.0,0.0,,color,1,square,high,plain,square,medium,stripes,square,low,dots,pcimzwewtndyjm8hu2zke03i,11,False,True,27
1740525146326.0,2.0,0.0,,color,2,square,medium,plain,square,medium,stripes,square,low,dots,pcimzwewtndyjm8hu2zke03i,11,False,True,27
1740525148848.0,0.0,1.0,,color,3,square,low,plain,square,medium,stripes,square,low,dots,pcimzwewtndyjm8hu2zke03i,11,False,True,27
1740525154436.0,1.0,2.0,,shape,4,square,low,plain,square,low,stripes,square,low,dots,pcimzwewtndyjm8hu2zke03i,11,False,True,27
1740525156565.0,1.0,2.0,,shape,5,square,low,plain,square,low,stripes,square,low,dots,pcimzwewtndyjm8hu2zke03i,11,False,True,27
1740525158506.0,1.0,2.0,,shape,6,square,low,plain,square,low,stripes,square,low,dots,pcimzwewtndyjm8hu2zke03i,11,False,True,27
1740525160585.0,1.0,2.0,,shape,7,square,low,plain,square,low,stripes,square,low,dots,pcimzwewtndyjm8hu2zke03i,11,False,True,27
1740525165412.0,2.0,0.0,,shape,8,square,low,plain,square,low,stripes,circle,low,dots,pcimzwewtndyjm8hu2zke03i,11,False,True,27
1740525170875.0,0.0,2.0,,shape,9,triangle,low,plain,square,low,stripes,circle,low,dots,pcimzwewtndyjm8hu2zke03i,11,False,True,27
1740525173354.0,0.0,2.0,,shape,10,triangle,low,plain,square,low,stripes,triangle,low,dots,pcimzwewtndyjm8hu2zke03i,11,False,True,27
1740525176743.0,2.0,0.0,,shape,11,triangle,low,plain,square,low,stripes,circle,low,dots,pcimzwewtndyjm8hu2zke03i,11,False,True,27
1740525179391.0,0.0,2.0,,shape,12,circle,low,plain,square,low,stripes,circle,low,dots,pcimzwewtndyjm8hu2zke03i,11,False,True,27
1740525181499.0,0.0,2.0,,shape,13,circle,low,plain,square,low,stripes,square,low,dots,pcimzwewtndyjm8hu2zke03i,11,False,True,27
1740525183593.0,0.0,2.0,,shape,14,circle,low,plain,square,low,stripes,circle,low,dots,pcimzwewtndyjm8hu2zke03i,11,False,True,27
1740525185596.0,0.0,2.0,,shape,15,circle,low,plain,square,low,stripes,circle,low,dots,pcimzwewtndyjm8hu2zke03i,11,False,True,27
1740525187598.0,0.0,2.0,,shape,16,circle,low,plain,square,low,stripes,circle,low,dots,pcimzwewtndyjm8hu2zke03i,11,False,True,27
1740525189563.0,0.0,2.0,,shape,17,circle,low,plain,square,low,stripes,circle,low,dots,pcimzwewtndyjm8hu2zke03i,11,False,True,27
1740525192109.0,1.0,2.0,,shape,18,circle,low,plain,square,low,stripes,square,low,dots,pcimzwewtndyjm8hu2zke03i,11,False,True,27
1740525194122.0,1.0,2.0,,shape,19,circle,low,plain,square,low,stripes,square,low,dots,pcimzwewtndyjm8hu2zke03i,11,False,True,27
1740525196433.0,1.0,2.0,,shape,20,circle,low,plain,square,low,stripes,square,low,dots,pcimzwewtndyjm8hu2zke03i,11,False,True,27
1740525198492.0,1.0,2.0,,shape,21,circle,low,plain,square,low,stripes,square,low,dots,pcimzwewtndyjm8hu2zke03i,11,False,True,27
1740525202743.0,1.0,0.0,,texture,22,circle,low,plain,square,low,stripes,triangle,low,dots,pcimzwewtndyjm8hu2zke03i,11,False,True,27
,,,,texture,23,,,,,,,,,,pcimzwewtndyjm8hu2zke03i,11,False,True,27
1740525205236.0,1.0,2.0,,texture,24,circle,low,stripes,square,low,stripes,triangle,low,dots,pcimzwewtndyjm8hu2zke03i,11,False,True,27
,,,,texture,25,,,,,,,,,,pcimzwewtndyjm8hu2zke03i,11,False,True,27
1740525207232.0,1.0,2.0,,texture,26,circle,low,stripes,square,low,stripes,triangle,low,plain,pcimzwewtndyjm8hu2zke03i,11,False,True,27
,,,,texture,27,,,,,,,,,,pcimzwewtndyjm8hu2zke03i,11,False,True,27
1740525233693.0,1.0,2.0,,shape,1,triangle,high,stripes,circle,high,dots,circle,high,plain,pcimzwewtndyjm8hu2zke03i,12,False,True,41
1740525235688.0,2.0,1.0,,shape,2,triangle,high,stripes,circle,high,dots,square,high,plain,pcimzwewtndyjm8hu2zke03i,12,False,True,41
1740525237811.0,2.0,1.0,,shape,3,triangle,high,stripes,triangle,high,dots,square,high,plain,pcimzwewtndyjm8hu2zke03i,12,False,True,41
1740525240514.0,1.0,0.0,,shape,4,triangle,high,stripes,square,high,dots,square,high,plain,pcimzwewtndyjm8hu2zke03i,12,False,True,41
1740525244261.0,1.0,2.0,,color,5,square,high,stripes,square,high,dots,square,high,plain,pcimzwewtndyjm8hu2zke03i,12,False,True,41
1740525246319.0,2.0,1.0,,color,6,square,high,stripes,square,high,dots,square,medium,plain,pcimzwewtndyjm8hu2zke03i,12,False,True,41
1740525248289.0,2.0,1.0,,color,7,square,high,stripes,square,medium,dots,square,medium,plain,pcimzwewtndyjm8hu2zke03i,12,False,True,41
1740525250256.0,2.0,1.0,,color,8,square,high,stripes,square,high,dots,square,medium,plain,pcimzwewtndyjm8hu2zke03i,12,False,True,41
1740525252280.0,2.0,1.0,,color,9,square,high,stripes,square,medium,dots,square,medium,plain,pcimzwewtndyjm8hu2zke03i,12,False,True,41
1740525254297.0,2.0,1.0,,color,10,square,high,stripes,square,medium,dots,square,medium,plain,pcimzwewtndyjm8hu2zke03i,12,False,True,41
1740525256243.0,2.0,1.0,,color,11,square,high,stripes,square,medium,dots,square,medium,plain,pcimzwewtndyjm8hu2zke03i,12,False,True,41
1740525258176.0,2.0,1.0,,color,12,square,high,stripes,square,medium,dots,square,medium,plain,pcimzwewtndyjm8hu2zke03i,12,False,True,41
1740525260158.0,2.0,1.0,,color,13,square,high,stripes,square,medium,dots,square,medium,plain,pcimzwewtndyjm8hu2zke03i,12,False,True,41
1740525262595.0,1.0,2.0,,color,14,square,high,stripes,square,medium,dots,square,medium,plain,pcimzwewtndyjm8hu2zke03i,12,False,True,41
1740525265103.0,1.0,2.0,,color,15,square,high,stripes,square,medium,dots,square,high,plain,pcimzwewtndyjm8hu2zke03i,12,False,True,41
1740525267192.0,1.0,2.0,,color,16,square,high,stripes,square,medium,dots,square,medium,plain,pcimzwewtndyjm8hu2zke03i,12,False,True,41
1740525269279.0,1.0,2.0,,color,17,square,high,stripes,square,medium,dots,square,medium,plain,pcimzwewtndyjm8hu2zke03i,12,False,True,41
1740525271421.0,1.0,2.0,,color,18,square,high,stripes,square,medium,dots,square,medium,plain,pcimzwewtndyjm8hu2zke03i,12,False,True,41
1740525273585.0,1.0,2.0,,color,19,square,high,stripes,square,medium,dots,square,medium,plain,pcimzwewtndyjm8hu2zke03i,12,False,True,41
1740525277658.0,1.0,2.0,,color,20,square,high,stripes,square,medium,dots,square,medium,plain,pcimzwewtndyjm8hu2zke03i,12,False,True,41
1740525279752.0,1.0,2.0,,color,21,square,high,stripes,square,medium,dots,square,medium,plain,pcimzwewtndyjm8hu2zke03i,12,False,True,41
1740525281958.0,1.0,2.0,,color,22,square,high,stripes,square,medium,dots,square,medium,plain,pcimzwewtndyjm8hu2zke03i,12,False,True,41
1740525284198.0,2.0,0.0,,color,23,square,high,stripes,square,medium,dots,square,high,plain,pcimzwewtndyjm8hu2zke03i,12,False,True,41
1740525286586.0,1.0,0.0,,color,24,square,medium,stripes,square,medium,dots,square,high,plain,pcimzwewtndyjm8hu2zke03i,12,False,True,41
1740525289074.0,1.0,0.0,,color,25,square,medium,stripes,square,medium,dots,square,high,plain,pcimzwewtndyjm8hu2zke03i,12,False,True,41
1740525291146.0,1.0,0.0,,color,26,square,medium,stripes,square,medium,dots,square,high,plain,pcimzwewtndyjm8hu2zke03i,12,False,True,41
1740525293431.0,1.0,0.0,,color,27,square,medium,stripes,square,medium,dots,square,high,plain,pcimzwewtndyjm8hu2zke03i,12,False,True,41
1740525295515.0,1.0,0.0,,color,28,square,medium,stripes,square,medium,dots,square,high,plain,pcimzwewtndyjm8hu2zke03i,12,False,True,41
1740525297504.0,1.0,0.0,,color,29,square,medium,stripes,square,medium,dots,square,high,plain,pcimzwewtndyjm8hu2zke03i,12,False,True,41
1740525299506.0,1.0,0.0,,color,30,square,medium,stripes,square,medium,dots,square,high,plain,pcimzwewtndyjm8hu2zke03i,12,False,True,41
1740525301677.0,1.0,0.0,,color,31,square,medium,stripes,square,medium,dots,square,high,plain,pcimzwewtndyjm8hu2zke03i,12,False,True,41
1740525304199.0,1.0,0.0,,color,32,square,medium,stripes,square,medium,dots,square,high,plain,pcimzwewtndyjm8hu2zke03i,12,False,True,41
1740525307615.0,0.0,1.0,,color,33,square,low,stripes,square,medium,dots,square,high,plain,pcimzwewtndyjm8hu2zke03i,12,False,True,41
1740525310366.0,0.0,2.0,,color,34,square,low,stripes,square,low,dots,square,high,plain,pcimzwewtndyjm8hu2zke03i,12,False,True,41
1740525312636.0,0.0,2.0,,color,35,square,low,stripes,square,low,dots,square,medium,plain,pcimzwewtndyjm8hu2zke03i,12,False,True,41
1740525316353.0,0.0,1.0,,texture,36,square,low,stripes,square,low,dots,square,low,plain,pcimzwewtndyjm8hu2zke03i,12,False,True,41
,,,,texture,37,,,,,,,,,,pcimzwewtndyjm8hu2zke03i,12,False,True,41
1740525318663.0,0.0,1.0,,texture,38,square,low,stripes,square,low,plain,square,low,plain,pcimzwewtndyjm8hu2zke03i,12,False,True,41
,,,,texture,39,,,,,,,,,,pcimzwewtndyjm8hu2zke03i,12,False,True,41
1740525320610.0,1.0,0.0,,texture,40,square,low,stripes,square,low,stripes,square,low,plain,pcimzwewtndyjm8hu2zke03i,12,False,True,41
,,,,texture,41,,,,,,,,,,pcimzwewtndyjm8hu2zke03i,12,False,True,41
1740525343325.0,2.0,0.0,,shape,1,triangle,medium,dots,circle,low,dots,square,low,plain,pcimzwewtndyjm8hu2zke03i,13,False,True,7
1740525345370.0,2.0,0.0,,shape,2,circle,medium,dots,circle,low,dots,square,low,plain,pcimzwewtndyjm8hu2zke03i,13,False,True,7
1740525347554.0,0.0,1.0,,shape,3,square,medium,dots,circle,low,dots,square,low,plain,pcimzwewtndyjm8hu2zke03i,13,False,True,7
1740525354499.0,0.0,2.0,,texture,4,square,medium,dots,square,low,dots,square,low,plain,pcimzwewtndyjm8hu2zke03i,13,False,True,7
,,,,texture,5,,,,,,,,,,pcimzwewtndyjm8hu2zke03i,13,False,True,7
1740525360773.0,0.0,1.0,,color,6,square,medium,dots,square,low,dots,square,low,stripes,pcimzwewtndyjm8hu2zke03i,13,False,True,7
1740525362837.0,0.0,1.0,,color,7,square,medium,dots,square,medium,dots,square,low,stripes,pcimzwewtndyjm8hu2zke03i,13,False,True,7
1740525380889.0,2.0,0.0,,shape,1,square,medium,dots,square,high,dots,square,medium,stripes,pcimzwewtndyjm8hu2zke03i,14,True,False,12
1740525383765.0,1.0,2.0,,shape,2,circle,medium,dots,square,high,dots,square,medium,stripes,pcimzwewtndyjm8hu2zke03i,14,True,False,12
1740525386614.0,0.0,2.0,,shape,3,circle,medium,dots,square,high,dots,circle,medium,stripes,pcimzwewtndyjm8hu2zke03i,14,True,False,12
1740525388673.0,0.0,2.0,,shape,4,circle,medium,dots,square,high,dots,circle,medium,stripes,pcimzwewtndyjm8hu2zke03i,14,True,False,12
1740525391067.0,0.0,2.0,,shape,5,circle,medium,dots,square,high,dots,circle,medium,stripes,pcimzwewtndyjm8hu2zke03i,14,True,False,12
1740525393097.0,1.0,2.0,,shape,6,circle,medium,dots,square,high,dots,square,medium,stripes,pcimzwewtndyjm8hu2zke03i,14,True,False,12
1740525395400.0,1.0,2.0,,shape,7,circle,medium,dots,square,high,dots,square,medium,stripes,pcimzwewtndyjm8hu2zke03i,14,True,False,12
1740525397563.0,0.0,2.0,,shape,8,circle,medium,dots,square,high,dots,circle,medium,stripes,pcimzwewtndyjm8hu2zke03i,14,True,False,12
1740525399727.0,0.0,2.0,,shape,9,circle,medium,dots,square,high,dots,circle,medium,stripes,pcimzwewtndyjm8hu2zke03i,14,True,False,12
1740525401764.0,0.0,2.0,,shape,10,circle,medium,dots,square,high,dots,circle,medium,stripes,pcimzwewtndyjm8hu2zke03i,14,True,False,12
1740525404354.0,0.0,2.0,,shape,11,circle,medium,dots,square,high,dots,circle,medium,stripes,pcimzwewtndyjm8hu2zke03i,14,True,False,12
1740525406482.0,0.0,2.0,,shape,12,circle,medium,dots,square,high,dots,circle,medium,stripes,pcimzwewtndyjm8hu2zke03i,14,True,False,12
1740525418105.0,1.0,0.0,,shape,1,triangle,low,plain,square,medium,dots,circle,low,dots,pcimzwewtndyjm8hu2zke03i,15,False,True,14
1740525420387.0,0.0,2.0,,shape,2,square,low,plain,square,medium,dots,circle,low,dots,pcimzwewtndyjm8hu2zke03i,15,False,True,14
1740525423915.0,0.0,2.0,,color,3,square,low,plain,square,medium,dots,square,low,dots,pcimzwewtndyjm8hu2zke03i,15,False,True,14
1740525426470.0,1.0,2.0,,color,4,square,low,plain,square,medium,dots,square,low,dots,pcimzwewtndyjm8hu2zke03i,15,False,True,14
1740525428523.0,1.0,2.0,,color,5,square,low,plain,square,medium,dots,square,medium,dots,pcimzwewtndyjm8hu2zke03i,15,False,True,14
1740525433094.0,1.0,2.0,,color,6,square,low,plain,square,medium,dots,square,medium,dots,pcimzwewtndyjm8hu2zke03i,15,False,True,14
1740525435215.0,1.0,2.0,,color,7,square,low,plain,square,medium,dots,square,medium,dots,pcimzwewtndyjm8hu2zke03i,15,False,True,14
1740525438681.0,0.0,2.0,,texture,8,square,low,plain,square,medium,dots,square,high,dots,pcimzwewtndyjm8hu2zke03i,15,False,True,14
,,,,texture,9,,,,,,,,,,pcimzwewtndyjm8hu2zke03i,15,False,True,14
1740525442497.0,0.0,1.0,,texture,10,square,low,plain,square,medium,dots,square,high,plain,pcimzwewtndyjm8hu2zke03i,15,False,True,14
,,,,texture,11,,,,,,,,,,pcimzwewtndyjm8hu2zke03i,15,False,True,14
1740525444647.0,0.0,1.0,,texture,12,square,low,plain,square,medium,plain,square,high,plain,pcimzwewtndyjm8hu2zke03i,15,False,True,14
,,,,texture,13,,,,,,,,,,pcimzwewtndyjm8hu2zke03i,15,False,True,14
1740525447972.0,1.0,2.0,,color,14,square,low,plain,square,medium,stripes,square,high,plain,pcimzwewtndyjm8hu2zke03i,15,False,True,14
1740525461864.0,2.0,0.0,,texture,1,square,low,dots,triangle,low,plain,square,low,dots,pcimzwewtndyjm8hu2zke03i,16,True,False,10
,,,,texture,2,,,,,,,,,,pcimzwewtndyjm8hu2zke03i,16,True,False,10
1740525463956.0,2.0,0.0,,texture,3,square,low,plain,triangle,low,plain,square,low,dots,pcimzwewtndyjm8hu2zke03i,16,True,False,10
,,,,texture,4,,,,,,,,,,pcimzwewtndyjm8hu2zke03i,16,True,False,10
1740525467616.0,2.0,0.0,,shape,5,square,low,stripes,triangle,low,plain,square,low,dots,pcimzwewtndyjm8hu2zke03i,16,True,False,10
1740525469565.0,2.0,0.0,,shape,6,square,low,stripes,triangle,low,plain,square,low,dots,pcimzwewtndyjm8hu2zke03i,16,True,False,10
1740525471638.0,2.0,0.0,,shape,7,square,low,stripes,triangle,low,plain,square,low,dots,pcimzwewtndyjm8hu2zke03i,16,True,False,10
1740525473815.0,2.0,0.0,,shape,8,square,low,stripes,triangle,low,plain,square,low,dots,pcimzwewtndyjm8hu2zke03i,16,True,False,10
1740525475955.0,1.0,0.0,,shape,9,triangle,low,stripes,triangle,low,plain,square,low,dots,pcimzwewtndyjm8hu2zke03i,16,True,False,10
1740525478047.0,2.0,0.0,,shape,10,square,low,stripes,triangle,low,plain,square,low,dots,pcimzwewtndyjm8hu2zke03i,16,True,False,10
1740525490459.0,1.0,2.0,,texture,1,square,low,dots,triangle,high,stripes,triangle,medium,plain,pcimzwewtndyjm8hu2zke03i,17,False,True,14
,,,,texture,2,,,,,,,,,,pcimzwewtndyjm8hu2zke03i,17,False,True,14
1740525493371.0,1.0,2.0,,shape,3,square,low,dots,triangle,high,stripes,triangle,medium,stripes,pcimzwewtndyjm8hu2zke03i,17,False,True,14
1740525497726.0,2.0,1.0,,shape,4,square,low,dots,triangle,high,stripes,circle,medium,stripes,pcimzwewtndyjm8hu2zke03i,17,False,True,14
1740525500715.0,0.0,2.0,,shape,5,square,low,dots,circle,high,stripes,circle,medium,stripes,pcimzwewtndyjm8hu2zke03i,17,False,True,14
1740525502977.0,0.0,2.0,,shape,6,square,low,dots,circle,high,stripes,triangle,medium,stripes,pcimzwewtndyjm8hu2zke03i,17,False,True,14
1740525505378.0,1.0,0.0,,shape,7,square,low,dots,circle,high,stripes,square,medium,stripes,pcimzwewtndyjm8hu2zke03i,17,False,True,14
1740525508746.0,1.0,0.0,,texture,8,circle,low,dots,circle,high,stripes,square,medium,stripes,pcimzwewtndyjm8hu2zke03i,17,False,True,14
,,,,texture,9,,,,,,,,,,pcimzwewtndyjm8hu2zke03i,17,False,True,14
1740525510790.0,1.0,0.0,,texture,10,circle,low,plain,circle,high,stripes,square,medium,stripes,pcimzwewtndyjm8hu2zke03i,17,False,True,14
,,,,texture,11,,,,,,,,,,pcimzwewtndyjm8hu2zke03i,17,False,True,14
1740525513695.0,1.0,2.0,,color,12,circle,low,stripes,circle,high,stripes,square,medium,stripes,pcimzwewtndyjm8hu2zke03i,17,False,True,14
1740525515634.0,1.0,0.0,,color,13,circle,low,stripes,circle,high,stripes,square,high,stripes,pcimzwewtndyjm8hu2zke03i,17,False,True,14
1740525517755.0,1.0,0.0,,color,14,circle,medium,stripes,circle,high,stripes,square,high,stripes,pcimzwewtndyjm8hu2zke03i,17,False,True,14
1740525540842.0,1.0,0.0,,shape,1,triangle,low,stripes,square,medium,stripes,square,high,stripes,pcimzwewtndyjm8hu2zke03i,18,False,True,7
1740525631637.0,1.0,2.0,,color,2,circle,low,stripes,square,medium,stripes,square,high,stripes,pcimzwewtndyjm8hu2zke03i,18,False,True,7
1740525634140.0,1.0,0.0,,color,3,circle,low,stripes,square,medium,stripes,square,medium,stripes,pcimzwewtndyjm8hu2zke03i,18,False,True,7
1740525637329.0,1.0,2.0,,texture,4,circle,medium,stripes,square,medium,stripes,square,medium,stripes,pcimzwewtndyjm8hu2zke03i,18,False,True,7
,,,,texture,5,,,,,,,,,,pcimzwewtndyjm8hu2zke03i,18,False,True,7
1740525639324.0,1.0,2.0,,texture,6,circle,medium,stripes,square,medium,stripes,square,medium,dots,pcimzwewtndyjm8hu2zke03i,18,False,True,7
,,,,texture,7,,,,,,,,,,pcimzwewtndyjm8hu2zke03i,18,False,True,7
1740525654690.0,0.0,1.0,,shape,1,circle,medium,plain,square,high,plain,triangle,high,stripes,pcimzwewtndyjm8hu2zke03i,19,False,True,25
1740525656834.0,0.0,2.0,,shape,2,circle,medium,plain,circle,high,plain,triangle,high,stripes,pcimzwewtndyjm8hu2zke03i,19,False,True,25
1740525660802.0,0.0,2.0,,texture,3,circle,medium,plain,circle,high,plain,circle,high,stripes,pcimzwewtndyjm8hu2zke03i,19,False,True,25
,,,,texture,4,,,,,,,,,,pcimzwewtndyjm8hu2zke03i,19,False,True,25
1740525663009.0,0.0,2.0,,texture,5,circle,medium,plain,circle,high,plain,circle,high,dots,pcimzwewtndyjm8hu2zke03i,19,False,True,25
,,,,texture,6,,,,,,,,,,pcimzwewtndyjm8hu2zke03i,19,False,True,25
1740525666496.0,0.0,2.0,,color,7,circle,medium,plain,circle,high,plain,circle,high,plain,pcimzwewtndyjm8hu2zke03i,19,False,True,25
1740525668714.0,0.0,2.0,,color,8,circle,medium,plain,circle,high,plain,circle,medium,plain,pcimzwewtndyjm8hu2zke03i,19,False,True,25
1740525671585.0,0.0,2.0,,color,9,circle,medium,plain,circle,high,plain,circle,high,plain,pcimzwewtndyjm8hu2zke03i,19,False,True,25
1740525676004.0,0.0,2.0,,color,10,circle,medium,plain,circle,high,plain,circle,medium,plain,pcimzwewtndyjm8hu2zke03i,19,False,True,25
1740525678349.0,0.0,2.0,,color,11,circle,medium,plain,circle,high,plain,circle,medium,plain,pcimzwewtndyjm8hu2zke03i,19,False,True,25
1740525680316.0,0.0,2.0,,color,12,circle,medium,plain,circle,high,plain,circle,medium,plain,pcimzwewtndyjm8hu2zke03i,19,False,True,25
1740525682329.0,0.0,2.0,,color,13,circle,medium,plain,circle,high,plain,circle,medium,plain,pcimzwewtndyjm8hu2zke03i,19,False,True,25
1740525684204.0,0.0,2.0,,color,14,circle,medium,plain,circle,high,plain,circle,high,plain,pcimzwewtndyjm8hu2zke03i,19,False,True,25
1740525686134.0,0.0,2.0,,color,15,circle,medium,plain,circle,high,plain,circle,medium,plain,pcimzwewtndyjm8hu2zke03i,19,False,True,25
1740525688052.0,0.0,2.0,,color,16,circle,medium,plain,circle,high,plain,circle,medium,plain,pcimzwewtndyjm8hu2zke03i,19,False,True,25
1740525689991.0,0.0,2.0,,color,17,circle,medium,plain,circle,high,plain,circle,medium,plain,pcimzwewtndyjm8hu2zke03i,19,False,True,25
1740525691951.0,0.0,2.0,,color,18,circle,medium,plain,circle,high,plain,circle,medium,plain,pcimzwewtndyjm8hu2zke03i,19,False,True,25
1740525694296.0,0.0,2.0,,color,19,circle,medium,plain,circle,high,plain,circle,medium,plain,pcimzwewtndyjm8hu2zke03i,19,False,True,25
1740525696362.0,0.0,2.0,,color,20,circle,medium,plain,circle,high,plain,circle,medium,plain,pcimzwewtndyjm8hu2zke03i,19,False,True,25
1740525698153.0,0.0,2.0,,color,21,circle,medium,plain,circle,high,plain,circle,medium,plain,pcimzwewtndyjm8hu2zke03i,19,False,True,25
1740525700093.0,0.0,2.0,,color,22,circle,medium,plain,circle,high,plain,circle,medium,plain,pcimzwewtndyjm8hu2zke03i,19,False,True,25
1740525702045.0,0.0,2.0,,color,23,circle,medium,plain,circle,high,plain,circle,medium,plain,pcimzwewtndyjm8hu2zke03i,19,False,True,25
1740525704176.0,0.0,2.0,,color,24,circle,medium,plain,circle,high,plain,circle,medium,plain,pcimzwewtndyjm8hu2zke03i,19,False,True,25
1740525706156.0,0.0,2.0,,color,25,circle,medium,plain,circle,high,plain,circle,medium,plain,pcimzwewtndyjm8hu2zke03i,19,False,True,25
1740525726238.0,2.0,0.0,,color,1,circle,low,stripes,triangle,low,plain,square,high,stripes,pcimzwewtndyjm8hu2zke03i,20,False,True,14
1740525730537.0,2.0,0.0,,color,2,circle,medium,stripes,triangle,low,plain,square,high,stripes,pcimzwewtndyjm8hu2zke03i,20,False,True,14
1740525736600.0,0.0,2.0,,color,3,circle,high,stripes,triangle,low,plain,square,high,stripes,pcimzwewtndyjm8hu2zke03i,20,False,True,14
1740525740829.0,2.0,1.0,,color,4,circle,high,stripes,triangle,low,plain,square,medium,stripes,pcimzwewtndyjm8hu2zke03i,20,False,True,14
1740525746898.0,2.0,1.0,,shape,5,circle,high,stripes,triangle,medium,plain,square,medium,stripes,pcimzwewtndyjm8hu2zke03i,20,False,True,14
1740525749076.0,0.0,2.0,,shape,6,circle,high,stripes,square,medium,plain,square,medium,stripes,pcimzwewtndyjm8hu2zke03i,20,False,True,14
1740525752351.0,0.0,2.0,,texture,7,circle,high,stripes,square,medium,plain,circle,medium,stripes,pcimzwewtndyjm8hu2zke03i,20,False,True,14
,,,,texture,8,,,,,,,,,,pcimzwewtndyjm8hu2zke03i,20,False,True,14
1740525754613.0,2.0,0.0,,texture,9,circle,high,stripes,square,medium,plain,circle,medium,dots,pcimzwewtndyjm8hu2zke03i,20,False,True,14
,,,,texture,10,,,,,,,,,,pcimzwewtndyjm8hu2zke03i,20,False,True,14
1740525757294.0,0.0,1.0,,texture,11,circle,high,dots,square,medium,plain,circle,medium,dots,pcimzwewtndyjm8hu2zke03i,20,False,True,14
,,,,texture,12,,,,,,,,,,pcimzwewtndyjm8hu2zke03i,20,False,True,14
1740525759660.0,0.0,1.0,,texture,13,circle,high,dots,square,medium,stripes,circle,medium,dots,pcimzwewtndyjm8hu2zke03i,20,False,True,14
,,,,texture,14,,,,,,,,,,pcimzwewtndyjm8hu2zke03i,20,False,True,14
1740525775013.0,2.0,0.0,,shape,1,square,medium,stripes,triangle,low,dots,square,high,stripes,pcimzwewtndyjm8hu2zke03i,21,True,False,7
1740525778507.0,2.0,0.0,,shape,2,circle,medium,stripes,triangle,low,dots,square,high,stripes,pcimzwewtndyjm8hu2zke03i,21,True,False,7
1740525781498.0,0.0,2.0,,shape,3,square,medium,stripes,triangle,low,dots,square,high,stripes,pcimzwewtndyjm8hu2zke03i,21,True,False,7
1740525783850.0,0.0,2.0,,shape,4,square,medium,stripes,triangle,low,dots,square,high,stripes,pcimzwewtndyjm8hu2zke03i,21,True,False,7
1740525785935.0,0.0,2.0,,shape,5,square,medium,stripes,triangle,low,dots,square,high,stripes,pcimzwewtndyjm8hu2zke03i,21,True,False,7
1740525787881.0,0.0,2.0,,shape,6,square,medium,stripes,triangle,low,dots,square,high,stripes,pcimzwewtndyjm8hu2zke03i,21,True,False,7
1740525789960.0,0.0,2.0,,shape,7,square,medium,stripes,triangle,low,dots,square,high,stripes,pcimzwewtndyjm8hu2zke03i,21,True,False,7
1740525803635.0,1.0,0.0,,shape,1,circle,medium,dots,triangle,high,dots,circle,low,dots,pcimzwewtndyjm8hu2zke03i,22,False,True,10
1740525810752.0,0.0,1.0,,shape,2,square,medium,dots,triangle,high,dots,circle,low,dots,pcimzwewtndyjm8hu2zke03i,22,False,True,10
1740525813803.0,1.0,0.0,,shape,3,square,medium,dots,square,high,dots,circle,low,dots,pcimzwewtndyjm8hu2zke03i,22,False,True,10
1740525815967.0,1.0,0.0,,shape,4,square,medium,dots,square,high,dots,circle,low,dots,pcimzwewtndyjm8hu2zke03i,22,False,True,10
1740525820150.0,1.0,0.0,,texture,5,triangle,medium,dots,square,high,dots,circle,low,dots,pcimzwewtndyjm8hu2zke03i,22,False,True,10
,,,,texture,6,,,,,,,,,,pcimzwewtndyjm8hu2zke03i,22,False,True,10
1740525822391.0,1.0,0.0,,texture,7,triangle,medium,plain,square,high,dots,circle,low,dots,pcimzwewtndyjm8hu2zke03i,22,False,True,10
,,,,texture,8,,,,,,,,,,pcimzwewtndyjm8hu2zke03i,22,False,True,10
1740525827111.0,1.0,0.0,,color,9,triangle,medium,stripes,square,high,dots,circle,low,dots,pcimzwewtndyjm8hu2zke03i,22,False,True,10
1740525829196.0,1.0,2.0,,color,10,triangle,high,stripes,square,high,dots,circle,low,dots,pcimzwewtndyjm8hu2zke03i,22,False,True,10
1740525843389.0,0.0,2.0,,shape,1,square,low,dots,square,medium,plain,square,low,plain,pcimzwewtndyjm8hu2zke03i,23,False,True,13
1740525846140.0,0.0,2.0,,shape,2,square,low,dots,square,medium,plain,circle,low,plain,pcimzwewtndyjm8hu2zke03i,23,False,True,13
1740525848234.0,0.0,2.0,,shape,3,square,low,dots,square,medium,plain,triangle,low,plain,pcimzwewtndyjm8hu2zke03i,23,False,True,13
1740525855178.0,1.0,2.0,,color,4,square,low,dots,square,medium,plain,square,low,plain,pcimzwewtndyjm8hu2zke03i,23,False,True,13
1740525859028.0,2.0,1.0,,color,5,square,low,dots,square,medium,plain,square,medium,plain,pcimzwewtndyjm8hu2zke03i,23,False,True,13
1740525861212.0,2.0,1.0,,color,6,square,low,dots,square,medium,plain,square,medium,plain,pcimzwewtndyjm8hu2zke03i,23,False,True,13
1740525863445.0,2.0,0.0,,color,7,square,low,dots,square,medium,plain,square,medium,plain,pcimzwewtndyjm8hu2zke03i,23,False,True,13
1740525865531.0,2.0,1.0,,color,8,square,medium,dots,square,medium,plain,square,medium,plain,pcimzwewtndyjm8hu2zke03i,23,False,True,13
1740525867939.0,1.0,2.0,,color,9,square,medium,dots,square,high,plain,square,medium,plain,pcimzwewtndyjm8hu2zke03i,23,False,True,13
1740525871216.0,1.0,2.0,,texture,10,square,medium,dots,square,high,plain,square,high,plain,pcimzwewtndyjm8hu2zke03i,23,False,True,13
,,,,texture,11,,,,,,,,,,pcimzwewtndyjm8hu2zke03i,23,False,True,13
1740525873381.0,1.0,2.0,,texture,12,square,medium,dots,square,high,plain,square,high,stripes,pcimzwewtndyjm8hu2zke03i,23,False,True,13
,,,,texture,13,,,,,,,,,,pcimzwewtndyjm8hu2zke03i,23,False,True,13
1740525892808.0,1.0,0.0,,texture,1,triangle,medium,plain,square,medium,plain,square,low,stripes,pcimzwewtndyjm8hu2zke03i,24,True,False,11
,,,,texture,2,,,,,,,,,,pcimzwewtndyjm8hu2zke03i,24,True,False,11
1740525895504.0,1.0,0.0,,shape,3,triangle,medium,stripes,square,medium,plain,square,low,stripes,pcimzwewtndyjm8hu2zke03i,24,True,False,11
1740525898458.0,1.0,2.0,,shape,4,square,medium,stripes,square,medium,plain,square,low,stripes,pcimzwewtndyjm8hu2zke03i,24,True,False,11
1740525900363.0,1.0,2.0,,shape,5,square,medium,stripes,square,medium,plain,square,low,stripes,pcimzwewtndyjm8hu2zke03i,24,True,False,11
1740525902443.0,1.0,2.0,,shape,6,square,medium,stripes,square,medium,plain,triangle,low,stripes,pcimzwewtndyjm8hu2zke03i,24,True,False,11
1740525904270.0,1.0,2.0,,shape,7,square,medium,stripes,square,medium,plain,square,low,stripes,pcimzwewtndyjm8hu2zke03i,24,True,False,11
1740525906125.0,1.0,2.0,,shape,8,square,medium,stripes,square,medium,plain,triangle,low,stripes,pcimzwewtndyjm8hu2zke03i,24,True,False,11
1740525907883.0,1.0,2.0,,shape,9,square,medium,stripes,square,medium,plain,square,low,stripes,pcimzwewtndyjm8hu2zke03i,24,True,False,11
1740525909836.0,1.0,2.0,,shape,10,square,medium,stripes,square,medium,plain,square,low,stripes,pcimzwewtndyjm8hu2zke03i,24,True,False,11
1740525911783.0,1.0,2.0,,shape,11,square,medium,stripes,square,medium,plain,square,low,stripes,pcimzwewtndyjm8hu2zke03i,24,True,False,11
1740525927204.0,2.0,0.0,,shape,1,circle,medium,dots,square,medium,stripes,triangle,high,dots,pcimzwewtndyjm8hu2zke03i,25,False,True,12
1740525929277.0,1.0,2.0,,shape,2,triangle,medium,dots,square,medium,stripes,triangle,high,dots,pcimzwewtndyjm8hu2zke03i,25,False,True,12
1740525931658.0,2.0,1.0,,shape,3,triangle,medium,dots,square,medium,stripes,square,high,dots,pcimzwewtndyjm8hu2zke03i,25,False,True,12
1740525933710.0,2.0,1.0,,shape,4,triangle,medium,dots,square,medium,stripes,square,high,dots,pcimzwewtndyjm8hu2zke03i,25,False,True,12
1740525935635.0,2.0,1.0,,shape,5,triangle,medium,dots,square,medium,stripes,square,high,dots,pcimzwewtndyjm8hu2zke03i,25,False,True,12
1740525940618.0,0.0,2.0,,color,6,triangle,medium,dots,circle,medium,stripes,square,high,dots,pcimzwewtndyjm8hu2zke03i,25,False,True,12
1740525945364.0,1.0,2.0,,texture,7,triangle,medium,dots,circle,medium,stripes,square,medium,dots,pcimzwewtndyjm8hu2zke03i,25,False,True,12
,,,,texture,8,,,,,,,,,,pcimzwewtndyjm8hu2zke03i,25,False,True,12
1740525947380.0,2.0,1.0,,texture,9,triangle,medium,dots,circle,medium,stripes,square,medium,plain,pcimzwewtndyjm8hu2zke03i,25,False,True,12
,,,,texture,10,,,,,,,,,,pcimzwewtndyjm8hu2zke03i,25,False,True,12
1740525949389.0,2.0,0.0,,texture,11,triangle,medium,dots,circle,medium,dots,square,medium,plain,pcimzwewtndyjm8hu2zke03i,25,False,True,12
,,,,texture,12,,,,,,,,,,pcimzwewtndyjm8hu2zke03i,25,False,True,12
1740519529761.0,2.0,0.0,,shape,1,square,low,plain,square,medium,plain,triangle,low,plain,laab880qddmiqlt375cgzl0s,1,False,True,22
1740519531533.0,2.0,0.0,,shape,2,square,low,plain,square,medium,plain,triangle,low,plain,laab880qddmiqlt375cgzl0s,1,False,True,22
1740519533658.0,1.0,2.0,,shape,3,triangle,low,plain,square,medium,plain,triangle,low,plain,laab880qddmiqlt375cgzl0s,1,False,True,22
1740519536150.0,2.0,1.0,,shape,4,triangle,low,plain,square,medium,plain,square,low,plain,laab880qddmiqlt375cgzl0s,1,False,True,22
1740519537876.0,2.0,1.0,,shape,5,triangle,low,plain,square,medium,plain,square,low,plain,laab880qddmiqlt375cgzl0s,1,False,True,22
1740519539868.0,2.0,1.0,,shape,6,triangle,low,plain,square,medium,plain,square,low,plain,laab880qddmiqlt375cgzl0s,1,False,True,22
1740519541519.0,2.0,1.0,,shape,7,triangle,low,plain,square,medium,plain,square,low,plain,laab880qddmiqlt375cgzl0s,1,False,True,22
1740519543244.0,2.0,1.0,,shape,8,triangle,low,plain,square,medium,plain,square,low,plain,laab880qddmiqlt375cgzl0s,1,False,True,22
1740519544902.0,2.0,1.0,,shape,9,triangle,low,plain,triangle,medium,plain,square,low,plain,laab880qddmiqlt375cgzl0s,1,False,True,22
1740519546583.0,2.0,1.0,,shape,10,triangle,low,plain,square,medium,plain,square,low,plain,laab880qddmiqlt375cgzl0s,1,False,True,22
1740519548395.0,2.0,1.0,,shape,11,triangle,low,plain,triangle,medium,plain,square,low,plain,laab880qddmiqlt375cgzl0s,1,False,True,22
1740519550102.0,2.0,1.0,,shape,12,triangle,low,plain,square,medium,plain,square,low,plain,laab880qddmiqlt375cgzl0s,1,False,True,22
1740519551741.0,2.0,1.0,,shape,13,triangle,low,plain,triangle,medium,plain,square,low,plain,laab880qddmiqlt375cgzl0s,1,False,True,22
1740519553286.0,2.0,1.0,,shape,14,triangle,low,plain,square,medium,plain,square,low,plain,laab880qddmiqlt375cgzl0s,1,False,True,22
1740519555070.0,2.0,1.0,,shape,15,triangle,low,plain,square,medium,plain,square,low,plain,laab880qddmiqlt375cgzl0s,1,False,True,22
1740519556719.0,2.0,1.0,,shape,16,triangle,low,plain,square,medium,plain,square,low,plain,laab880qddmiqlt375cgzl0s,1,False,True,22
1740519558300.0,2.0,1.0,,shape,17,triangle,low,plain,triangle,medium,plain,square,low,plain,laab880qddmiqlt375cgzl0s,1,False,True,22
1740519560035.0,2.0,1.0,,shape,18,triangle,low,plain,square,medium,plain,square,low,plain,laab880qddmiqlt375cgzl0s,1,False,True,22
1740519561611.0,2.0,1.0,,shape,19,triangle,low,plain,triangle,medium,plain,square,low,plain,laab880qddmiqlt375cgzl0s,1,False,True,22
1740519563174.0,2.0,1.0,,shape,20,triangle,low,plain,square,medium,plain,square,low,plain,laab880qddmiqlt375cgzl0s,1,False,True,22
1740519566327.0,1.0,0.0,,color,21,triangle,low,plain,circle,medium,plain,square,low,plain,laab880qddmiqlt375cgzl0s,1,False,True,22
1740519567993.0,1.0,2.0,,color,22,triangle,medium,plain,circle,medium,plain,square,low,plain,laab880qddmiqlt375cgzl0s,1,False,True,22
1740519587795.0,0.0,1.0,,shape,1,square,high,dots,square,medium,stripes,circle,low,plain,laab880qddmiqlt375cgzl0s,2,False,True,17
1740519589559.0,0.0,1.0,,shape,2,square,high,dots,square,medium,stripes,circle,low,plain,laab880qddmiqlt375cgzl0s,2,False,True,17
1740519591293.0,0.0,1.0,,shape,3,square,high,dots,square,medium,stripes,circle,low,plain,laab880qddmiqlt375cgzl0s,2,False,True,17
1740519593204.0,0.0,1.0,,shape,4,square,high,dots,square,medium,stripes,circle,low,plain,laab880qddmiqlt375cgzl0s,2,False,True,17
1740519594919.0,0.0,1.0,,shape,5,square,high,dots,square,medium,stripes,circle,low,plain,laab880qddmiqlt375cgzl0s,2,False,True,17
1740519596552.0,0.0,1.0,,shape,6,square,high,dots,square,medium,stripes,circle,low,plain,laab880qddmiqlt375cgzl0s,2,False,True,17
1740519599009.0,1.0,0.0,,shape,7,square,high,dots,triangle,medium,stripes,circle,low,plain,laab880qddmiqlt375cgzl0s,2,False,True,17
1740519600985.0,1.0,2.0,,shape,8,triangle,high,dots,triangle,medium,stripes,circle,low,plain,laab880qddmiqlt375cgzl0s,2,False,True,17
1740519603294.0,1.0,2.0,,texture,9,triangle,high,dots,triangle,medium,stripes,triangle,low,plain,laab880qddmiqlt375cgzl0s,2,False,True,17
,,,,texture,10,,,,,,,,,,laab880qddmiqlt375cgzl0s,2,False,True,17
1740519607853.0,2.0,1.0,,texture,11,triangle,high,dots,triangle,medium,stripes,triangle,low,stripes,laab880qddmiqlt375cgzl0s,2,False,True,17
,,,,texture,12,,,,,,,,,,laab880qddmiqlt375cgzl0s,2,False,True,17
1740519609536.0,2.0,1.0,,texture,13,triangle,high,dots,triangle,medium,dots,triangle,low,stripes,laab880qddmiqlt375cgzl0s,2,False,True,17
,,,,texture,14,,,,,,,,,,laab880qddmiqlt375cgzl0s,2,False,True,17
1740519614919.0,2.0,0.0,,color,15,triangle,high,dots,triangle,medium,plain,triangle,low,stripes,laab880qddmiqlt375cgzl0s,2,False,True,17
1740519616718.0,2.0,0.0,,color,16,triangle,medium,dots,triangle,medium,plain,triangle,low,stripes,laab880qddmiqlt375cgzl0s,2,False,True,17
1740519618433.0,2.0,1.0,,color,17,triangle,low,dots,triangle,medium,plain,triangle,low,stripes,laab880qddmiqlt375cgzl0s,2,False,True,17
1740519644861.0,2.0,0.0,,shape,1,triangle,high,dots,triangle,medium,plain,circle,medium,plain,laab880qddmiqlt375cgzl0s,3,False,True,8
1740519648986.0,1.0,0.0,,color,2,circle,high,dots,triangle,medium,plain,circle,medium,plain,laab880qddmiqlt375cgzl0s,3,False,True,8
1740519652953.0,2.0,0.0,,texture,3,circle,medium,dots,triangle,medium,plain,circle,medium,plain,laab880qddmiqlt375cgzl0s,3,False,True,8
,,,,texture,4,,,,,,,,,,laab880qddmiqlt375cgzl0s,3,False,True,8
1740519655586.0,0.0,2.0,,texture,5,circle,medium,plain,triangle,medium,plain,circle,medium,plain,laab880qddmiqlt375cgzl0s,3,False,True,8
,,,,texture,6,,,,,,,,,,laab880qddmiqlt375cgzl0s,3,False,True,8
1740519657786.0,2.0,1.0,,texture,7,circle,medium,plain,triangle,medium,plain,circle,medium,stripes,laab880qddmiqlt375cgzl0s,3,False,True,8
,,,,texture,8,,,,,,,,,,laab880qddmiqlt375cgzl0s,3,False,True,8
1740519674182.0,0.0,1.0,,shape,1,triangle,high,stripes,square,medium,dots,triangle,low,plain,laab880qddmiqlt375cgzl0s,4,False,True,20
1740519678262.0,1.0,2.0,,shape,2,triangle,high,stripes,circle,medium,dots,triangle,low,plain,laab880qddmiqlt375cgzl0s,4,False,True,20
1740519681221.0,2.0,0.0,,shape,3,triangle,high,stripes,circle,medium,dots,circle,low,plain,laab880qddmiqlt375cgzl0s,4,False,True,20
1740519683905.0,0.0,1.0,,shape,4,circle,high,stripes,circle,medium,dots,circle,low,plain,laab880qddmiqlt375cgzl0s,4,False,True,20
1740519685439.0,0.0,1.0,,shape,5,circle,high,stripes,circle,medium,dots,circle,low,plain,laab880qddmiqlt375cgzl0s,4,False,True,20
1740519687037.0,0.0,1.0,,shape,6,circle,high,stripes,circle,medium,dots,circle,low,plain,laab880qddmiqlt375cgzl0s,4,False,True,20
1740519688557.0,0.0,1.0,,shape,7,circle,high,stripes,circle,medium,dots,circle,low,plain,laab880qddmiqlt375cgzl0s,4,False,True,20
1740519690279.0,0.0,1.0,,shape,8,circle,high,stripes,circle,medium,dots,circle,low,plain,laab880qddmiqlt375cgzl0s,4,False,True,20
1740519694628.0,1.0,2.0,,texture,9,circle,high,stripes,triangle,medium,dots,circle,low,plain,laab880qddmiqlt375cgzl0s,4,False,True,20
,,,,texture,10,,,,,,,,,,laab880qddmiqlt375cgzl0s,4,False,True,20
1740519696590.0,1.0,2.0,,texture,11,circle,high,stripes,triangle,medium,dots,circle,low,stripes,laab880qddmiqlt375cgzl0s,4,False,True,20
,,,,texture,12,,,,,,,,,,laab880qddmiqlt375cgzl0s,4,False,True,20
1740519700065.0,0.0,1.0,,texture,13,circle,high,stripes,triangle,medium,dots,circle,low,dots,laab880qddmiqlt375cgzl0s,4,False,True,20
,,,,texture,14,,,,,,,,,,laab880qddmiqlt375cgzl0s,4,False,True,20
1740519701798.0,1.0,0.0,,texture,15,circle,high,stripes,triangle,medium,plain,circle,low,dots,laab880qddmiqlt375cgzl0s,4,False,True,20
,,,,texture,16,,,,,,,,,,laab880qddmiqlt375cgzl0s,4,False,True,20
1740519703789.0,1.0,0.0,,texture,17,circle,high,dots,triangle,medium,plain,circle,low,dots,laab880qddmiqlt375cgzl0s,4,False,True,20
,,,,texture,18,,,,,,,,,,laab880qddmiqlt375cgzl0s,4,False,True,20
1740519706607.0,1.0,0.0,,color,19,circle,high,plain,triangle,medium,plain,circle,low,dots,laab880qddmiqlt375cgzl0s,4,False,True,20
1740519708332.0,1.0,2.0,,color,20,circle,medium,plain,triangle,medium,plain,circle,low,dots,laab880qddmiqlt375cgzl0s,4,False,True,20
1740519726598.0,1.0,0.0,,shape,1,circle,high,stripes,square,low,stripes,triangle,low,stripes,laab880qddmiqlt375cgzl0s,5,False,True,20
1740519728649.0,1.0,0.0,,shape,2,circle,high,stripes,square,low,stripes,triangle,low,stripes,laab880qddmiqlt375cgzl0s,5,False,True,20
1740519784325.0,0.0,1.0,,shape,3,square,high,stripes,square,low,stripes,triangle,low,stripes,laab880qddmiqlt375cgzl0s,5,False,True,20
1740519786370.0,0.0,1.0,,shape,4,square,high,stripes,square,low,stripes,triangle,low,stripes,laab880qddmiqlt375cgzl0s,5,False,True,20
1740519787870.0,0.0,1.0,,shape,5,square,high,stripes,square,low,stripes,triangle,low,stripes,laab880qddmiqlt375cgzl0s,5,False,True,20
1740519791210.0,0.0,1.0,,texture,6,square,high,stripes,circle,low,stripes,triangle,low,stripes,laab880qddmiqlt375cgzl0s,5,False,True,20
,,,,texture,7,,,,,,,,,,laab880qddmiqlt375cgzl0s,5,False,True,20
1740519792911.0,0.0,1.0,,texture,8,square,high,stripes,circle,low,dots,triangle,low,stripes,laab880qddmiqlt375cgzl0s,5,False,True,20
,,,,texture,9,,,,,,,,,,laab880qddmiqlt375cgzl0s,5,False,True,20
1740519794636.0,1.0,2.0,,texture,10,square,high,stripes,circle,low,plain,triangle,low,stripes,laab880qddmiqlt375cgzl0s,5,False,True,20
,,,,texture,11,,,,,,,,,,laab880qddmiqlt375cgzl0s,5,False,True,20
1740519796234.0,1.0,2.0,,texture,12,square,high,stripes,circle,low,plain,triangle,low,dots,laab880qddmiqlt375cgzl0s,5,False,True,20
,,,,texture,13,,,,,,,,,,laab880qddmiqlt375cgzl0s,5,False,True,20
1740519798673.0,2.0,0.0,,texture,14,square,high,stripes,circle,low,plain,triangle,low,plain,laab880qddmiqlt375cgzl0s,5,False,True,20
,,,,texture,15,,,,,,,,,,laab880qddmiqlt375cgzl0s,5,False,True,20
1740519801060.0,2.0,0.0,,texture,16,square,high,dots,circle,low,plain,triangle,low,plain,laab880qddmiqlt375cgzl0s,5,False,True,20
,,,,texture,17,,,,,,,,,,laab880qddmiqlt375cgzl0s,5,False,True,20
1740519803119.0,0.0,1.0,,color,18,square,high,plain,circle,low,plain,triangle,low,plain,laab880qddmiqlt375cgzl0s,5,False,True,20
1740519804833.0,0.0,2.0,,color,19,square,high,plain,circle,medium,plain,triangle,low,plain,laab880qddmiqlt375cgzl0s,5,False,True,20
1740519806478.0,2.0,0.0,,color,20,square,high,plain,circle,medium,plain,triangle,medium,plain,laab880qddmiqlt375cgzl0s,5,False,True,20
1740519831266.0,1.0,0.0,,color,1,triangle,medium,plain,triangle,low,dots,circle,medium,dots,laab880qddmiqlt375cgzl0s,6,False,True,15
1740519857311.0,2.0,1.0,,shape,2,triangle,low,plain,triangle,low,dots,circle,medium,dots,laab880qddmiqlt375cgzl0s,6,False,True,15
1740519859061.0,2.0,0.0,,shape,3,triangle,low,plain,circle,low,dots,circle,medium,dots,laab880qddmiqlt375cgzl0s,6,False,True,15
1740519864624.0,0.0,2.0,,shape,4,circle,low,plain,circle,low,dots,circle,medium,dots,laab880qddmiqlt375cgzl0s,6,False,True,15
1740519866503.0,0.0,2.0,,shape,5,circle,low,plain,circle,low,dots,circle,medium,dots,laab880qddmiqlt375cgzl0s,6,False,True,15
1740519868424.0,0.0,2.0,,shape,6,circle,low,plain,circle,low,dots,circle,medium,dots,laab880qddmiqlt375cgzl0s,6,False,True,15
1740519871396.0,0.0,2.0,,shape,7,circle,low,plain,circle,low,dots,triangle,medium,dots,laab880qddmiqlt375cgzl0s,6,False,True,15
1740519873024.0,0.0,2.0,,shape,8,circle,low,plain,circle,low,dots,circle,medium,dots,laab880qddmiqlt375cgzl0s,6,False,True,15
1740519875108.0,0.0,2.0,,shape,9,circle,low,plain,circle,low,dots,triangle,medium,dots,laab880qddmiqlt375cgzl0s,6,False,True,15
1740519881715.0,2.0,0.0,,texture,10,circle,low,plain,circle,low,dots,square,medium,dots,laab880qddmiqlt375cgzl0s,6,False,True,15
,,,,texture,11,,,,,,,,,,laab880qddmiqlt375cgzl0s,6,False,True,15
1740519883656.0,2.0,0.0,,texture,12,circle,low,stripes,circle,low,dots,square,medium,dots,laab880qddmiqlt375cgzl0s,6,False,True,15
,,,,texture,13,,,,,,,,,,laab880qddmiqlt375cgzl0s,6,False,True,15
1740519885473.0,0.0,2.0,,texture,14,circle,low,dots,circle,low,dots,square,medium,dots,laab880qddmiqlt375cgzl0s,6,False,True,15
,,,,texture,15,,,,,,,,,,laab880qddmiqlt375cgzl0s,6,False,True,15
1740519905379.0,0.0,1.0,,color,1,triangle,medium,stripes,circle,high,plain,square,high,plain,laab880qddmiqlt375cgzl0s,7,False,True,8
1740519908315.0,2.0,0.0,,color,2,triangle,medium,stripes,circle,medium,plain,square,high,plain,laab880qddmiqlt375cgzl0s,7,False,True,8
1740519912140.0,2.0,0.0,,texture,3,triangle,high,stripes,circle,medium,plain,square,high,plain,laab880qddmiqlt375cgzl0s,7,False,True,8
,,,,texture,4,,,,,,,,,,laab880qddmiqlt375cgzl0s,7,False,True,8
1740519914308.0,2.0,0.0,,texture,5,triangle,high,dots,circle,medium,plain,square,high,plain,laab880qddmiqlt375cgzl0s,7,False,True,8
,,,,texture,6,,,,,,,,,,laab880qddmiqlt375cgzl0s,7,False,True,8
1740519919740.0,2.0,1.0,,shape,7,triangle,high,plain,circle,medium,plain,square,high,plain,laab880qddmiqlt375cgzl0s,7,False,True,8
1740519922370.0,0.0,2.0,,shape,8,triangle,high,plain,square,medium,plain,square,high,plain,laab880qddmiqlt375cgzl0s,7,False,True,8
1740519951901.0,0.0,1.0,,color,1,triangle,low,plain,triangle,high,plain,square,high,stripes,laab880qddmiqlt375cgzl0s,8,False,True,20
1740519953794.0,0.0,1.0,,color,2,triangle,low,plain,triangle,medium,plain,square,high,stripes,laab880qddmiqlt375cgzl0s,8,False,True,20
1740519956311.0,0.0,2.0,,color,3,triangle,low,plain,triangle,low,plain,square,high,stripes,laab880qddmiqlt375cgzl0s,8,False,True,20
1740519965390.0,2.0,0.0,,shape,4,triangle,low,plain,triangle,low,plain,square,medium,stripes,laab880qddmiqlt375cgzl0s,8,False,True,20
1740519967096.0,2.0,1.0,,shape,5,square,low,plain,triangle,low,plain,square,medium,stripes,laab880qddmiqlt375cgzl0s,8,False,True,20
1740519969702.0,1.0,2.0,,shape,6,square,low,plain,square,low,plain,square,medium,stripes,laab880qddmiqlt375cgzl0s,8,False,True,20
1740519971276.0,1.0,2.0,,shape,7,square,low,plain,square,low,plain,square,medium,stripes,laab880qddmiqlt375cgzl0s,8,False,True,20
1740519973102.0,1.0,2.0,,shape,8,square,low,plain,square,low,plain,square,medium,stripes,laab880qddmiqlt375cgzl0s,8,False,True,20
1740519974743.0,1.0,2.0,,shape,9,square,low,plain,square,low,plain,triangle,medium,stripes,laab880qddmiqlt375cgzl0s,8,False,True,20
1740519976810.0,1.0,2.0,,shape,10,square,low,plain,square,low,plain,triangle,medium,stripes,laab880qddmiqlt375cgzl0s,8,False,True,20
1740519995253.0,2.0,0.0,,texture,11,square,low,plain,square,low,plain,circle,medium,stripes,laab880qddmiqlt375cgzl0s,8,False,True,20
,,,,texture,12,,,,,,,,,,laab880qddmiqlt375cgzl0s,8,False,True,20
1740519997228.0,2.0,1.0,,texture,13,square,low,stripes,square,low,plain,circle,medium,stripes,laab880qddmiqlt375cgzl0s,8,False,True,20
,,,,texture,14,,,,,,,,,,laab880qddmiqlt375cgzl0s,8,False,True,20
1740519999028.0,2.0,1.0,,texture,15,square,low,stripes,square,low,stripes,circle,medium,stripes,laab880qddmiqlt375cgzl0s,8,False,True,20
,,,,texture,16,,,,,,,,,,laab880qddmiqlt375cgzl0s,8,False,True,20
1740520002079.0,0.0,2.0,,texture,17,square,low,stripes,square,low,dots,circle,medium,stripes,laab880qddmiqlt375cgzl0s,8,False,True,20
,,,,texture,18,,,,,,,,,,laab880qddmiqlt375cgzl0s,8,False,True,20
1740520003811.0,0.0,2.0,,texture,19,square,low,stripes,square,low,dots,circle,medium,dots,laab880qddmiqlt375cgzl0s,8,False,True,20
,,,,texture,20,,,,,,,,,,laab880qddmiqlt375cgzl0s,8,False,True,20
1740520032019.0,0.0,2.0,,shape,1,triangle,high,stripes,square,medium,stripes,square,high,plain,laab880qddmiqlt375cgzl0s,9,False,True,12
1740520034291.0,2.0,0.0,,shape,2,triangle,high,stripes,square,medium,stripes,triangle,high,plain,laab880qddmiqlt375cgzl0s,9,False,True,12
1740520036116.0,2.0,0.0,,shape,3,triangle,high,stripes,square,medium,stripes,triangle,high,plain,laab880qddmiqlt375cgzl0s,9,False,True,12
1740520037783.0,2.0,0.0,,shape,4,triangle,high,stripes,square,medium,stripes,triangle,high,plain,laab880qddmiqlt375cgzl0s,9,False,True,12
1740520039744.0,0.0,1.0,,shape,5,circle,high,stripes,square,medium,stripes,triangle,high,plain,laab880qddmiqlt375cgzl0s,9,False,True,12
1740520048591.0,1.0,2.0,,color,6,circle,high,stripes,triangle,medium,stripes,triangle,high,plain,laab880qddmiqlt375cgzl0s,9,False,True,12
1740520050401.0,0.0,1.0,,color,7,circle,high,stripes,triangle,medium,stripes,triangle,medium,plain,laab880qddmiqlt375cgzl0s,9,False,True,12
1740520053525.0,1.0,0.0,,texture,8,circle,high,stripes,triangle,high,stripes,triangle,medium,plain,laab880qddmiqlt375cgzl0s,9,False,True,12
,,,,texture,9,,,,,,,,,,laab880qddmiqlt375cgzl0s,9,False,True,12
1740520055029.0,1.0,2.0,,texture,10,circle,high,dots,triangle,high,stripes,triangle,medium,plain,laab880qddmiqlt375cgzl0s,9,False,True,12
,,,,texture,11,,,,,,,,,,laab880qddmiqlt375cgzl0s,9,False,True,12
1740520060465.0,0.0,1.0,,shape,12,circle,high,dots,triangle,high,stripes,triangle,medium,stripes,laab880qddmiqlt375cgzl0s,9,False,True,12
1740520076028.0,0.0,2.0,,shape,1,circle,low,plain,circle,high,dots,circle,low,dots,laab880qddmiqlt375cgzl0s,10,False,True,20
1740520077837.0,0.0,2.0,,shape,2,circle,low,plain,circle,high,dots,circle,low,dots,laab880qddmiqlt375cgzl0s,10,False,True,20
1740520080032.0,2.0,1.0,,shape,3,circle,low,plain,circle,high,dots,triangle,low,dots,laab880qddmiqlt375cgzl0s,10,False,True,20
1740520082832.0,2.0,0.0,,shape,4,circle,low,plain,triangle,high,dots,triangle,low,dots,laab880qddmiqlt375cgzl0s,10,False,True,20
1740520084615.0,2.0,0.0,,shape,5,triangle,low,plain,triangle,high,dots,triangle,low,dots,laab880qddmiqlt375cgzl0s,10,False,True,20
1740520086323.0,0.0,2.0,,shape,6,triangle,low,plain,triangle,high,dots,triangle,low,dots,laab880qddmiqlt375cgzl0s,10,False,True,20
1740520087962.0,2.0,0.0,,shape,7,triangle,low,plain,triangle,high,dots,triangle,low,dots,laab880qddmiqlt375cgzl0s,10,False,True,20
1740520089689.0,0.0,2.0,,shape,8,square,low,plain,triangle,high,dots,triangle,low,dots,laab880qddmiqlt375cgzl0s,10,False,True,20
1740520091295.0,0.0,2.0,,shape,9,square,low,plain,triangle,high,dots,triangle,low,dots,laab880qddmiqlt375cgzl0s,10,False,True,20
1740520098788.0,1.0,2.0,,color,10,square,low,plain,triangle,high,dots,square,low,dots,laab880qddmiqlt375cgzl0s,10,False,True,20
1740520100696.0,1.0,2.0,,color,11,square,low,plain,triangle,high,dots,square,medium,dots,laab880qddmiqlt375cgzl0s,10,False,True,20
1740520102680.0,0.0,1.0,,color,12,square,low,plain,triangle,high,dots,square,high,dots,laab880qddmiqlt375cgzl0s,10,False,True,20
1740520125503.0,0.0,1.0,,texture,13,square,low,plain,triangle,medium,dots,square,high,dots,laab880qddmiqlt375cgzl0s,10,False,True,20
,,,,texture,14,,,,,,,,,,laab880qddmiqlt375cgzl0s,10,False,True,20
1740520128133.0,0.0,2.0,,texture,15,square,low,plain,triangle,medium,plain,square,high,dots,laab880qddmiqlt375cgzl0s,10,False,True,20
,,,,texture,16,,,,,,,,,,laab880qddmiqlt375cgzl0s,10,False,True,20
1740520129918.0,2.0,0.0,,texture,17,square,low,plain,triangle,medium,plain,square,high,plain,laab880qddmiqlt375cgzl0s,10,False,True,20
,,,,texture,18,,,,,,,,,,laab880qddmiqlt375cgzl0s,10,False,True,20
1740520131471.0,2.0,0.0,,texture,19,square,low,stripes,triangle,medium,plain,square,high,plain,laab880qddmiqlt375cgzl0s,10,False,True,20
,,,,texture,20,,,,,,,,,,laab880qddmiqlt375cgzl0s,10,False,True,20
1740520160278.0,2.0,0.0,,shape,1,circle,medium,plain,circle,high,dots,square,medium,dots,laab880qddmiqlt375cgzl0s,11,False,True,15
1740520161890.0,2.0,0.0,,shape,2,triangle,medium,plain,circle,high,dots,square,medium,dots,laab880qddmiqlt375cgzl0s,11,False,True,15
1740520172861.0,1.0,0.0,,color,3,square,medium,plain,circle,high,dots,square,medium,dots,laab880qddmiqlt375cgzl0s,11,False,True,15
1740520175569.0,0.0,1.0,,color,4,square,high,plain,circle,high,dots,square,medium,dots,laab880qddmiqlt375cgzl0s,11,False,True,15
1740520177466.0,0.0,1.0,,color,5,square,high,plain,circle,medium,dots,square,medium,dots,laab880qddmiqlt375cgzl0s,11,False,True,15
1740520179086.0,0.0,1.0,,color,6,square,high,plain,circle,high,dots,square,medium,dots,laab880qddmiqlt375cgzl0s,11,False,True,15
1740520180897.0,2.0,1.0,,color,7,square,high,plain,circle,medium,dots,square,medium,dots,laab880qddmiqlt375cgzl0s,11,False,True,15
1740520185370.0,0.0,2.0,,texture,8,square,high,plain,circle,low,dots,square,medium,dots,laab880qddmiqlt375cgzl0s,11,False,True,15
,,,,texture,9,,,,,,,,,,laab880qddmiqlt375cgzl0s,11,False,True,15
1740520187054.0,0.0,2.0,,texture,10,square,high,plain,circle,low,dots,square,medium,plain,laab880qddmiqlt375cgzl0s,11,False,True,15
,,,,texture,11,,,,,,,,,,laab880qddmiqlt375cgzl0s,11,False,True,15
1740520188981.0,0.0,1.0,,texture,12,square,high,plain,circle,low,dots,square,medium,stripes,laab880qddmiqlt375cgzl0s,11,False,True,15
,,,,texture,13,,,,,,,,,,laab880qddmiqlt375cgzl0s,11,False,True,15
1740520190871.0,1.0,0.0,,texture,14,square,high,plain,circle,low,plain,square,medium,stripes,laab880qddmiqlt375cgzl0s,11,False,True,15
,,,,texture,15,,,,,,,,,,laab880qddmiqlt375cgzl0s,11,False,True,15
1740520216819.0,2.0,0.0,,color,1,square,low,stripes,triangle,low,plain,square,high,stripes,laab880qddmiqlt375cgzl0s,12,False,True,12
1740520218395.0,2.0,0.0,,color,2,square,medium,stripes,triangle,low,plain,square,high,stripes,laab880qddmiqlt375cgzl0s,12,False,True,12
1740520220691.0,1.0,2.0,,color,3,square,high,stripes,triangle,low,plain,square,high,stripes,laab880qddmiqlt375cgzl0s,12,False,True,12
1740520223408.0,1.0,2.0,,texture,4,square,high,stripes,triangle,low,plain,square,medium,stripes,laab880qddmiqlt375cgzl0s,12,False,True,12
,,,,texture,5,,,,,,,,,,laab880qddmiqlt375cgzl0s,12,False,True,12
1740520228910.0,0.0,1.0,,shape,6,square,high,stripes,triangle,low,plain,square,medium,dots,laab880qddmiqlt375cgzl0s,12,False,True,12
1740520230544.0,0.0,1.0,,shape,7,square,high,stripes,triangle,low,plain,square,medium,dots,laab880qddmiqlt375cgzl0s,12,False,True,12
1740520232286.0,0.0,2.0,,shape,8,square,high,stripes,square,low,plain,square,medium,dots,laab880qddmiqlt375cgzl0s,12,False,True,12
1740520233875.0,0.0,2.0,,shape,9,square,high,stripes,square,low,plain,square,medium,dots,laab880qddmiqlt375cgzl0s,12,False,True,12
1740520235528.0,0.0,2.0,,shape,10,square,high,stripes,square,low,plain,square,medium,dots,laab880qddmiqlt375cgzl0s,12,False,True,12
1740520237153.0,0.0,2.0,,shape,11,square,high,stripes,square,low,plain,triangle,medium,dots,laab880qddmiqlt375cgzl0s,12,False,True,12
1740520238834.0,2.0,0.0,,shape,12,square,high,stripes,square,low,plain,circle,medium,dots,laab880qddmiqlt375cgzl0s,12,False,True,12
1740520520865.0,0.0,1.0,,shape,1,circle,medium,dots,circle,low,plain,circle,low,plain,9s9ohl51gr8q1egnleufnd6m,1,False,True,37
1740520523983.0,1.0,0.0,,shape,2,circle,medium,dots,square,low,plain,circle,low,plain,9s9ohl51gr8q1egnleufnd6m,1,False,True,37
1740520526527.0,2.0,0.0,,shape,3,square,medium,dots,square,low,plain,circle,low,plain,9s9ohl51gr8q1egnleufnd6m,1,False,True,37
1740520537165.0,2.0,1.0,,shape,4,circle,medium,dots,square,low,plain,circle,low,plain,9s9ohl51gr8q1egnleufnd6m,1,False,True,37
1740520542769.0,1.0,0.0,,shape,5,circle,medium,dots,triangle,low,plain,circle,low,plain,9s9ohl51gr8q1egnleufnd6m,1,False,True,37
1740520547056.0,1.0,2.0,,shape,6,triangle,medium,dots,triangle,low,plain,circle,low,plain,9s9ohl51gr8q1egnleufnd6m,1,False,True,37
1740520548870.0,1.0,2.0,,shape,7,triangle,medium,dots,triangle,low,plain,triangle,low,plain,9s9ohl51gr8q1egnleufnd6m,1,False,True,37
1740520551965.0,1.0,2.0,,shape,8,triangle,medium,dots,triangle,low,plain,triangle,low,plain,9s9ohl51gr8q1egnleufnd6m,1,False,True,37
1740520553698.0,1.0,2.0,,shape,9,triangle,medium,dots,triangle,low,plain,triangle,low,plain,9s9ohl51gr8q1egnleufnd6m,1,False,True,37
1740520558718.0,1.0,2.0,,shape,10,triangle,medium,dots,triangle,low,plain,triangle,low,plain,9s9ohl51gr8q1egnleufnd6m,1,False,True,37
1740520560435.0,1.0,2.0,,shape,11,triangle,medium,dots,triangle,low,plain,triangle,low,plain,9s9ohl51gr8q1egnleufnd6m,1,False,True,37
1740520562181.0,1.0,2.0,,shape,12,triangle,medium,dots,triangle,low,plain,triangle,low,plain,9s9ohl51gr8q1egnleufnd6m,1,False,True,37
1740520566264.0,2.0,1.0,,shape,13,triangle,medium,dots,triangle,low,plain,circle,low,plain,9s9ohl51gr8q1egnleufnd6m,1,False,True,37
1740520572899.0,0.0,2.0,,shape,14,triangle,medium,dots,circle,low,plain,circle,low,plain,9s9ohl51gr8q1egnleufnd6m,1,False,True,37
1740520574678.0,0.0,2.0,,shape,15,triangle,medium,dots,circle,low,plain,triangle,low,plain,9s9ohl51gr8q1egnleufnd6m,1,False,True,37
1740520576577.0,0.0,2.0,,shape,16,triangle,medium,dots,circle,low,plain,triangle,low,plain,9s9ohl51gr8q1egnleufnd6m,1,False,True,37
1740520578356.0,0.0,2.0,,shape,17,triangle,medium,dots,circle,low,plain,triangle,low,plain,9s9ohl51gr8q1egnleufnd6m,1,False,True,37
1740520580339.0,0.0,2.0,,shape,18,triangle,medium,dots,circle,low,plain,triangle,low,plain,9s9ohl51gr8q1egnleufnd6m,1,False,True,37
1740520582043.0,0.0,2.0,,shape,19,triangle,medium,dots,circle,low,plain,triangle,low,plain,9s9ohl51gr8q1egnleufnd6m,1,False,True,37
1740520583889.0,0.0,2.0,,shape,20,triangle,medium,dots,circle,low,plain,triangle,low,plain,9s9ohl51gr8q1egnleufnd6m,1,False,True,37
1740520585610.0,0.0,2.0,,shape,21,triangle,medium,dots,circle,low,plain,triangle,low,plain,9s9ohl51gr8q1egnleufnd6m,1,False,True,37
1740520587335.0,0.0,2.0,,shape,22,triangle,medium,dots,circle,low,plain,triangle,low,plain,9s9ohl51gr8q1egnleufnd6m,1,False,True,37
1740520589039.0,0.0,2.0,,shape,23,triangle,medium,dots,circle,low,plain,circle,low,plain,9s9ohl51gr8q1egnleufnd6m,1,False,True,37
1740520609851.0,2.0,0.0,,texture,24,triangle,medium,dots,circle,low,plain,square,low,plain,9s9ohl51gr8q1egnleufnd6m,1,False,True,37
,,,,texture,25,,,,,,,,,,9s9ohl51gr8q1egnleufnd6m,1,False,True,37
1740520615189.0,0.0,2.0,,texture,26,triangle,medium,plain,circle,low,plain,square,low,plain,9s9ohl51gr8q1egnleufnd6m,1,False,True,37
,,,,texture,27,,,,,,,,,,9s9ohl51gr8q1egnleufnd6m,1,False,True,37
1740520617172.0,0.0,2.0,,texture,28,triangle,medium,plain,circle,low,plain,square,low,stripes,9s9ohl51gr8q1egnleufnd6m,1,False,True,37
,,,,texture,29,,,,,,,,,,9s9ohl51gr8q1egnleufnd6m,1,False,True,37
1740520620359.0,0.0,1.0,,texture,30,triangle,medium,plain,circle,low,plain,square,low,dots,9s9ohl51gr8q1egnleufnd6m,1,False,True,37
,,,,texture,31,,,,,,,,,,9s9ohl51gr8q1egnleufnd6m,1,False,True,37
1740520628643.0,0.0,2.0,,color,32,triangle,medium,plain,circle,low,stripes,square,low,dots,9s9ohl51gr8q1egnleufnd6m,1,False,True,37
1740520645538.0,2.0,0.0,,color,33,triangle,medium,plain,circle,low,stripes,square,medium,dots,9s9ohl51gr8q1egnleufnd6m,1,False,True,37
1740520647634.0,2.0,0.0,,color,34,triangle,low,plain,circle,low,stripes,square,medium,dots,9s9ohl51gr8q1egnleufnd6m,1,False,True,37
1740520649517.0,2.0,0.0,,color,35,triangle,medium,plain,circle,low,stripes,square,medium,dots,9s9ohl51gr8q1egnleufnd6m,1,False,True,37
1740520651467.0,2.0,0.0,,color,36,triangle,medium,plain,circle,low,stripes,square,medium,dots,9s9ohl51gr8q1egnleufnd6m,1,False,True,37
1740520653347.0,2.0,0.0,,color,37,triangle,medium,plain,circle,low,stripes,square,medium,dots,9s9ohl51gr8q1egnleufnd6m,1,False,True,37
1740520691754.0,2.0,0.0,,color,1,square,medium,plain,square,medium,stripes,square,high,plain,9s9ohl51gr8q1egnleufnd6m,2,False,True,22
1740520700775.0,0.0,2.0,,color,2,square,high,plain,square,medium,stripes,square,high,plain,9s9ohl51gr8q1egnleufnd6m,2,False,True,22
1740520706637.0,0.0,2.0,,color,3,square,high,plain,square,medium,stripes,square,high,plain,9s9ohl51gr8q1egnleufnd6m,2,False,True,22
1740520712533.0,0.0,1.0,,color,4,square,high,plain,square,medium,stripes,square,medium,plain,9s9ohl51gr8q1egnleufnd6m,2,False,True,22
1740520722087.0,0.0,1.0,,color,5,square,high,plain,square,high,stripes,square,medium,plain,9s9ohl51gr8q1egnleufnd6m,2,False,True,22
1740520724078.0,0.0,1.0,,color,6,square,high,plain,square,high,stripes,square,medium,plain,9s9ohl51gr8q1egnleufnd6m,2,False,True,22
1740520727296.0,1.0,2.0,,color,7,square,high,plain,square,medium,stripes,square,medium,plain,9s9ohl51gr8q1egnleufnd6m,2,False,True,22
1740520729187.0,1.0,2.0,,color,8,square,high,plain,square,medium,stripes,square,medium,plain,9s9ohl51gr8q1egnleufnd6m,2,False,True,22
1740520731058.0,1.0,2.0,,color,9,square,high,plain,square,medium,stripes,square,medium,plain,9s9ohl51gr8q1egnleufnd6m,2,False,True,22
1740520732811.0,1.0,2.0,,color,10,square,high,plain,square,medium,stripes,square,medium,plain,9s9ohl51gr8q1egnleufnd6m,2,False,True,22
1740520734545.0,1.0,2.0,,color,11,square,high,plain,square,medium,stripes,square,medium,plain,9s9ohl51gr8q1egnleufnd6m,2,False,True,22
1740520736961.0,2.0,1.0,,color,12,square,high,plain,square,medium,stripes,square,low,plain,9s9ohl51gr8q1egnleufnd6m,2,False,True,22
1740520743957.0,2.0,0.0,,texture,13,square,high,plain,square,low,stripes,square,low,plain,9s9ohl51gr8q1egnleufnd6m,2,False,True,22
,,,,texture,14,,,,,,,,,,9s9ohl51gr8q1egnleufnd6m,2,False,True,22
1740520747453.0,0.0,1.0,,texture,15,square,high,stripes,square,low,stripes,square,low,plain,9s9ohl51gr8q1egnleufnd6m,2,False,True,22
,,,,texture,16,,,,,,,,,,9s9ohl51gr8q1egnleufnd6m,2,False,True,22
1740520749369.0,0.0,1.0,,texture,17,square,high,stripes,square,low,dots,square,low,plain,9s9ohl51gr8q1egnleufnd6m,2,False,True,22
,,,,texture,18,,,,,,,,,,9s9ohl51gr8q1egnleufnd6m,2,False,True,22
1740520751207.0,0.0,2.0,,texture,19,square,high,stripes,square,low,plain,square,low,plain,9s9ohl51gr8q1egnleufnd6m,2,False,True,22
,,,,texture,20,,,,,,,,,,9s9ohl51gr8q1egnleufnd6m,2,False,True,22
1740520752895.0,0.0,2.0,,texture,21,square,high,stripes,square,low,plain,square,low,stripes,9s9ohl51gr8q1egnleufnd6m,2,False,True,22
,,,,texture,22,,,,,,,,,,9s9ohl51gr8q1egnleufnd6m,2,False,True,22
1740520782519.0,0.0,1.0,,texture,1,triangle,medium,dots,triangle,low,plain,circle,medium,dots,9s9ohl51gr8q1egnleufnd6m,3,False,True,48
,,,,texture,2,,,,,,,,,,9s9ohl51gr8q1egnleufnd6m,3,False,True,48
1740520784804.0,0.0,1.0,,texture,3,triangle,medium,dots,triangle,low,stripes,circle,medium,dots,9s9ohl51gr8q1egnleufnd6m,3,False,True,48
,,,,texture,4,,,,,,,,,,9s9ohl51gr8q1egnleufnd6m,3,False,True,48
1740520786498.0,0.0,1.0,,texture,5,triangle,medium,dots,triangle,low,dots,circle,medium,dots,9s9ohl51gr8q1egnleufnd6m,3,False,True,48
,,,,texture,6,,,,,,,,,,9s9ohl51gr8q1egnleufnd6m,3,False,True,48
1740520788527.0,1.0,0.0,,texture,7,triangle,medium,dots,triangle,low,plain,circle,medium,dots,9s9ohl51gr8q1egnleufnd6m,3,False,True,48
,,,,texture,8,,,,,,,,,,9s9ohl51gr8q1egnleufnd6m,3,False,True,48
1740520791141.0,1.0,2.0,,texture,9,triangle,medium,plain,triangle,low,plain,circle,medium,dots,9s9ohl51gr8q1egnleufnd6m,3,False,True,48
,,,,texture,10,,,,,,,,,,9s9ohl51gr8q1egnleufnd6m,3,False,True,48
1740520800573.0,0.0,2.0,,shape,11,triangle,medium,plain,triangle,low,plain,circle,medium,plain,9s9ohl51gr8q1egnleufnd6m,3,False,True,48
1740520802611.0,0.0,2.0,,shape,12,triangle,medium,plain,triangle,low,plain,triangle,medium,plain,9s9ohl51gr8q1egnleufnd6m,3,False,True,48
1740520804306.0,0.0,2.0,,shape,13,triangle,medium,plain,triangle,low,plain,triangle,medium,plain,9s9ohl51gr8q1egnleufnd6m,3,False,True,48
1740520805886.0,0.0,2.0,,shape,14,triangle,medium,plain,triangle,low,plain,triangle,medium,plain,9s9ohl51gr8q1egnleufnd6m,3,False,True,48
1740520807570.0,0.0,2.0,,shape,15,triangle,medium,plain,triangle,low,plain,triangle,medium,plain,9s9ohl51gr8q1egnleufnd6m,3,False,True,48
1740520809299.0,0.0,2.0,,shape,16,triangle,medium,plain,triangle,low,plain,triangle,medium,plain,9s9ohl51gr8q1egnleufnd6m,3,False,True,48
1740520812827.0,2.0,0.0,,shape,17,triangle,medium,plain,triangle,low,plain,square,medium,plain,9s9ohl51gr8q1egnleufnd6m,3,False,True,48
1740520814823.0,2.0,0.0,,shape,18,circle,medium,plain,triangle,low,plain,square,medium,plain,9s9ohl51gr8q1egnleufnd6m,3,False,True,48
1740520818973.0,0.0,1.0,,shape,19,square,medium,plain,triangle,low,plain,square,medium,plain,9s9ohl51gr8q1egnleufnd6m,3,False,True,48
1740520831286.0,2.0,1.0,,color,20,square,medium,plain,square,low,plain,square,medium,plain,9s9ohl51gr8q1egnleufnd6m,3,False,True,48
1740520834393.0,2.0,1.0,,color,21,square,medium,plain,square,medium,plain,square,medium,plain,9s9ohl51gr8q1egnleufnd6m,3,False,True,48
1740520836270.0,2.0,1.0,,color,22,square,medium,plain,square,medium,plain,square,medium,plain,9s9ohl51gr8q1egnleufnd6m,3,False,True,48
1740520838006.0,2.0,1.0,,color,23,square,medium,plain,square,medium,plain,square,medium,plain,9s9ohl51gr8q1egnleufnd6m,3,False,True,48
1740520839869.0,2.0,1.0,,color,24,square,medium,plain,square,medium,plain,square,medium,plain,9s9ohl51gr8q1egnleufnd6m,3,False,True,48
1740520841461.0,2.0,1.0,,color,25,square,medium,plain,square,medium,plain,square,medium,plain,9s9ohl51gr8q1egnleufnd6m,3,False,True,48
1740520845456.0,1.0,2.0,,color,26,square,medium,plain,square,low,plain,square,medium,plain,9s9ohl51gr8q1egnleufnd6m,3,False,True,48
1740520850319.0,0.0,1.0,,color,27,square,medium,plain,square,low,plain,square,low,plain,9s9ohl51gr8q1egnleufnd6m,3,False,True,48
1740520854331.0,1.0,0.0,,color,28,square,medium,plain,square,medium,plain,square,low,plain,9s9ohl51gr8q1egnleufnd6m,3,False,True,48
1740520856068.0,1.0,0.0,,color,29,square,medium,plain,square,medium,plain,square,low,plain,9s9ohl51gr8q1egnleufnd6m,3,False,True,48
1740520857753.0,1.0,0.0,,color,30,square,medium,plain,square,medium,plain,square,low,plain,9s9ohl51gr8q1egnleufnd6m,3,False,True,48
1740520859431.0,1.0,0.0,,color,31,square,medium,plain,square,medium,plain,square,low,plain,9s9ohl51gr8q1egnleufnd6m,3,False,True,48
1740520861148.0,1.0,0.0,,color,32,square,medium,plain,square,medium,plain,square,low,plain,9s9ohl51gr8q1egnleufnd6m,3,False,True,48
1740520862839.0,1.0,0.0,,color,33,square,medium,plain,square,medium,plain,square,low,plain,9s9ohl51gr8q1egnleufnd6m,3,False,True,48
1740520865319.0,1.0,0.0,,color,34,square,low,plain,square,medium,plain,square,low,plain,9s9ohl51gr8q1egnleufnd6m,3,False,True,48
1740520867076.0,1.0,0.0,,color,35,square,medium,plain,square,medium,plain,square,low,plain,9s9ohl51gr8q1egnleufnd6m,3,False,True,48
1740520868814.0,1.0,0.0,,color,36,square,medium,plain,square,medium,plain,square,low,plain,9s9ohl51gr8q1egnleufnd6m,3,False,True,48
1740520870515.0,1.0,0.0,,color,37,square,low,plain,square,medium,plain,square,low,plain,9s9ohl51gr8q1egnleufnd6m,3,False,True,48
1740520872276.0,1.0,0.0,,color,38,square,medium,plain,square,medium,plain,square,low,plain,9s9ohl51gr8q1egnleufnd6m,3,False,True,48
1740520873997.0,1.0,0.0,,color,39,square,low,plain,square,medium,plain,square,low,plain,9s9ohl51gr8q1egnleufnd6m,3,False,True,48
1740520876368.0,1.0,0.0,,color,40,square,medium,plain,square,medium,plain,square,low,plain,9s9ohl51gr8q1egnleufnd6m,3,False,True,48
1740520878105.0,1.0,0.0,,color,41,square,low,plain,square,medium,plain,square,low,plain,9s9ohl51gr8q1egnleufnd6m,3,False,True,48
1740520879593.0,1.0,0.0,,color,42,square,medium,plain,square,medium,plain,square,low,plain,9s9ohl51gr8q1egnleufnd6m,3,False,True,48
1740520881130.0,1.0,0.0,,color,43,square,medium,plain,square,medium,plain,square,low,plain,9s9ohl51gr8q1egnleufnd6m,3,False,True,48
1740520883268.0,1.0,0.0,,color,44,square,medium,plain,square,medium,plain,square,low,plain,9s9ohl51gr8q1egnleufnd6m,3,False,True,48
1740520884893.0,1.0,0.0,,color,45,square,medium,plain,square,medium,plain,square,low,plain,9s9ohl51gr8q1egnleufnd6m,3,False,True,48
1740520886656.0,1.0,0.0,,color,46,square,medium,plain,square,medium,plain,square,low,plain,9s9ohl51gr8q1egnleufnd6m,3,False,True,48
1740520888372.0,1.0,0.0,,color,47,square,medium,plain,square,medium,plain,square,low,plain,9s9ohl51gr8q1egnleufnd6m,3,False,True,48
1740520890143.0,1.0,0.0,,color,48,square,medium,plain,square,medium,plain,square,low,plain,9s9ohl51gr8q1egnleufnd6m,3,False,True,48
1740520936942.0,1.0,0.0,,shape,1,circle,low,stripes,triangle,medium,dots,triangle,low,dots,9s9ohl51gr8q1egnleufnd6m,4,False,True,23
1740520940346.0,1.0,0.0,,texture,2,triangle,low,stripes,triangle,medium,dots,triangle,low,dots,9s9ohl51gr8q1egnleufnd6m,4,False,True,23
,,,,texture,3,,,,,,,,,,9s9ohl51gr8q1egnleufnd6m,4,False,True,23
1740520942192.0,1.0,0.0,,texture,4,triangle,low,dots,triangle,medium,dots,triangle,low,dots,9s9ohl51gr8q1egnleufnd6m,4,False,True,23
,,,,texture,5,,,,,,,,,,9s9ohl51gr8q1egnleufnd6m,4,False,True,23
1740520944748.0,0.0,1.0,,texture,6,triangle,low,plain,triangle,medium,dots,triangle,low,dots,9s9ohl51gr8q1egnleufnd6m,4,False,True,23
,,,,texture,7,,,,,,,,,,9s9ohl51gr8q1egnleufnd6m,4,False,True,23
1740520947393.0,0.0,2.0,,texture,8,triangle,low,plain,triangle,medium,plain,triangle,low,dots,9s9ohl51gr8q1egnleufnd6m,4,False,True,23
,,,,texture,9,,,,,,,,,,9s9ohl51gr8q1egnleufnd6m,4,False,True,23
1740520981387.0,1.0,0.0,,color,10,triangle,low,plain,triangle,medium,plain,triangle,low,plain,9s9ohl51gr8q1egnleufnd6m,4,False,True,23
1740520984687.0,1.0,0.0,,color,11,triangle,medium,plain,triangle,medium,plain,triangle,low,plain,9s9ohl51gr8q1egnleufnd6m,4,False,True,23
1740520986587.0,1.0,0.0,,color,12,triangle,medium,plain,triangle,medium,plain,triangle,low,plain,9s9ohl51gr8q1egnleufnd6m,4,False,True,23
1740520989121.0,1.0,0.0,,color,13,triangle,medium,plain,triangle,medium,plain,triangle,low,plain,9s9ohl51gr8q1egnleufnd6m,4,False,True,23
1740520991166.0,1.0,0.0,,color,14,triangle,medium,plain,triangle,medium,plain,triangle,low,plain,9s9ohl51gr8q1egnleufnd6m,4,False,True,23
1740520993137.0,1.0,0.0,,color,15,triangle,low,plain,triangle,medium,plain,triangle,low,plain,9s9ohl51gr8q1egnleufnd6m,4,False,True,23
1740520995025.0,1.0,0.0,,color,16,triangle,medium,plain,triangle,medium,plain,triangle,low,plain,9s9ohl51gr8q1egnleufnd6m,4,False,True,23
1740520996770.0,1.0,0.0,,color,17,triangle,medium,plain,triangle,medium,plain,triangle,low,plain,9s9ohl51gr8q1egnleufnd6m,4,False,True,23
1740520998524.0,1.0,0.0,,color,18,triangle,medium,plain,triangle,medium,plain,triangle,low,plain,9s9ohl51gr8q1egnleufnd6m,4,False,True,23
1740521000278.0,1.0,0.0,,color,19,triangle,medium,plain,triangle,medium,plain,triangle,low,plain,9s9ohl51gr8q1egnleufnd6m,4,False,True,23
1740521007528.0,1.0,2.0,,shape,20,triangle,high,plain,triangle,medium,plain,triangle,low,plain,9s9ohl51gr8q1egnleufnd6m,4,False,True,23
1740521009257.0,1.0,2.0,,shape,21,triangle,high,plain,triangle,medium,plain,triangle,low,plain,9s9ohl51gr8q1egnleufnd6m,4,False,True,23
1740521010986.0,1.0,2.0,,shape,22,triangle,high,plain,triangle,medium,plain,circle,low,plain,9s9ohl51gr8q1egnleufnd6m,4,False,True,23
1740521013195.0,2.0,1.0,,shape,23,triangle,high,plain,triangle,medium,plain,square,low,plain,9s9ohl51gr8q1egnleufnd6m,4,False,True,23
1740521063157.0,0.0,2.0,,shape,1,circle,medium,stripes,triangle,medium,dots,triangle,high,stripes,9s9ohl51gr8q1egnleufnd6m,5,False,True,15
1740521070348.0,1.0,0.0,,shape,2,circle,medium,stripes,triangle,medium,dots,circle,high,stripes,9s9ohl51gr8q1egnleufnd6m,5,False,True,15
1740521082431.0,2.0,1.0,,shape,3,triangle,medium,stripes,triangle,medium,dots,circle,high,stripes,9s9ohl51gr8q1egnleufnd6m,5,False,True,15
1740521089281.0,0.0,1.0,,texture,4,triangle,medium,stripes,square,medium,dots,circle,high,stripes,9s9ohl51gr8q1egnleufnd6m,5,False,True,15
,,,,texture,5,,,,,,,,,,9s9ohl51gr8q1egnleufnd6m,5,False,True,15
1740521091568.0,1.0,2.0,,texture,6,triangle,medium,stripes,square,medium,plain,circle,high,stripes,9s9ohl51gr8q1egnleufnd6m,5,False,True,15
,,,,texture,7,,,,,,,,,,9s9ohl51gr8q1egnleufnd6m,5,False,True,15
1740521093527.0,1.0,2.0,,texture,8,triangle,medium,stripes,square,medium,plain,circle,high,dots,9s9ohl51gr8q1egnleufnd6m,5,False,True,15
,,,,texture,9,,,,,,,,,,9s9ohl51gr8q1egnleufnd6m,5,False,True,15
1740521097104.0,1.0,0.0,,texture,10,triangle,medium,stripes,square,medium,plain,circle,high,plain,9s9ohl51gr8q1egnleufnd6m,5,False,True,15
,,,,texture,11,,,,,,,,,,9s9ohl51gr8q1egnleufnd6m,5,False,True,15
1740521099010.0,1.0,0.0,,texture,12,triangle,medium,dots,square,medium,plain,circle,high,plain,9s9ohl51gr8q1egnleufnd6m,5,False,True,15
,,,,texture,13,,,,,,,,,,9s9ohl51gr8q1egnleufnd6m,5,False,True,15
1740521109231.0,2.0,0.0,,color,14,triangle,medium,plain,square,medium,plain,circle,high,plain,9s9ohl51gr8q1egnleufnd6m,5,False,True,15
1740521111285.0,2.0,1.0,,color,15,triangle,high,plain,square,medium,plain,circle,high,plain,9s9ohl51gr8q1egnleufnd6m,5,False,True,15
1740521155814.0,0.0,1.0,,texture,1,square,low,dots,triangle,medium,stripes,square,high,stripes,9s9ohl51gr8q1egnleufnd6m,6,False,True,13
,,,,texture,2,,,,,,,,,,9s9ohl51gr8q1egnleufnd6m,6,False,True,13
1740521157997.0,0.0,2.0,,texture,3,square,low,dots,triangle,medium,dots,square,high,stripes,9s9ohl51gr8q1egnleufnd6m,6,False,True,13
,,,,texture,4,,,,,,,,,,9s9ohl51gr8q1egnleufnd6m,6,False,True,13
1740521169884.0,2.0,0.0,,color,5,square,low,dots,triangle,medium,dots,square,high,dots,9s9ohl51gr8q1egnleufnd6m,6,False,True,13
1740521172405.0,2.0,0.0,,color,6,square,medium,dots,triangle,medium,dots,square,high,dots,9s9ohl51gr8q1egnleufnd6m,6,False,True,13
1740521174571.0,2.0,1.0,,color,7,square,high,dots,triangle,medium,dots,square,high,dots,9s9ohl51gr8q1egnleufnd6m,6,False,True,13
1740521182813.0,1.0,2.0,,shape,8,square,high,dots,triangle,high,dots,square,high,dots,9s9ohl51gr8q1egnleufnd6m,6,False,True,13
1740521184563.0,1.0,2.0,,shape,9,square,high,dots,triangle,high,dots,triangle,high,dots,9s9ohl51gr8q1egnleufnd6m,6,False,True,13
1740521186592.0,2.0,1.0,,shape,10,square,high,dots,triangle,high,dots,circle,high,dots,9s9ohl51gr8q1egnleufnd6m,6,False,True,13
1740521188897.0,2.0,1.0,,shape,11,square,high,dots,square,high,dots,circle,high,dots,9s9ohl51gr8q1egnleufnd6m,6,False,True,13
1740521191025.0,2.0,1.0,,shape,12,square,high,dots,triangle,high,dots,circle,high,dots,9s9ohl51gr8q1egnleufnd6m,6,False,True,13
1740521192909.0,2.0,0.0,,shape,13,square,high,dots,circle,high,dots,circle,high,dots,9s9ohl51gr8q1egnleufnd6m,6,False,True,13
1740521220633.0,0.0,1.0,,texture,1,circle,medium,plain,square,medium,plain,circle,high,plain,9s9ohl51gr8q1egnleufnd6m,7,False,True,15
,,,,texture,2,,,,,,,,,,9s9ohl51gr8q1egnleufnd6m,7,False,True,15
1740521222900.0,1.0,0.0,,texture,3,circle,medium,plain,square,medium,stripes,circle,high,plain,9s9ohl51gr8q1egnleufnd6m,7,False,True,15
,,,,texture,4,,,,,,,,,,9s9ohl51gr8q1egnleufnd6m,7,False,True,15
1740521225487.0,1.0,2.0,,texture,5,circle,medium,stripes,square,medium,stripes,circle,high,plain,9s9ohl51gr8q1egnleufnd6m,7,False,True,15
,,,,texture,6,,,,,,,,,,9s9ohl51gr8q1egnleufnd6m,7,False,True,15
1740521231633.0,1.0,2.0,,color,7,circle,medium,stripes,square,medium,stripes,circle,high,stripes,9s9ohl51gr8q1egnleufnd6m,7,False,True,15
1740521236412.0,1.0,2.0,,shape,8,circle,medium,stripes,square,medium,stripes,circle,medium,stripes,9s9ohl51gr8q1egnleufnd6m,7,False,True,15
1740521238150.0,1.0,2.0,,shape,9,circle,medium,stripes,square,medium,stripes,circle,medium,stripes,9s9ohl51gr8q1egnleufnd6m,7,False,True,15
1740521239824.0,1.0,2.0,,shape,10,circle,medium,stripes,square,medium,stripes,square,medium,stripes,9s9ohl51gr8q1egnleufnd6m,7,False,True,15
1740521241516.0,1.0,2.0,,shape,11,circle,medium,stripes,square,medium,stripes,circle,medium,stripes,9s9ohl51gr8q1egnleufnd6m,7,False,True,15
1740521243195.0,1.0,2.0,,shape,12,circle,medium,stripes,square,medium,stripes,square,medium,stripes,9s9ohl51gr8q1egnleufnd6m,7,False,True,15
1740521244870.0,1.0,2.0,,shape,13,circle,medium,stripes,square,medium,stripes,square,medium,stripes,9s9ohl51gr8q1egnleufnd6m,7,False,True,15
1740521246504.0,1.0,2.0,,shape,14,circle,medium,stripes,square,medium,stripes,square,medium,stripes,9s9ohl51gr8q1egnleufnd6m,7,False,True,15
1740521248220.0,1.0,2.0,,shape,15,circle,medium,stripes,square,medium,stripes,square,medium,stripes,9s9ohl51gr8q1egnleufnd6m,7,False,True,15
1740521298611.0,1.0,2.0,,shape,1,circle,low,stripes,circle,high,stripes,triangle,low,stripes,9s9ohl51gr8q1egnleufnd6m,8,False,True,11
1740521300527.0,1.0,2.0,,shape,2,circle,low,stripes,circle,high,stripes,triangle,low,stripes,9s9ohl51gr8q1egnleufnd6m,8,False,True,11
1740521305957.0,2.0,1.0,,texture,3,circle,low,stripes,circle,high,stripes,circle,low,stripes,9s9ohl51gr8q1egnleufnd6m,8,False,True,11
,,,,texture,4,,,,,,,,,,9s9ohl51gr8q1egnleufnd6m,8,False,True,11
1740521308029.0,2.0,0.0,,texture,5,circle,low,stripes,circle,high,dots,circle,low,stripes,9s9ohl51gr8q1egnleufnd6m,8,False,True,11
,,,,texture,6,,,,,,,,,,9s9ohl51gr8q1egnleufnd6m,8,False,True,11
1740521309974.0,2.0,0.0,,texture,7,circle,low,dots,circle,high,dots,circle,low,stripes,9s9ohl51gr8q1egnleufnd6m,8,False,True,11
,,,,texture,8,,,,,,,,,,9s9ohl51gr8q1egnleufnd6m,8,False,True,11
1740521311769.0,2.0,0.0,,texture,9,circle,low,plain,circle,high,dots,circle,low,stripes,9s9ohl51gr8q1egnleufnd6m,8,False,True,11
,,,,texture,10,,,,,,,,,,9s9ohl51gr8q1egnleufnd6m,8,False,True,11
1740521317761.0,1.0,0.0,,color,11,circle,low,stripes,circle,high,dots,circle,low,stripes,9s9ohl51gr8q1egnleufnd6m,8,False,True,11
1740521370364.0,2.0,1.0,,color,1,triangle,low,stripes,square,medium,plain,circle,high,stripes,9s9ohl51gr8q1egnleufnd6m,9,False,True,17
1740521374206.0,0.0,2.0,,color,2,triangle,low,stripes,square,high,plain,circle,high,stripes,9s9ohl51gr8q1egnleufnd6m,9,False,True,17
1740521380614.0,0.0,2.0,,color,3,triangle,low,stripes,square,high,plain,circle,medium,stripes,9s9ohl51gr8q1egnleufnd6m,9,False,True,17
1740521391873.0,1.0,0.0,,color,4,triangle,low,stripes,square,high,plain,circle,low,stripes,9s9ohl51gr8q1egnleufnd6m,9,False,True,17
1740521396210.0,2.0,1.0,,texture,5,triangle,medium,stripes,square,high,plain,circle,low,stripes,9s9ohl51gr8q1egnleufnd6m,9,False,True,17
,,,,texture,6,,,,,,,,,,9s9ohl51gr8q1egnleufnd6m,9,False,True,17
1740521397818.0,2.0,1.0,,texture,7,triangle,medium,stripes,square,high,stripes,circle,low,stripes,9s9ohl51gr8q1egnleufnd6m,9,False,True,17
,,,,texture,8,,,,,,,,,,9s9ohl51gr8q1egnleufnd6m,9,False,True,17
1740521399580.0,2.0,0.0,,texture,9,triangle,medium,stripes,square,high,dots,circle,low,stripes,9s9ohl51gr8q1egnleufnd6m,9,False,True,17
,,,,texture,10,,,,,,,,,,9s9ohl51gr8q1egnleufnd6m,9,False,True,17
1740521408155.0,2.0,1.0,,shape,11,triangle,medium,dots,square,high,dots,circle,low,stripes,9s9ohl51gr8q1egnleufnd6m,9,False,True,17
1740521416251.0,1.0,2.0,,shape,12,triangle,medium,dots,triangle,high,dots,circle,low,stripes,9s9ohl51gr8q1egnleufnd6m,9,False,True,17
1740521418097.0,1.0,2.0,,shape,13,triangle,medium,dots,triangle,high,dots,triangle,low,stripes,9s9ohl51gr8q1egnleufnd6m,9,False,True,17
1740521419764.0,1.0,2.0,,shape,14,triangle,medium,dots,triangle,high,dots,triangle,low,stripes,9s9ohl51gr8q1egnleufnd6m,9,False,True,17
1740521421268.0,1.0,2.0,,shape,15,triangle,medium,dots,triangle,high,dots,triangle,low,stripes,9s9ohl51gr8q1egnleufnd6m,9,False,True,17
1740521425084.0,1.0,2.0,,texture,16,triangle,medium,dots,triangle,high,dots,square,low,stripes,9s9ohl51gr8q1egnleufnd6m,9,False,True,17
,,,,texture,17,,,,,,,,,,9s9ohl51gr8q1egnleufnd6m,9,False,True,17
1740521461275.0,1.0,2.0,,shape,1,circle,high,stripes,square,low,plain,circle,low,plain,9s9ohl51gr8q1egnleufnd6m,10,False,True,10
1740521467377.0,0.0,1.0,,color,2,circle,high,stripes,square,low,plain,square,low,plain,9s9ohl51gr8q1egnleufnd6m,10,False,True,10
1740521471413.0,1.0,0.0,,texture,3,circle,high,stripes,square,medium,plain,square,low,plain,9s9ohl51gr8q1egnleufnd6m,10,False,True,10
,,,,texture,4,,,,,,,,,,9s9ohl51gr8q1egnleufnd6m,10,False,True,10
1740521473133.0,1.0,0.0,,texture,5,circle,high,dots,square,medium,plain,square,low,plain,9s9ohl51gr8q1egnleufnd6m,10,False,True,10
,,,,texture,6,,,,,,,,,,9s9ohl51gr8q1egnleufnd6m,10,False,True,10
1740521475230.0,0.0,1.0,,texture,7,circle,high,plain,square,medium,plain,square,low,plain,9s9ohl51gr8q1egnleufnd6m,10,False,True,10
,,,,texture,8,,,,,,,,,,9s9ohl51gr8q1egnleufnd6m,10,False,True,10
1740521476993.0,0.0,2.0,,texture,9,circle,high,plain,square,medium,stripes,square,low,plain,9s9ohl51gr8q1egnleufnd6m,10,False,True,10
,,,,texture,10,,,,,,,,,,9s9ohl51gr8q1egnleufnd6m,10,False,True,10
1740521500666.0,1.0,2.0,,texture,1,square,low,dots,square,medium,stripes,square,medium,stripes,9s9ohl51gr8q1egnleufnd6m,11,False,True,31
,,,,texture,2,,,,,,,,,,9s9ohl51gr8q1egnleufnd6m,11,False,True,31
1740521504033.0,1.0,2.0,,texture,3,square,low,dots,square,medium,stripes,square,medium,dots,9s9ohl51gr8q1egnleufnd6m,11,False,True,31
,,,,texture,4,,,,,,,,,,9s9ohl51gr8q1egnleufnd6m,11,False,True,31
1740521505737.0,1.0,2.0,,texture,5,square,low,dots,square,medium,stripes,square,medium,plain,9s9ohl51gr8q1egnleufnd6m,11,False,True,31
,,,,texture,6,,,,,,,,,,9s9ohl51gr8q1egnleufnd6m,11,False,True,31
1740521510025.0,1.0,0.0,,texture,7,square,low,dots,square,medium,stripes,square,medium,stripes,9s9ohl51gr8q1egnleufnd6m,11,False,True,31
,,,,texture,8,,,,,,,,,,9s9ohl51gr8q1egnleufnd6m,11,False,True,31
1740521511699.0,1.0,0.0,,texture,9,square,low,plain,square,medium,stripes,square,medium,stripes,9s9ohl51gr8q1egnleufnd6m,11,False,True,31
,,,,texture,10,,,,,,,,,,9s9ohl51gr8q1egnleufnd6m,11,False,True,31
1740521518120.0,1.0,2.0,,color,11,square,low,stripes,square,medium,stripes,square,medium,stripes,9s9ohl51gr8q1egnleufnd6m,11,False,True,31
1740521520895.0,1.0,2.0,,color,12,square,low,stripes,square,medium,stripes,square,medium,stripes,9s9ohl51gr8q1egnleufnd6m,11,False,True,31
1740521526462.0,1.0,0.0,,color,13,square,low,stripes,square,medium,stripes,square,medium,stripes,9s9ohl51gr8q1egnleufnd6m,11,False,True,31
1740521529434.0,1.0,0.0,,color,14,square,medium,stripes,square,medium,stripes,square,medium,stripes,9s9ohl51gr8q1egnleufnd6m,11,False,True,31
1740521531157.0,1.0,0.0,,color,15,square,medium,stripes,square,medium,stripes,square,medium,stripes,9s9ohl51gr8q1egnleufnd6m,11,False,True,31
1740521532978.0,1.0,0.0,,color,16,square,medium,stripes,square,medium,stripes,square,medium,stripes,9s9ohl51gr8q1egnleufnd6m,11,False,True,31
1740521534841.0,1.0,0.0,,color,17,square,low,stripes,square,medium,stripes,square,medium,stripes,9s9ohl51gr8q1egnleufnd6m,11,False,True,31
1740521536492.0,1.0,0.0,,color,18,square,medium,stripes,square,medium,stripes,square,medium,stripes,9s9ohl51gr8q1egnleufnd6m,11,False,True,31
1740521538220.0,1.0,0.0,,color,19,square,medium,stripes,square,medium,stripes,square,medium,stripes,9s9ohl51gr8q1egnleufnd6m,11,False,True,31
1740521539853.0,1.0,0.0,,color,20,square,medium,stripes,square,medium,stripes,square,medium,stripes,9s9ohl51gr8q1egnleufnd6m,11,False,True,31
1740521541528.0,1.0,0.0,,color,21,square,medium,stripes,square,medium,stripes,square,medium,stripes,9s9ohl51gr8q1egnleufnd6m,11,False,True,31
1740521543137.0,1.0,0.0,,color,22,square,low,stripes,square,medium,stripes,square,medium,stripes,9s9ohl51gr8q1egnleufnd6m,11,False,True,31
1740521544562.0,1.0,0.0,,color,23,square,medium,stripes,square,medium,stripes,square,medium,stripes,9s9ohl51gr8q1egnleufnd6m,11,False,True,31
1740521546137.0,1.0,0.0,,color,24,square,low,stripes,square,medium,stripes,square,medium,stripes,9s9ohl51gr8q1egnleufnd6m,11,False,True,31
1740521547820.0,1.0,0.0,,color,25,square,medium,stripes,square,medium,stripes,square,medium,stripes,9s9ohl51gr8q1egnleufnd6m,11,False,True,31
1740521551515.0,0.0,2.0,,color,26,square,high,stripes,square,medium,stripes,square,medium,stripes,9s9ohl51gr8q1egnleufnd6m,11,False,True,31
1740521558320.0,1.0,2.0,,shape,27,square,high,stripes,square,medium,stripes,square,high,stripes,9s9ohl51gr8q1egnleufnd6m,11,False,True,31
1740521559936.0,1.0,2.0,,shape,28,square,high,stripes,square,medium,stripes,square,high,stripes,9s9ohl51gr8q1egnleufnd6m,11,False,True,31
1740521561611.0,1.0,2.0,,shape,29,square,high,stripes,square,medium,stripes,triangle,high,stripes,9s9ohl51gr8q1egnleufnd6m,11,False,True,31
1740521563253.0,1.0,2.0,,shape,30,square,high,stripes,square,medium,stripes,square,high,stripes,9s9ohl51gr8q1egnleufnd6m,11,False,True,31
1740521565961.0,2.0,1.0,,shape,31,square,high,stripes,square,medium,stripes,circle,high,stripes,9s9ohl51gr8q1egnleufnd6m,11,False,True,31
1740521618631.0,0.0,2.0,,shape,1,circle,medium,plain,circle,low,dots,circle,low,dots,9s9ohl51gr8q1egnleufnd6m,12,False,True,56
1740521620395.0,0.0,2.0,,shape,2,circle,medium,plain,circle,low,dots,circle,low,dots,9s9ohl51gr8q1egnleufnd6m,12,False,True,56
1740521622206.0,0.0,2.0,,shape,3,circle,medium,plain,circle,low,dots,circle,low,dots,9s9ohl51gr8q1egnleufnd6m,12,False,True,56
1740521623926.0,0.0,2.0,,shape,4,circle,medium,plain,circle,low,dots,square,low,dots,9s9ohl51gr8q1egnleufnd6m,12,False,True,56
1740521625593.0,0.0,2.0,,shape,5,circle,medium,plain,circle,low,dots,circle,low,dots,9s9ohl51gr8q1egnleufnd6m,12,False,True,56
1740521627380.0,0.0,2.0,,shape,6,circle,medium,plain,circle,low,dots,circle,low,dots,9s9ohl51gr8q1egnleufnd6m,12,False,True,56
1740521629151.0,0.0,2.0,,shape,7,circle,medium,plain,circle,low,dots,square,low,dots,9s9ohl51gr8q1egnleufnd6m,12,False,True,56
1740521631064.0,2.0,0.0,,shape,8,circle,medium,plain,circle,low,dots,triangle,low,dots,9s9ohl51gr8q1egnleufnd6m,12,False,True,56
1740521632930.0,2.0,0.0,,shape,9,circle,medium,plain,circle,low,dots,triangle,low,dots,9s9ohl51gr8q1egnleufnd6m,12,False,True,56
1740521637759.0,0.0,1.0,,texture,10,triangle,medium,plain,circle,low,dots,triangle,low,dots,9s9ohl51gr8q1egnleufnd6m,12,False,True,56
,,,,texture,11,,,,,,,,,,9s9ohl51gr8q1egnleufnd6m,12,False,True,56
1740521639701.0,0.0,1.0,,texture,12,triangle,medium,plain,circle,low,plain,triangle,low,dots,9s9ohl51gr8q1egnleufnd6m,12,False,True,56
,,,,texture,13,,,,,,,,,,9s9ohl51gr8q1egnleufnd6m,12,False,True,56
1740521641617.0,0.0,2.0,,texture,14,triangle,medium,plain,circle,low,stripes,triangle,low,dots,9s9ohl51gr8q1egnleufnd6m,12,False,True,56
,,,,texture,15,,,,,,,,,,9s9ohl51gr8q1egnleufnd6m,12,False,True,56
1740521643343.0,0.0,2.0,,texture,16,triangle,medium,plain,circle,low,stripes,triangle,low,plain,9s9ohl51gr8q1egnleufnd6m,12,False,True,56
,,,,texture,17,,,,,,,,,,9s9ohl51gr8q1egnleufnd6m,12,False,True,56
1740521649042.0,0.0,1.0,,color,18,triangle,medium,plain,circle,low,stripes,triangle,low,stripes,9s9ohl51gr8q1egnleufnd6m,12,False,True,56
1740521650792.0,0.0,1.0,,color,19,triangle,medium,plain,circle,medium,stripes,triangle,low,stripes,9s9ohl51gr8q1egnleufnd6m,12,False,True,56
1740521652546.0,0.0,1.0,,color,20,triangle,medium,plain,circle,medium,stripes,triangle,low,stripes,9s9ohl51gr8q1egnleufnd6m,12,False,True,56
1740521654122.0,0.0,1.0,,color,21,triangle,medium,plain,circle,medium,stripes,triangle,low,stripes,9s9ohl51gr8q1egnleufnd6m,12,False,True,56
1740521655838.0,0.0,1.0,,color,22,triangle,medium,plain,circle,low,stripes,triangle,low,stripes,9s9ohl51gr8q1egnleufnd6m,12,False,True,56
1740521657496.0,0.0,1.0,,color,23,triangle,medium,plain,circle,medium,stripes,triangle,low,stripes,9s9ohl51gr8q1egnleufnd6m,12,False,True,56
1740521659129.0,0.0,1.0,,color,24,triangle,medium,plain,circle,medium,stripes,triangle,low,stripes,9s9ohl51gr8q1egnleufnd6m,12,False,True,56
1740521660822.0,0.0,1.0,,color,25,triangle,medium,plain,circle,medium,stripes,triangle,low,stripes,9s9ohl51gr8q1egnleufnd6m,12,False,True,56
1740521662979.0,0.0,1.0,,color,26,triangle,medium,plain,circle,medium,stripes,triangle,low,stripes,9s9ohl51gr8q1egnleufnd6m,12,False,True,56
1740521664834.0,0.0,1.0,,color,27,triangle,medium,plain,circle,medium,stripes,triangle,low,stripes,9s9ohl51gr8q1egnleufnd6m,12,False,True,56
1740521666816.0,0.0,1.0,,color,28,triangle,medium,plain,circle,medium,stripes,triangle,low,stripes,9s9ohl51gr8q1egnleufnd6m,12,False,True,56
1740521668917.0,0.0,1.0,,color,29,triangle,medium,plain,circle,medium,stripes,triangle,low,stripes,9s9ohl51gr8q1egnleufnd6m,12,False,True,56
1740521670738.0,0.0,1.0,,color,30,triangle,medium,plain,circle,medium,stripes,triangle,low,stripes,9s9ohl51gr8q1egnleufnd6m,12,False,True,56
1740521672463.0,0.0,1.0,,color,31,triangle,medium,plain,circle,medium,stripes,triangle,low,stripes,9s9ohl51gr8q1egnleufnd6m,12,False,True,56
1740521674000.0,0.0,1.0,,color,32,triangle,medium,plain,circle,medium,stripes,triangle,low,stripes,9s9ohl51gr8q1egnleufnd6m,12,False,True,56
1740521675508.0,0.0,1.0,,color,33,triangle,medium,plain,circle,low,stripes,triangle,low,stripes,9s9ohl51gr8q1egnleufnd6m,12,False,True,56
1740521677250.0,0.0,1.0,,color,34,triangle,medium,plain,circle,medium,stripes,triangle,low,stripes,9s9ohl51gr8q1egnleufnd6m,12,False,True,56
1740521678804.0,0.0,1.0,,color,35,triangle,medium,plain,circle,medium,stripes,triangle,low,stripes,9s9ohl51gr8q1egnleufnd6m,12,False,True,56
1740521680363.0,0.0,1.0,,color,36,triangle,medium,plain,circle,medium,stripes,triangle,low,stripes,9s9ohl51gr8q1egnleufnd6m,12,False,True,56
1740521681884.0,0.0,2.0,,color,37,triangle,medium,plain,circle,medium,stripes,triangle,low,stripes,9s9ohl51gr8q1egnleufnd6m,12,False,True,56
1740521684125.0,1.0,2.0,,color,38,triangle,medium,plain,circle,medium,stripes,triangle,medium,stripes,9s9ohl51gr8q1egnleufnd6m,12,False,True,56
1740521685637.0,1.0,2.0,,color,39,triangle,medium,plain,circle,medium,stripes,triangle,medium,stripes,9s9ohl51gr8q1egnleufnd6m,12,False,True,56
1740521687416.0,1.0,2.0,,color,40,triangle,medium,plain,circle,medium,stripes,triangle,medium,stripes,9s9ohl51gr8q1egnleufnd6m,12,False,True,56
1740521689021.0,1.0,2.0,,color,41,triangle,medium,plain,circle,medium,stripes,triangle,medium,stripes,9s9ohl51gr8q1egnleufnd6m,12,False,True,56
1740521690962.0,1.0,2.0,,color,42,triangle,medium,plain,circle,medium,stripes,triangle,medium,stripes,9s9ohl51gr8q1egnleufnd6m,12,False,True,56
1740521693217.0,1.0,2.0,,color,43,triangle,medium,plain,circle,medium,stripes,triangle,medium,stripes,9s9ohl51gr8q1egnleufnd6m,12,False,True,56
1740521695926.0,1.0,2.0,,color,44,triangle,medium,plain,circle,medium,stripes,triangle,medium,stripes,9s9ohl51gr8q1egnleufnd6m,12,False,True,56
1740521698258.0,1.0,2.0,,color,45,triangle,medium,plain,circle,medium,stripes,triangle,medium,stripes,9s9ohl51gr8q1egnleufnd6m,12,False,True,56
1740521700520.0,1.0,2.0,,color,46,triangle,medium,plain,circle,medium,stripes,triangle,medium,stripes,9s9ohl51gr8q1egnleufnd6m,12,False,True,56
1740521702083.0,1.0,2.0,,color,47,triangle,medium,plain,circle,medium,stripes,triangle,low,stripes,9s9ohl51gr8q1egnleufnd6m,12,False,True,56
1740521703804.0,1.0,2.0,,color,48,triangle,medium,plain,circle,medium,stripes,triangle,medium,stripes,9s9ohl51gr8q1egnleufnd6m,12,False,True,56
1740521705471.0,1.0,2.0,,color,49,triangle,medium,plain,circle,medium,stripes,triangle,low,stripes,9s9ohl51gr8q1egnleufnd6m,12,False,True,56
1740521707025.0,1.0,2.0,,color,50,triangle,medium,plain,circle,medium,stripes,triangle,medium,stripes,9s9ohl51gr8q1egnleufnd6m,12,False,True,56
1740521709870.0,2.0,1.0,,color,51,triangle,medium,plain,circle,medium,stripes,triangle,medium,stripes,9s9ohl51gr8q1egnleufnd6m,12,False,True,56
1740521711246.0,2.0,1.0,,color,52,triangle,medium,plain,circle,medium,stripes,triangle,medium,stripes,9s9ohl51gr8q1egnleufnd6m,12,False,True,56
1740521712791.0,2.0,1.0,,color,53,triangle,medium,plain,circle,medium,stripes,triangle,medium,stripes,9s9ohl51gr8q1egnleufnd6m,12,False,True,56
1740521714362.0,2.0,1.0,,color,54,triangle,medium,plain,circle,medium,stripes,triangle,medium,stripes,9s9ohl51gr8q1egnleufnd6m,12,False,True,56
1740521717370.0,1.0,0.0,,color,55,triangle,medium,plain,circle,high,stripes,triangle,medium,stripes,9s9ohl51gr8q1egnleufnd6m,12,False,True,56
1740521719208.0,1.0,2.0,,color,56,triangle,high,plain,circle,high,stripes,triangle,medium,stripes,9s9ohl51gr8q1egnleufnd6m,12,False,True,56
1740521737970.0,2.0,0.0,,shape,1,square,low,stripes,square,high,dots,square,low,plain,9s9ohl51gr8q1egnleufnd6m,13,False,True,13
1740521739766.0,2.0,0.0,,shape,2,square,low,stripes,square,high,dots,square,low,plain,9s9ohl51gr8q1egnleufnd6m,13,False,True,13
1740521741516.0,2.0,0.0,,shape,3,square,low,stripes,square,high,dots,square,low,plain,9s9ohl51gr8q1egnleufnd6m,13,False,True,13
1740521750916.0,1.0,2.0,,color,4,circle,low,stripes,square,high,dots,square,low,plain,9s9ohl51gr8q1egnleufnd6m,13,False,True,13
1740521759057.0,1.0,2.0,,color,5,circle,low,stripes,square,high,dots,square,medium,plain,9s9ohl51gr8q1egnleufnd6m,13,False,True,13
1740521768412.0,2.0,0.0,,color,6,circle,low,stripes,square,high,dots,square,high,plain,9s9ohl51gr8q1egnleufnd6m,13,False,True,13
1740521772720.0,0.0,1.0,,color,7,circle,medium,stripes,square,high,dots,square,high,plain,9s9ohl51gr8q1egnleufnd6m,13,False,True,13
1740521777024.0,2.0,0.0,,texture,8,circle,medium,stripes,square,medium,dots,square,high,plain,9s9ohl51gr8q1egnleufnd6m,13,False,True,13
,,,,texture,9,,,,,,,,,,9s9ohl51gr8q1egnleufnd6m,13,False,True,13
1740521778821.0,2.0,0.0,,texture,10,circle,medium,dots,square,medium,dots,square,high,plain,9s9ohl51gr8q1egnleufnd6m,13,False,True,13
,,,,texture,11,,,,,,,,,,9s9ohl51gr8q1egnleufnd6m,13,False,True,13
1740521780675.0,2.0,1.0,,texture,12,circle,medium,plain,square,medium,dots,square,high,plain,9s9ohl51gr8q1egnleufnd6m,13,False,True,13
,,,,texture,13,,,,,,,,,,9s9ohl51gr8q1egnleufnd6m,13,False,True,13
1740521923838.0,1.0,2.0,,shape,1,square,low,plain,circle,low,dots,circle,high,stripes,9s9ohl51gr8q1egnleufnd6m,14,False,True,29
1740521929063.0,1.0,2.0,,shape,2,square,low,plain,circle,low,dots,square,high,stripes,9s9ohl51gr8q1egnleufnd6m,14,False,True,29
1740521931221.0,2.0,1.0,,shape,3,square,low,plain,circle,low,dots,circle,high,stripes,9s9ohl51gr8q1egnleufnd6m,14,False,True,29
1740521932955.0,2.0,1.0,,shape,4,square,low,plain,circle,low,dots,circle,high,stripes,9s9ohl51gr8q1egnleufnd6m,14,False,True,29
1740521934676.0,2.0,1.0,,shape,5,square,low,plain,square,low,dots,circle,high,stripes,9s9ohl51gr8q1egnleufnd6m,14,False,True,29
1740521936263.0,2.0,1.0,,shape,6,square,low,plain,circle,low,dots,circle,high,stripes,9s9ohl51gr8q1egnleufnd6m,14,False,True,29
1740521938009.0,2.0,1.0,,shape,7,square,low,plain,circle,low,dots,circle,high,stripes,9s9ohl51gr8q1egnleufnd6m,14,False,True,29
1740521939701.0,2.0,1.0,,shape,8,square,low,plain,square,low,dots,circle,high,stripes,9s9ohl51gr8q1egnleufnd6m,14,False,True,29
1740521941317.0,2.0,1.0,,shape,9,square,low,plain,circle,low,dots,circle,high,stripes,9s9ohl51gr8q1egnleufnd6m,14,False,True,29
1740521942863.0,2.0,1.0,,shape,10,square,low,plain,circle,low,dots,circle,high,stripes,9s9ohl51gr8q1egnleufnd6m,14,False,True,29
1740521944583.0,2.0,1.0,,shape,11,square,low,plain,circle,low,dots,circle,high,stripes,9s9ohl51gr8q1egnleufnd6m,14,False,True,29
1740521946250.0,2.0,1.0,,shape,12,square,low,plain,circle,low,dots,circle,high,stripes,9s9ohl51gr8q1egnleufnd6m,14,False,True,29
1740521947975.0,2.0,1.0,,shape,13,square,low,plain,circle,low,dots,circle,high,stripes,9s9ohl51gr8q1egnleufnd6m,14,False,True,29
1740521949638.0,2.0,1.0,,shape,14,square,low,plain,circle,low,dots,circle,high,stripes,9s9ohl51gr8q1egnleufnd6m,14,False,True,29
1740521951159.0,2.0,1.0,,shape,15,square,low,plain,circle,low,dots,circle,high,stripes,9s9ohl51gr8q1egnleufnd6m,14,False,True,29
1740521953512.0,1.0,0.0,,shape,16,square,low,plain,triangle,low,dots,circle,high,stripes,9s9ohl51gr8q1egnleufnd6m,14,False,True,29
1740521957542.0,2.0,1.0,,texture,17,triangle,low,plain,triangle,low,dots,circle,high,stripes,9s9ohl51gr8q1egnleufnd6m,14,False,True,29
,,,,texture,18,,,,,,,,,,9s9ohl51gr8q1egnleufnd6m,14,False,True,29
1740521959208.0,2.0,1.0,,texture,19,triangle,low,plain,triangle,low,plain,circle,high,stripes,9s9ohl51gr8q1egnleufnd6m,14,False,True,29
,,,,texture,20,,,,,,,,,,9s9ohl51gr8q1egnleufnd6m,14,False,True,29
1740521961304.0,1.0,2.0,,texture,21,triangle,low,plain,triangle,low,stripes,circle,high,stripes,9s9ohl51gr8q1egnleufnd6m,14,False,True,29
,,,,texture,22,,,,,,,,,,9s9ohl51gr8q1egnleufnd6m,14,False,True,29
1740521963001.0,1.0,2.0,,texture,23,triangle,low,plain,triangle,low,stripes,circle,high,dots,9s9ohl51gr8q1egnleufnd6m,14,False,True,29
,,,,texture,24,,,,,,,,,,9s9ohl51gr8q1egnleufnd6m,14,False,True,29
1740521976771.0,2.0,1.0,,color,25,triangle,low,plain,triangle,low,stripes,circle,high,plain,9s9ohl51gr8q1egnleufnd6m,14,False,True,29
1740521985441.0,2.0,0.0,,color,26,triangle,low,plain,triangle,medium,stripes,circle,high,plain,9s9ohl51gr8q1egnleufnd6m,14,False,True,29
1740521991862.0,2.0,0.0,,color,27,triangle,medium,plain,triangle,medium,stripes,circle,high,plain,9s9ohl51gr8q1egnleufnd6m,14,False,True,29
1740521997212.0,1.0,2.0,,color,28,triangle,high,plain,triangle,medium,stripes,circle,high,plain,9s9ohl51gr8q1egnleufnd6m,14,False,True,29
1740522002162.0,0.0,1.0,,color,29,triangle,high,plain,triangle,medium,stripes,circle,medium,plain,9s9ohl51gr8q1egnleufnd6m,14,False,True,29
1740522028483.0,2.0,0.0,,shape,1,square,medium,plain,square,low,plain,square,medium,stripes,9s9ohl51gr8q1egnleufnd6m,15,False,True,29
1740522029965.0,2.0,0.0,,shape,2,square,medium,plain,square,low,plain,square,medium,stripes,9s9ohl51gr8q1egnleufnd6m,15,False,True,29
1740522031632.0,2.0,0.0,,shape,3,circle,medium,plain,square,low,plain,square,medium,stripes,9s9ohl51gr8q1egnleufnd6m,15,False,True,29
1740522033146.0,2.0,0.0,,shape,4,square,medium,plain,square,low,plain,square,medium,stripes,9s9ohl51gr8q1egnleufnd6m,15,False,True,29
1740522034649.0,2.0,0.0,,shape,5,square,medium,plain,square,low,plain,square,medium,stripes,9s9ohl51gr8q1egnleufnd6m,15,False,True,29
1740522036182.0,2.0,0.0,,shape,6,square,medium,plain,square,low,plain,square,medium,stripes,9s9ohl51gr8q1egnleufnd6m,15,False,True,29
1740522037819.0,2.0,0.0,,shape,7,square,medium,plain,square,low,plain,square,medium,stripes,9s9ohl51gr8q1egnleufnd6m,15,False,True,29
1740522039478.0,2.0,0.0,,shape,8,square,medium,plain,square,low,plain,square,medium,stripes,9s9ohl51gr8q1egnleufnd6m,15,False,True,29
1740522041044.0,2.0,0.0,,shape,9,square,medium,plain,square,low,plain,square,medium,stripes,9s9ohl51gr8q1egnleufnd6m,15,False,True,29
1740522042632.0,2.0,0.0,,shape,10,square,medium,plain,square,low,plain,square,medium,stripes,9s9ohl51gr8q1egnleufnd6m,15,False,True,29
1740522044161.0,2.0,0.0,,shape,11,circle,medium,plain,square,low,plain,square,medium,stripes,9s9ohl51gr8q1egnleufnd6m,15,False,True,29
1740522045803.0,2.0,0.0,,shape,12,square,medium,plain,square,low,plain,square,medium,stripes,9s9ohl51gr8q1egnleufnd6m,15,False,True,29
1740522049774.0,0.0,1.0,,shape,13,triangle,medium,plain,square,low,plain,square,medium,stripes,9s9ohl51gr8q1egnleufnd6m,15,False,True,29
1740522051615.0,0.0,1.0,,shape,14,triangle,medium,plain,square,low,plain,square,medium,stripes,9s9ohl51gr8q1egnleufnd6m,15,False,True,29
1740522053365.0,0.0,2.0,,shape,15,triangle,medium,plain,triangle,low,plain,square,medium,stripes,9s9ohl51gr8q1egnleufnd6m,15,False,True,29
1740522059357.0,2.0,0.0,,texture,16,triangle,medium,plain,triangle,low,plain,triangle,medium,stripes,9s9ohl51gr8q1egnleufnd6m,15,False,True,29
,,,,texture,17,,,,,,,,,,9s9ohl51gr8q1egnleufnd6m,15,False,True,29
1740522062361.0,2.0,1.0,,texture,18,triangle,medium,stripes,triangle,low,plain,triangle,medium,stripes,9s9ohl51gr8q1egnleufnd6m,15,False,True,29
,,,,texture,19,,,,,,,,,,9s9ohl51gr8q1egnleufnd6m,15,False,True,29
1740522072556.0,1.0,0.0,,color,20,triangle,medium,stripes,triangle,low,stripes,triangle,medium,stripes,9s9ohl51gr8q1egnleufnd6m,15,False,True,29
1740522077436.0,2.0,1.0,,color,21,triangle,low,stripes,triangle,low,stripes,triangle,medium,stripes,9s9ohl51gr8q1egnleufnd6m,15,False,True,29
1740522080365.0,2.0,1.0,,color,22,triangle,low,stripes,triangle,medium,stripes,triangle,medium,stripes,9s9ohl51gr8q1egnleufnd6m,15,False,True,29
1740522082668.0,2.0,1.0,,color,23,triangle,low,stripes,triangle,medium,stripes,triangle,medium,stripes,9s9ohl51gr8q1egnleufnd6m,15,False,True,29
1740522084427.0,2.0,1.0,,color,24,triangle,low,stripes,triangle,medium,stripes,triangle,medium,stripes,9s9ohl51gr8q1egnleufnd6m,15,False,True,29
1740522086181.0,2.0,1.0,,color,25,triangle,low,stripes,triangle,medium,stripes,triangle,medium,stripes,9s9ohl51gr8q1egnleufnd6m,15,False,True,29
1740522087898.0,2.0,1.0,,color,26,triangle,low,stripes,triangle,medium,stripes,triangle,medium,stripes,9s9ohl51gr8q1egnleufnd6m,15,False,True,29
1740522089627.0,2.0,1.0,,color,27,triangle,low,stripes,triangle,medium,stripes,triangle,medium,stripes,9s9ohl51gr8q1egnleufnd6m,15,False,True,29
1740522091328.0,2.0,1.0,,color,28,triangle,low,stripes,triangle,medium,stripes,triangle,medium,stripes,9s9ohl51gr8q1egnleufnd6m,15,False,True,29
1740522092960.0,2.0,1.0,,color,29,triangle,low,stripes,triangle,medium,stripes,triangle,medium,stripes,9s9ohl51gr8q1egnleufnd6m,15,False,True,29
1740522124052.0,2.0,1.0,,color,1,square,high,stripes,circle,high,plain,square,medium,stripes,9s9ohl51gr8q1egnleufnd6m,16,False,True,27
1740522125910.0,2.0,1.0,,color,2,square,high,stripes,circle,medium,plain,square,medium,stripes,9s9ohl51gr8q1egnleufnd6m,16,False,True,27
1740522127612.0,2.0,1.0,,color,3,square,high,stripes,circle,medium,plain,square,medium,stripes,9s9ohl51gr8q1egnleufnd6m,16,False,True,27
1740522129201.0,2.0,1.0,,color,4,square,high,stripes,circle,medium,plain,square,medium,stripes,9s9ohl51gr8q1egnleufnd6m,16,False,True,27
1740522130951.0,2.0,1.0,,color,5,square,high,stripes,circle,medium,plain,square,medium,stripes,9s9ohl51gr8q1egnleufnd6m,16,False,True,27
1740522132785.0,2.0,1.0,,color,6,square,high,stripes,circle,medium,plain,square,medium,stripes,9s9ohl51gr8q1egnleufnd6m,16,False,True,27
1740522134535.0,2.0,1.0,,color,7,square,high,stripes,circle,medium,plain,square,medium,stripes,9s9ohl51gr8q1egnleufnd6m,16,False,True,27
1740522136322.0,2.0,1.0,,color,8,square,high,stripes,circle,medium,plain,square,medium,stripes,9s9ohl51gr8q1egnleufnd6m,16,False,True,27
1740522138068.0,2.0,1.0,,color,9,square,high,stripes,circle,medium,plain,square,medium,stripes,9s9ohl51gr8q1egnleufnd6m,16,False,True,27
1740522139718.0,2.0,1.0,,color,10,square,high,stripes,circle,medium,plain,square,medium,stripes,9s9ohl51gr8q1egnleufnd6m,16,False,True,27
1740522141685.0,2.0,1.0,,color,11,square,high,stripes,circle,high,plain,square,medium,stripes,9s9ohl51gr8q1egnleufnd6m,16,False,True,27
1740522143276.0,2.0,1.0,,color,12,square,high,stripes,circle,medium,plain,square,medium,stripes,9s9ohl51gr8q1egnleufnd6m,16,False,True,27
1740522144959.0,2.0,1.0,,color,13,square,high,stripes,circle,medium,plain,square,medium,stripes,9s9ohl51gr8q1egnleufnd6m,16,False,True,27
1740522146602.0,2.0,1.0,,color,14,square,high,stripes,circle,medium,plain,square,medium,stripes,9s9ohl51gr8q1egnleufnd6m,16,False,True,27
1740522148181.0,2.0,1.0,,color,15,square,high,stripes,circle,medium,plain,square,medium,stripes,9s9ohl51gr8q1egnleufnd6m,16,False,True,27
1740522149864.0,2.0,1.0,,color,16,square,high,stripes,circle,medium,plain,square,medium,stripes,9s9ohl51gr8q1egnleufnd6m,16,False,True,27
1740522151602.0,2.0,1.0,,color,17,square,high,stripes,circle,medium,plain,square,medium,stripes,9s9ohl51gr8q1egnleufnd6m,16,False,True,27
1740522153351.0,2.0,1.0,,color,18,square,high,stripes,circle,medium,plain,square,medium,stripes,9s9ohl51gr8q1egnleufnd6m,16,False,True,27
1740522155484.0,2.0,1.0,,color,19,square,high,stripes,circle,medium,plain,square,medium,stripes,9s9ohl51gr8q1egnleufnd6m,16,False,True,27
1740522157468.0,2.0,1.0,,color,20,square,high,stripes,circle,medium,plain,square,medium,stripes,9s9ohl51gr8q1egnleufnd6m,16,False,True,27
1740522159676.0,1.0,2.0,,color,21,square,high,stripes,circle,low,plain,square,medium,stripes,9s9ohl51gr8q1egnleufnd6m,16,False,True,27
1740522165972.0,1.0,2.0,,shape,22,square,high,stripes,circle,low,plain,square,low,stripes,9s9ohl51gr8q1egnleufnd6m,16,False,True,27
1740522168909.0,0.0,1.0,,shape,23,square,high,stripes,circle,low,plain,circle,low,stripes,9s9ohl51gr8q1egnleufnd6m,16,False,True,27
1740522174447.0,1.0,0.0,,texture,24,square,high,stripes,square,low,plain,circle,low,stripes,9s9ohl51gr8q1egnleufnd6m,16,False,True,27
,,,,texture,25,,,,,,,,,,9s9ohl51gr8q1egnleufnd6m,16,False,True,27
1740522176122.0,1.0,0.0,,texture,26,square,high,dots,square,low,plain,circle,low,stripes,9s9ohl51gr8q1egnleufnd6m,16,False,True,27
,,,,texture,27,,,,,,,,,,9s9ohl51gr8q1egnleufnd6m,16,False,True,27
1740522223154.0,1.0,0.0,,color,1,square,high,stripes,square,medium,dots,circle,high,dots,9s9ohl51gr8q1egnleufnd6m,17,False,True,45
1740522225096.0,1.0,0.0,,color,2,square,medium,stripes,square,medium,dots,circle,high,dots,9s9ohl51gr8q1egnleufnd6m,17,False,True,45
1740522226646.0,1.0,0.0,,color,3,square,medium,stripes,square,medium,dots,circle,high,dots,9s9ohl51gr8q1egnleufnd6m,17,False,True,45
1740522228175.0,1.0,0.0,,color,4,square,medium,stripes,square,medium,dots,circle,high,dots,9s9ohl51gr8q1egnleufnd6m,17,False,True,45
1740522229675.0,1.0,0.0,,color,5,square,high,stripes,square,medium,dots,circle,high,dots,9s9ohl51gr8q1egnleufnd6m,17,False,True,45
1740522231258.0,1.0,0.0,,color,6,square,medium,stripes,square,medium,dots,circle,high,dots,9s9ohl51gr8q1egnleufnd6m,17,False,True,45
1740522232692.0,1.0,0.0,,color,7,square,medium,stripes,square,medium,dots,circle,high,dots,9s9ohl51gr8q1egnleufnd6m,17,False,True,45
1740522234142.0,1.0,0.0,,color,8,square,medium,stripes,square,medium,dots,circle,high,dots,9s9ohl51gr8q1egnleufnd6m,17,False,True,45
1740522235692.0,1.0,0.0,,color,9,square,medium,stripes,square,medium,dots,circle,high,dots,9s9ohl51gr8q1egnleufnd6m,17,False,True,45
1740522237179.0,1.0,0.0,,color,10,square,medium,stripes,square,medium,dots,circle,high,dots,9s9ohl51gr8q1egnleufnd6m,17,False,True,45
1740522238666.0,1.0,0.0,,color,11,square,medium,stripes,square,medium,dots,circle,high,dots,9s9ohl51gr8q1egnleufnd6m,17,False,True,45
1740522240321.0,1.0,0.0,,color,12,square,medium,stripes,square,medium,dots,circle,high,dots,9s9ohl51gr8q1egnleufnd6m,17,False,True,45
1740522243088.0,0.0,1.0,,color,13,square,low,stripes,square,medium,dots,circle,high,dots,9s9ohl51gr8q1egnleufnd6m,17,False,True,45
1740522245220.0,0.0,2.0,,color,14,square,low,stripes,square,low,dots,circle,high,dots,9s9ohl51gr8q1egnleufnd6m,17,False,True,45
1740522251750.0,2.0,0.0,,shape,15,square,low,stripes,square,low,dots,circle,medium,dots,9s9ohl51gr8q1egnleufnd6m,17,False,True,45
1740522254741.0,0.0,2.0,,shape,16,circle,low,stripes,square,low,dots,circle,medium,dots,9s9ohl51gr8q1egnleufnd6m,17,False,True,45
1740522256475.0,0.0,2.0,,shape,17,circle,low,stripes,square,low,dots,square,medium,dots,9s9ohl51gr8q1egnleufnd6m,17,False,True,45
1740522258383.0,0.0,2.0,,shape,18,circle,low,stripes,square,low,dots,circle,medium,dots,9s9ohl51gr8q1egnleufnd6m,17,False,True,45
1740522260008.0,0.0,2.0,,shape,19,circle,low,stripes,square,low,dots,circle,medium,dots,9s9ohl51gr8q1egnleufnd6m,17,False,True,45
1740522262449.0,0.0,2.0,,shape,20,circle,low,stripes,square,low,dots,circle,medium,dots,9s9ohl51gr8q1egnleufnd6m,17,False,True,45
1740522264537.0,0.0,2.0,,shape,21,circle,low,stripes,square,low,dots,circle,medium,dots,9s9ohl51gr8q1egnleufnd6m,17,False,True,45
1740522266287.0,0.0,2.0,,shape,22,circle,low,stripes,square,low,dots,circle,medium,dots,9s9ohl51gr8q1egnleufnd6m,17,False,True,45
1740522267912.0,0.0,2.0,,shape,23,circle,low,stripes,square,low,dots,circle,medium,dots,9s9ohl51gr8q1egnleufnd6m,17,False,True,45
1740522269578.0,0.0,2.0,,shape,24,circle,low,stripes,square,low,dots,circle,medium,dots,9s9ohl51gr8q1egnleufnd6m,17,False,True,45
1740522271229.0,0.0,2.0,,shape,25,circle,low,stripes,square,low,dots,circle,medium,dots,9s9ohl51gr8q1egnleufnd6m,17,False,True,45
1740522272920.0,0.0,2.0,,shape,26,circle,low,stripes,square,low,dots,circle,medium,dots,9s9ohl51gr8q1egnleufnd6m,17,False,True,45
1740522274474.0,0.0,2.0,,shape,27,circle,low,stripes,square,low,dots,circle,medium,dots,9s9ohl51gr8q1egnleufnd6m,17,False,True,45
1740522276116.0,0.0,2.0,,shape,28,circle,low,stripes,square,low,dots,circle,medium,dots,9s9ohl51gr8q1egnleufnd6m,17,False,True,45
1740522277654.0,0.0,2.0,,shape,29,circle,low,stripes,square,low,dots,circle,medium,dots,9s9ohl51gr8q1egnleufnd6m,17,False,True,45
1740522279091.0,0.0,2.0,,shape,30,circle,low,stripes,square,low,dots,square,medium,dots,9s9ohl51gr8q1egnleufnd6m,17,False,True,45
1740522280595.0,0.0,2.0,,shape,31,circle,low,stripes,square,low,dots,circle,medium,dots,9s9ohl51gr8q1egnleufnd6m,17,False,True,45
1740522282028.0,0.0,2.0,,shape,32,circle,low,stripes,square,low,dots,circle,medium,dots,9s9ohl51gr8q1egnleufnd6m,17,False,True,45
1740522283515.0,0.0,2.0,,shape,33,circle,low,stripes,square,low,dots,circle,medium,dots,9s9ohl51gr8q1egnleufnd6m,17,False,True,45
1740522285087.0,0.0,2.0,,shape,34,circle,low,stripes,square,low,dots,circle,medium,dots,9s9ohl51gr8q1egnleufnd6m,17,False,True,45
1740522289607.0,0.0,2.0,,color,35,circle,low,stripes,square,low,dots,triangle,medium,dots,9s9ohl51gr8q1egnleufnd6m,17,False,True,45
1740522293199.0,0.0,1.0,,texture,36,circle,low,stripes,square,low,dots,triangle,low,dots,9s9ohl51gr8q1egnleufnd6m,17,False,True,45
,,,,texture,37,,,,,,,,,,9s9ohl51gr8q1egnleufnd6m,17,False,True,45
1740522294966.0,0.0,1.0,,texture,38,circle,low,stripes,square,low,plain,triangle,low,dots,9s9ohl51gr8q1egnleufnd6m,17,False,True,45
,,,,texture,39,,,,,,,,,,9s9ohl51gr8q1egnleufnd6m,17,False,True,45
1740522297165.0,2.0,0.0,,texture,40,circle,low,stripes,square,low,stripes,triangle,low,dots,9s9ohl51gr8q1egnleufnd6m,17,False,True,45
,,,,texture,41,,,,,,,,,,9s9ohl51gr8q1egnleufnd6m,17,False,True,45
1740522298807.0,2.0,0.0,,texture,42,circle,low,dots,square,low,stripes,triangle,low,dots,9s9ohl51gr8q1egnleufnd6m,17,False,True,45
,,,,texture,43,,,,,,,,,,9s9ohl51gr8q1egnleufnd6m,17,False,True,45
1740522300424.0,0.0,2.0,,texture,44,circle,low,plain,square,low,stripes,triangle,low,dots,9s9ohl51gr8q1egnleufnd6m,17,False,True,45
,,,,texture,45,,,,,,,,,,9s9ohl51gr8q1egnleufnd6m,17,False,True,45
1740522337906.0,0.0,1.0,,color,1,square,low,stripes,square,high,dots,circle,high,plain,9s9ohl51gr8q1egnleufnd6m,18,False,True,25
1740522340441.0,1.0,0.0,,color,2,square,low,stripes,square,medium,dots,circle,high,plain,9s9ohl51gr8q1egnleufnd6m,18,False,True,25
1740522347577.0,1.0,2.0,,color,3,square,medium,stripes,square,medium,dots,circle,high,plain,9s9ohl51gr8q1egnleufnd6m,18,False,True,25
1740522349227.0,1.0,2.0,,color,4,square,medium,stripes,square,medium,dots,circle,medium,plain,9s9ohl51gr8q1egnleufnd6m,18,False,True,25
1740522350852.0,1.0,2.0,,color,5,square,medium,stripes,square,medium,dots,circle,medium,plain,9s9ohl51gr8q1egnleufnd6m,18,False,True,25
1740522352398.0,1.0,2.0,,color,6,square,medium,stripes,square,medium,dots,circle,medium,plain,9s9ohl51gr8q1egnleufnd6m,18,False,True,25
1740522354002.0,1.0,2.0,,color,7,square,medium,stripes,square,medium,dots,circle,medium,plain,9s9ohl51gr8q1egnleufnd6m,18,False,True,25
1740522355560.0,1.0,2.0,,color,8,square,medium,stripes,square,medium,dots,circle,medium,plain,9s9ohl51gr8q1egnleufnd6m,18,False,True,25
1740522356952.0,1.0,2.0,,color,9,square,medium,stripes,square,medium,dots,circle,medium,plain,9s9ohl51gr8q1egnleufnd6m,18,False,True,25
1740522358507.0,1.0,2.0,,color,10,square,medium,stripes,square,medium,dots,circle,medium,plain,9s9ohl51gr8q1egnleufnd6m,18,False,True,25
1740522359923.0,1.0,2.0,,color,11,square,medium,stripes,square,medium,dots,circle,medium,plain,9s9ohl51gr8q1egnleufnd6m,18,False,True,25
1740522361348.0,1.0,2.0,,color,12,square,medium,stripes,square,medium,dots,circle,medium,plain,9s9ohl51gr8q1egnleufnd6m,18,False,True,25
1740522362752.0,1.0,2.0,,color,13,square,medium,stripes,square,medium,dots,circle,high,plain,9s9ohl51gr8q1egnleufnd6m,18,False,True,25
1740522364485.0,1.0,2.0,,color,14,square,medium,stripes,square,medium,dots,circle,medium,plain,9s9ohl51gr8q1egnleufnd6m,18,False,True,25
1740522366006.0,1.0,2.0,,color,15,square,medium,stripes,square,medium,dots,circle,medium,plain,9s9ohl51gr8q1egnleufnd6m,18,False,True,25
1740522367485.0,1.0,2.0,,color,16,square,medium,stripes,square,medium,dots,circle,medium,plain,9s9ohl51gr8q1egnleufnd6m,18,False,True,25
1740522368997.0,1.0,2.0,,color,17,square,medium,stripes,square,medium,dots,circle,medium,plain,9s9ohl51gr8q1egnleufnd6m,18,False,True,25
1740522374614.0,0.0,1.0,,texture,18,square,medium,stripes,square,medium,dots,circle,low,plain,9s9ohl51gr8q1egnleufnd6m,18,False,True,25
,,,,texture,19,,,,,,,,,,9s9ohl51gr8q1egnleufnd6m,18,False,True,25
1740522376214.0,0.0,1.0,,texture,20,square,medium,stripes,square,medium,plain,circle,low,plain,9s9ohl51gr8q1egnleufnd6m,18,False,True,25
,,,,texture,21,,,,,,,,,,9s9ohl51gr8q1egnleufnd6m,18,False,True,25
1740522377656.0,0.0,2.0,,texture,22,square,medium,stripes,square,medium,stripes,circle,low,plain,9s9ohl51gr8q1egnleufnd6m,18,False,True,25
,,,,texture,23,,,,,,,,,,9s9ohl51gr8q1egnleufnd6m,18,False,True,25
1740522386806.0,2.0,1.0,,shape,24,square,medium,stripes,square,medium,stripes,circle,low,stripes,9s9ohl51gr8q1egnleufnd6m,18,False,True,25
1740522390014.0,0.0,2.0,,shape,25,square,medium,stripes,circle,medium,stripes,circle,low,stripes,9s9ohl51gr8q1egnleufnd6m,18,False,True,25
1740522438780.0,1.0,2.0,,texture,1,circle,low,plain,square,medium,plain,square,low,plain,9s9ohl51gr8q1egnleufnd6m,19,False,True,20
,,,,texture,2,,,,,,,,,,9s9ohl51gr8q1egnleufnd6m,19,False,True,20
1740522452555.0,1.0,2.0,,color,3,circle,low,plain,square,medium,plain,square,low,stripes,9s9ohl51gr8q1egnleufnd6m,19,False,True,20
1740522456042.0,1.0,2.0,,color,4,circle,low,plain,square,medium,plain,square,medium,stripes,9s9ohl51gr8q1egnleufnd6m,19,False,True,20
1740522457701.0,1.0,2.0,,color,5,circle,low,plain,square,medium,plain,square,medium,stripes,9s9ohl51gr8q1egnleufnd6m,19,False,True,20
1740522459221.0,1.0,2.0,,color,6,circle,low,plain,square,medium,plain,square,medium,stripes,9s9ohl51gr8q1egnleufnd6m,19,False,True,20
1740522460709.0,1.0,2.0,,color,7,circle,low,plain,square,medium,plain,square,medium,stripes,9s9ohl51gr8q1egnleufnd6m,19,False,True,20
1740522462084.0,1.0,2.0,,color,8,circle,low,plain,square,medium,plain,square,medium,stripes,9s9ohl51gr8q1egnleufnd6m,19,False,True,20
1740522463571.0,1.0,2.0,,color,9,circle,low,plain,square,medium,plain,square,medium,stripes,9s9ohl51gr8q1egnleufnd6m,19,False,True,20
1740522465005.0,1.0,2.0,,color,10,circle,low,plain,square,medium,plain,square,medium,stripes,9s9ohl51gr8q1egnleufnd6m,19,False,True,20
1740522469034.0,2.0,0.0,,color,11,circle,low,plain,square,medium,plain,square,low,stripes,9s9ohl51gr8q1egnleufnd6m,19,False,True,20
1740522472188.0,1.0,0.0,,color,12,circle,medium,plain,square,medium,plain,square,low,stripes,9s9ohl51gr8q1egnleufnd6m,19,False,True,20
1740522473821.0,1.0,0.0,,color,13,circle,medium,plain,square,medium,plain,square,low,stripes,9s9ohl51gr8q1egnleufnd6m,19,False,True,20
1740522475446.0,1.0,0.0,,color,14,circle,medium,plain,square,medium,plain,square,low,stripes,9s9ohl51gr8q1egnleufnd6m,19,False,True,20
1740522477071.0,1.0,0.0,,color,15,circle,medium,plain,square,medium,plain,square,low,stripes,9s9ohl51gr8q1egnleufnd6m,19,False,True,20
1740522478633.0,1.0,0.0,,color,16,circle,medium,plain,square,medium,plain,square,low,stripes,9s9ohl51gr8q1egnleufnd6m,19,False,True,20
1740522480129.0,1.0,0.0,,color,17,circle,medium,plain,square,medium,plain,square,low,stripes,9s9ohl51gr8q1egnleufnd6m,19,False,True,20
1740522482177.0,0.0,1.0,,color,18,circle,high,plain,square,medium,plain,square,low,stripes,9s9ohl51gr8q1egnleufnd6m,19,False,True,20
1740522484247.0,0.0,2.0,,color,19,circle,high,plain,square,high,plain,square,low,stripes,9s9ohl51gr8q1egnleufnd6m,19,False,True,20
1740522485937.0,0.0,2.0,,color,20,circle,high,plain,square,high,plain,square,medium,stripes,9s9ohl51gr8q1egnleufnd6m,19,False,True,20
1740522505809.0,0.0,1.0,,shape,1,circle,high,dots,square,medium,dots,square,high,dots,9s9ohl51gr8q1egnleufnd6m,20,False,True,25
1740522507845.0,0.0,1.0,,shape,2,circle,high,dots,triangle,medium,dots,square,high,dots,9s9ohl51gr8q1egnleufnd6m,20,False,True,25
1740522516491.0,2.0,0.0,,texture,3,circle,high,dots,circle,medium,dots,square,high,dots,9s9ohl51gr8q1egnleufnd6m,20,False,True,25
,,,,texture,4,,,,,,,,,,9s9ohl51gr8q1egnleufnd6m,20,False,True,25
1740522518679.0,2.0,0.0,,texture,5,circle,high,plain,circle,medium,dots,square,high,dots,9s9ohl51gr8q1egnleufnd6m,20,False,True,25
,,,,texture,6,,,,,,,,,,9s9ohl51gr8q1egnleufnd6m,20,False,True,25
1740522520770.0,0.0,2.0,,texture,7,circle,high,stripes,circle,medium,dots,square,high,dots,9s9ohl51gr8q1egnleufnd6m,20,False,True,25
,,,,texture,8,,,,,,,,,,9s9ohl51gr8q1egnleufnd6m,20,False,True,25
1740522522374.0,0.0,2.0,,texture,9,circle,high,stripes,circle,medium,dots,square,high,plain,9s9ohl51gr8q1egnleufnd6m,20,False,True,25
,,,,texture,10,,,,,,,,,,9s9ohl51gr8q1egnleufnd6m,20,False,True,25
1740522524025.0,0.0,1.0,,texture,11,circle,high,stripes,circle,medium,dots,square,high,stripes,9s9ohl51gr8q1egnleufnd6m,20,False,True,25
,,,,texture,12,,,,,,,,,,9s9ohl51gr8q1egnleufnd6m,20,False,True,25
1740522525803.0,0.0,1.0,,texture,13,circle,high,stripes,circle,medium,plain,square,high,stripes,9s9ohl51gr8q1egnleufnd6m,20,False,True,25
,,,,texture,14,,,,,,,,,,9s9ohl51gr8q1egnleufnd6m,20,False,True,25
1740522534457.0,0.0,2.0,,color,15,circle,high,stripes,circle,medium,stripes,square,high,stripes,9s9ohl51gr8q1egnleufnd6m,20,False,True,25
1740522542191.0,1.0,2.0,,color,16,circle,high,stripes,circle,medium,stripes,square,medium,stripes,9s9ohl51gr8q1egnleufnd6m,20,False,True,25
1740522543762.0,1.0,2.0,,color,17,circle,high,stripes,circle,medium,stripes,square,medium,stripes,9s9ohl51gr8q1egnleufnd6m,20,False,True,25
1740522545345.0,1.0,2.0,,color,18,circle,high,stripes,circle,medium,stripes,square,medium,stripes,9s9ohl51gr8q1egnleufnd6m,20,False,True,25
1740522547116.0,1.0,2.0,,color,19,circle,high,stripes,circle,medium,stripes,square,medium,stripes,9s9ohl51gr8q1egnleufnd6m,20,False,True,25
1740522548815.0,1.0,2.0,,color,20,circle,high,stripes,circle,medium,stripes,square,high,stripes,9s9ohl51gr8q1egnleufnd6m,20,False,True,25
1740522550524.0,1.0,2.0,,color,21,circle,high,stripes,circle,medium,stripes,square,medium,stripes,9s9ohl51gr8q1egnleufnd6m,20,False,True,25
1740522552054.0,1.0,2.0,,color,22,circle,high,stripes,circle,medium,stripes,square,medium,stripes,9s9ohl51gr8q1egnleufnd6m,20,False,True,25
1740522553670.0,1.0,2.0,,color,23,circle,high,stripes,circle,medium,stripes,square,medium,stripes,9s9ohl51gr8q1egnleufnd6m,20,False,True,25
1740522555370.0,1.0,2.0,,color,24,circle,high,stripes,circle,medium,stripes,square,medium,stripes,9s9ohl51gr8q1egnleufnd6m,20,False,True,25
1740522557470.0,2.0,1.0,,color,25,circle,high,stripes,circle,medium,stripes,square,low,stripes,9s9ohl51gr8q1egnleufnd6m,20,False,True,25
1740314229176.0,1.0,0.0,,shape,1,triangle,high,dots,square,high,plain,triangle,high,plain,4ws4xdbet9cbxbf0zkjfnnmu,1,False,True,15
1740314232192.0,1.0,0.0,,shape,2,triangle,high,dots,square,high,plain,triangle,high,plain,4ws4xdbet9cbxbf0zkjfnnmu,1,False,True,15
1740314234759.0,1.0,2.0,,shape,3,square,high,dots,square,high,plain,triangle,high,plain,4ws4xdbet9cbxbf0zkjfnnmu,1,False,True,15
1740314241549.0,2.0,0.0,,texture,4,square,high,dots,square,high,plain,square,high,plain,4ws4xdbet9cbxbf0zkjfnnmu,1,False,True,15
1740314244209.0,0.0,1.0,,texture,5,square,high,plain,square,high,plain,square,high,plain,4ws4xdbet9cbxbf0zkjfnnmu,1,False,True,15
1740314246550.0,0.0,1.0,,texture,6,square,high,plain,square,high,stripes,square,high,plain,4ws4xdbet9cbxbf0zkjfnnmu,1,False,True,15
1740314250242.0,0.0,1.0,,color,7,square,high,plain,square,high,dots,square,high,plain,4ws4xdbet9cbxbf0zkjfnnmu,1,False,True,15
1740314256209.0,1.0,0.0,,color,8,square,high,plain,square,medium,dots,square,high,plain,4ws4xdbet9cbxbf0zkjfnnmu,1,False,True,15
1740314258924.0,0.0,2.0,,color,9,square,medium,plain,square,medium,dots,square,high,plain,4ws4xdbet9cbxbf0zkjfnnmu,1,False,True,15
1740314261866.0,1.0,2.0,,color,10,square,medium,plain,square,medium,dots,square,medium,plain,4ws4xdbet9cbxbf0zkjfnnmu,1,False,True,15
1740314264043.0,1.0,2.0,,color,11,square,medium,plain,square,medium,dots,square,medium,plain,4ws4xdbet9cbxbf0zkjfnnmu,1,False,True,15
1740314266383.0,1.0,2.0,,color,12,square,medium,plain,square,medium,dots,square,high,plain,4ws4xdbet9cbxbf0zkjfnnmu,1,False,True,15
1740314268376.0,1.0,2.0,,color,13,square,medium,plain,square,medium,dots,square,medium,plain,4ws4xdbet9cbxbf0zkjfnnmu,1,False,True,15
1740314270316.0,1.0,2.0,,color,14,square,medium,plain,square,medium,dots,square,medium,plain,4ws4xdbet9cbxbf0zkjfnnmu,1,False,True,15
1740314275125.0,2.0,1.0,,color,15,square,medium,plain,square,medium,dots,square,low,plain,4ws4xdbet9cbxbf0zkjfnnmu,1,False,True,15
1740314293183.0,2.0,0.0,,color,1,triangle,high,dots,triangle,high,stripes,triangle,low,stripes,4ws4xdbet9cbxbf0zkjfnnmu,2,False,True,13
1740314295275.0,2.0,0.0,,color,2,triangle,medium,dots,triangle,high,stripes,triangle,low,stripes,4ws4xdbet9cbxbf0zkjfnnmu,2,False,True,13
1740314297242.0,2.0,1.0,,color,3,triangle,low,dots,triangle,high,stripes,triangle,low,stripes,4ws4xdbet9cbxbf0zkjfnnmu,2,False,True,13
1740314299125.0,2.0,1.0,,color,4,triangle,low,dots,triangle,medium,stripes,triangle,low,stripes,4ws4xdbet9cbxbf0zkjfnnmu,2,False,True,13
1740314304958.0,2.0,0.0,,texture,5,triangle,low,dots,triangle,low,stripes,triangle,low,stripes,4ws4xdbet9cbxbf0zkjfnnmu,2,False,True,13
1740314308732.0,0.0,1.0,,shape,6,triangle,low,plain,triangle,low,stripes,triangle,low,stripes,4ws4xdbet9cbxbf0zkjfnnmu,2,False,True,13
1740314310615.0,0.0,1.0,,shape,7,triangle,low,plain,triangle,low,stripes,triangle,low,stripes,4ws4xdbet9cbxbf0zkjfnnmu,2,False,True,13
1740314312582.0,0.0,1.0,,shape,8,triangle,low,plain,triangle,low,stripes,triangle,low,stripes,4ws4xdbet9cbxbf0zkjfnnmu,2,False,True,13
1740314315699.0,1.0,2.0,,shape,9,triangle,low,plain,square,low,stripes,triangle,low,stripes,4ws4xdbet9cbxbf0zkjfnnmu,2,False,True,13
1740314317692.0,1.0,2.0,,shape,10,triangle,low,plain,square,low,stripes,square,low,stripes,4ws4xdbet9cbxbf0zkjfnnmu,2,False,True,13
1740314319473.0,1.0,2.0,,shape,11,triangle,low,plain,square,low,stripes,square,low,stripes,4ws4xdbet9cbxbf0zkjfnnmu,2,False,True,13
1740314321233.0,1.0,2.0,,shape,12,triangle,low,plain,square,low,stripes,square,low,stripes,4ws4xdbet9cbxbf0zkjfnnmu,2,False,True,13
1740314323081.0,1.0,2.0,,shape,13,triangle,low,plain,square,low,stripes,square,low,stripes,4ws4xdbet9cbxbf0zkjfnnmu,2,False,True,13
1740314338174.0,1.0,0.0,,texture,1,triangle,low,dots,square,low,plain,triangle,medium,stripes,4ws4xdbet9cbxbf0zkjfnnmu,3,False,True,7
1740314340358.0,1.0,2.0,,texture,2,triangle,low,plain,square,low,plain,triangle,medium,stripes,4ws4xdbet9cbxbf0zkjfnnmu,3,False,True,7
1740314342208.0,1.0,2.0,,texture,3,triangle,low,plain,square,low,plain,triangle,medium,dots,4ws4xdbet9cbxbf0zkjfnnmu,3,False,True,7
1740314346608.0,1.0,0.0,,shape,4,triangle,low,plain,square,low,plain,triangle,medium,plain,4ws4xdbet9cbxbf0zkjfnnmu,3,False,True,7
1740314348825.0,1.0,0.0,,shape,5,triangle,low,plain,square,low,plain,triangle,medium,plain,4ws4xdbet9cbxbf0zkjfnnmu,3,False,True,7
1740314350882.0,1.0,2.0,,shape,6,square,low,plain,square,low,plain,triangle,medium,plain,4ws4xdbet9cbxbf0zkjfnnmu,3,False,True,7
1740314354848.0,0.0,2.0,,color,7,square,low,plain,square,low,plain,square,medium,plain,4ws4xdbet9cbxbf0zkjfnnmu,3,False,True,7
1740314369524.0,2.0,0.0,,shape,1,square,low,stripes,triangle,medium,plain,square,high,stripes,4ws4xdbet9cbxbf0zkjfnnmu,4,True,False,38
1740314371432.0,2.0,0.0,,shape,2,square,low,stripes,triangle,medium,plain,square,high,stripes,4ws4xdbet9cbxbf0zkjfnnmu,4,True,False,38
1740314373415.0,2.0,0.0,,shape,3,triangle,low,stripes,triangle,medium,plain,square,high,stripes,4ws4xdbet9cbxbf0zkjfnnmu,4,True,False,38
1740314375341.0,2.0,0.0,,shape,4,circle,low,stripes,triangle,medium,plain,square,high,stripes,4ws4xdbet9cbxbf0zkjfnnmu,4,True,False,38
1740314377365.0,2.0,0.0,,shape,5,square,low,stripes,triangle,medium,plain,square,high,stripes,4ws4xdbet9cbxbf0zkjfnnmu,4,True,False,38
1740314379231.0,2.0,0.0,,shape,6,square,low,stripes,triangle,medium,plain,square,high,stripes,4ws4xdbet9cbxbf0zkjfnnmu,4,True,False,38
1740314381182.0,2.0,0.0,,shape,7,square,low,stripes,triangle,medium,plain,square,high,stripes,4ws4xdbet9cbxbf0zkjfnnmu,4,True,False,38
1740314383074.0,2.0,0.0,,shape,8,triangle,low,stripes,triangle,medium,plain,square,high,stripes,4ws4xdbet9cbxbf0zkjfnnmu,4,True,False,38
1740314384874.0,2.0,0.0,,shape,9,square,low,stripes,triangle,medium,plain,square,high,stripes,4ws4xdbet9cbxbf0zkjfnnmu,4,True,False,38
1740314386732.0,2.0,0.0,,shape,10,triangle,low,stripes,triangle,medium,plain,square,high,stripes,4ws4xdbet9cbxbf0zkjfnnmu,4,True,False,38
1740314388591.0,2.0,0.0,,shape,11,square,low,stripes,triangle,medium,plain,square,high,stripes,4ws4xdbet9cbxbf0zkjfnnmu,4,True,False,38
1740314390398.0,2.0,0.0,,shape,12,square,low,stripes,triangle,medium,plain,square,high,stripes,4ws4xdbet9cbxbf0zkjfnnmu,4,True,False,38
1740314392274.0,2.0,0.0,,shape,13,square,low,stripes,triangle,medium,plain,square,high,stripes,4ws4xdbet9cbxbf0zkjfnnmu,4,True,False,38
1740314394207.0,2.0,0.0,,shape,14,triangle,low,stripes,triangle,medium,plain,square,high,stripes,4ws4xdbet9cbxbf0zkjfnnmu,4,True,False,38
1740314396282.0,2.0,0.0,,shape,15,triangle,low,stripes,triangle,medium,plain,square,high,stripes,4ws4xdbet9cbxbf0zkjfnnmu,4,True,False,38
1740314397898.0,1.0,0.0,,shape,16,square,low,stripes,triangle,medium,plain,square,high,stripes,4ws4xdbet9cbxbf0zkjfnnmu,4,True,False,38
1740314399607.0,1.0,0.0,,shape,17,triangle,low,stripes,triangle,medium,plain,square,high,stripes,4ws4xdbet9cbxbf0zkjfnnmu,4,True,False,38
1740314401948.0,0.0,1.0,,shape,18,circle,low,stripes,triangle,medium,plain,square,high,stripes,4ws4xdbet9cbxbf0zkjfnnmu,4,True,False,38
1740314404173.0,0.0,2.0,,shape,19,circle,low,stripes,circle,medium,plain,square,high,stripes,4ws4xdbet9cbxbf0zkjfnnmu,4,True,False,38
1740314408555.0,2.0,0.0,,color,20,circle,low,stripes,circle,medium,plain,circle,high,stripes,4ws4xdbet9cbxbf0zkjfnnmu,4,True,False,38
1740314412057.0,1.0,2.0,,color,21,circle,medium,stripes,circle,medium,plain,circle,high,stripes,4ws4xdbet9cbxbf0zkjfnnmu,4,True,False,38
1740314414280.0,2.0,1.0,,color,22,circle,medium,stripes,circle,medium,plain,circle,medium,stripes,4ws4xdbet9cbxbf0zkjfnnmu,4,True,False,38
1740314416132.0,2.0,1.0,,color,23,circle,medium,stripes,circle,medium,plain,circle,medium,stripes,4ws4xdbet9cbxbf0zkjfnnmu,4,True,False,38
1740314418907.0,1.0,0.0,,texture,24,circle,medium,stripes,circle,low,plain,circle,medium,stripes,4ws4xdbet9cbxbf0zkjfnnmu,4,True,False,38
1740314421164.0,0.0,2.0,,texture,25,circle,medium,dots,circle,low,plain,circle,medium,stripes,4ws4xdbet9cbxbf0zkjfnnmu,4,True,False,38
1740314423273.0,2.0,1.0,,texture,26,circle,medium,dots,circle,low,plain,circle,medium,dots,4ws4xdbet9cbxbf0zkjfnnmu,4,True,False,38
1740314425223.0,2.0,1.0,,texture,27,circle,medium,dots,circle,low,stripes,circle,medium,dots,4ws4xdbet9cbxbf0zkjfnnmu,4,True,False,38
1740314430248.0,2.0,0.0,,color,28,circle,medium,dots,circle,low,dots,circle,medium,dots,4ws4xdbet9cbxbf0zkjfnnmu,4,True,False,38
1740314432290.0,2.0,0.0,,color,29,circle,medium,dots,circle,low,dots,circle,medium,dots,4ws4xdbet9cbxbf0zkjfnnmu,4,True,False,38
1740314434148.0,2.0,0.0,,color,30,circle,medium,dots,circle,low,dots,circle,medium,dots,4ws4xdbet9cbxbf0zkjfnnmu,4,True,False,38
1740314435923.0,2.0,0.0,,color,31,circle,medium,dots,circle,low,dots,circle,medium,dots,4ws4xdbet9cbxbf0zkjfnnmu,4,True,False,38
1740314437740.0,2.0,0.0,,color,32,circle,medium,dots,circle,low,dots,circle,medium,dots,4ws4xdbet9cbxbf0zkjfnnmu,4,True,False,38
1740314440348.0,2.0,0.0,,color,33,circle,low,dots,circle,low,dots,circle,medium,dots,4ws4xdbet9cbxbf0zkjfnnmu,4,True,False,38
1740314442140.0,2.0,0.0,,color,34,circle,medium,dots,circle,low,dots,circle,medium,dots,4ws4xdbet9cbxbf0zkjfnnmu,4,True,False,38
1740314443957.0,2.0,0.0,,color,35,circle,medium,dots,circle,low,dots,circle,medium,dots,4ws4xdbet9cbxbf0zkjfnnmu,4,True,False,38
1740314445740.0,2.0,0.0,,color,36,circle,medium,dots,circle,low,dots,circle,medium,dots,4ws4xdbet9cbxbf0zkjfnnmu,4,True,False,38
1740314447656.0,2.0,0.0,,color,37,circle,medium,dots,circle,low,dots,circle,medium,dots,4ws4xdbet9cbxbf0zkjfnnmu,4,True,False,38
1740314449464.0,2.0,0.0,,color,38,circle,medium,dots,circle,low,dots,circle,medium,dots,4ws4xdbet9cbxbf0zkjfnnmu,4,True,False,38
1740314469957.0,2.0,0.0,,shape,1,square,high,plain,circle,low,plain,triangle,low,dots,4ws4xdbet9cbxbf0zkjfnnmu,5,False,True,9
1740314471806.0,2.0,1.0,,shape,2,triangle,high,plain,circle,low,plain,triangle,low,dots,4ws4xdbet9cbxbf0zkjfnnmu,5,False,True,9
1740314475330.0,0.0,1.0,,color,3,triangle,high,plain,triangle,low,plain,triangle,low,dots,4ws4xdbet9cbxbf0zkjfnnmu,5,False,True,9
1740314477373.0,1.0,0.0,,color,4,triangle,high,plain,triangle,medium,plain,triangle,low,dots,4ws4xdbet9cbxbf0zkjfnnmu,5,False,True,9
1740314479357.0,1.0,2.0,,color,5,triangle,medium,plain,triangle,medium,plain,triangle,low,dots,4ws4xdbet9cbxbf0zkjfnnmu,5,False,True,9
1740314481731.0,2.0,0.0,,texture,6,triangle,medium,plain,triangle,medium,plain,triangle,medium,dots,4ws4xdbet9cbxbf0zkjfnnmu,5,False,True,9
1740314483622.0,2.0,0.0,,texture,7,triangle,medium,stripes,triangle,medium,plain,triangle,medium,dots,4ws4xdbet9cbxbf0zkjfnnmu,5,False,True,9
1740314485440.0,0.0,1.0,,texture,8,triangle,medium,dots,triangle,medium,plain,triangle,medium,dots,4ws4xdbet9cbxbf0zkjfnnmu,5,False,True,9
1740314487405.0,0.0,1.0,,texture,9,triangle,medium,dots,triangle,medium,stripes,triangle,medium,dots,4ws4xdbet9cbxbf0zkjfnnmu,5,False,True,9
1740314509196.0,1.0,0.0,,shape,1,triangle,low,stripes,square,low,stripes,circle,high,stripes,4ws4xdbet9cbxbf0zkjfnnmu,6,False,True,12
1740314511181.0,1.0,2.0,,shape,2,square,low,stripes,square,low,stripes,circle,high,stripes,4ws4xdbet9cbxbf0zkjfnnmu,6,False,True,12
1740314514438.0,2.0,0.0,,color,3,square,low,stripes,square,low,stripes,triangle,high,stripes,4ws4xdbet9cbxbf0zkjfnnmu,6,False,True,12
1740314516856.0,0.0,1.0,,color,4,square,medium,stripes,square,low,stripes,triangle,high,stripes,4ws4xdbet9cbxbf0zkjfnnmu,6,False,True,12
1740314518731.0,1.0,2.0,,color,5,square,medium,stripes,square,medium,stripes,triangle,high,stripes,4ws4xdbet9cbxbf0zkjfnnmu,6,False,True,12
1740314521863.0,0.0,1.0,,texture,6,square,medium,stripes,square,medium,stripes,triangle,medium,stripes,4ws4xdbet9cbxbf0zkjfnnmu,6,False,True,12
1740314523714.0,1.0,0.0,,texture,7,square,medium,stripes,square,medium,dots,triangle,medium,stripes,4ws4xdbet9cbxbf0zkjfnnmu,6,False,True,12
1740314525413.0,0.0,1.0,,texture,8,square,medium,dots,square,medium,dots,triangle,medium,stripes,4ws4xdbet9cbxbf0zkjfnnmu,6,False,True,12
1740314526938.0,1.0,0.0,,texture,9,square,medium,dots,square,medium,plain,triangle,medium,stripes,4ws4xdbet9cbxbf0zkjfnnmu,6,False,True,12
1740314528722.0,0.0,1.0,,texture,10,square,medium,plain,square,medium,plain,triangle,medium,stripes,4ws4xdbet9cbxbf0zkjfnnmu,6,False,True,12
1740314530871.0,1.0,2.0,,texture,11,square,medium,plain,square,medium,stripes,triangle,medium,stripes,4ws4xdbet9cbxbf0zkjfnnmu,6,False,True,12
1740314533706.0,0.0,2.0,,shape,12,square,medium,plain,square,medium,stripes,triangle,medium,dots,4ws4xdbet9cbxbf0zkjfnnmu,6,False,True,12
1740314552888.0,2.0,0.0,,texture,1,circle,high,stripes,triangle,high,stripes,triangle,high,plain,4ws4xdbet9cbxbf0zkjfnnmu,7,False,True,22
1740314554772.0,2.0,0.0,,texture,2,circle,high,dots,triangle,high,stripes,triangle,high,plain,4ws4xdbet9cbxbf0zkjfnnmu,7,False,True,22
1740314556478.0,0.0,1.0,,texture,3,circle,high,plain,triangle,high,stripes,triangle,high,plain,4ws4xdbet9cbxbf0zkjfnnmu,7,False,True,22
1740314558329.0,0.0,1.0,,texture,4,circle,high,plain,triangle,high,dots,triangle,high,plain,4ws4xdbet9cbxbf0zkjfnnmu,7,False,True,22
1740314562238.0,0.0,1.0,,color,5,circle,high,plain,triangle,high,plain,triangle,high,plain,4ws4xdbet9cbxbf0zkjfnnmu,7,False,True,22
1740314564089.0,0.0,1.0,,color,6,circle,high,plain,triangle,high,plain,triangle,high,plain,4ws4xdbet9cbxbf0zkjfnnmu,7,False,True,22
1740314566039.0,1.0,0.0,,color,7,circle,high,plain,triangle,medium,plain,triangle,high,plain,4ws4xdbet9cbxbf0zkjfnnmu,7,False,True,22
1740314567889.0,1.0,2.0,,color,8,circle,medium,plain,triangle,medium,plain,triangle,high,plain,4ws4xdbet9cbxbf0zkjfnnmu,7,False,True,22
1740314571038.0,0.0,1.0,,shape,9,circle,medium,plain,triangle,medium,plain,triangle,medium,plain,4ws4xdbet9cbxbf0zkjfnnmu,7,False,True,22
1740314572830.0,1.0,0.0,,shape,10,circle,medium,plain,circle,medium,plain,triangle,medium,plain,4ws4xdbet9cbxbf0zkjfnnmu,7,False,True,22
1740314574606.0,2.0,0.0,,shape,11,triangle,medium,plain,circle,medium,plain,triangle,medium,plain,4ws4xdbet9cbxbf0zkjfnnmu,7,False,True,22
1740314576522.0,2.0,0.0,,shape,12,triangle,medium,plain,circle,medium,plain,triangle,medium,plain,4ws4xdbet9cbxbf0zkjfnnmu,7,False,True,22
1740314578588.0,2.0,0.0,,shape,13,triangle,medium,plain,circle,medium,plain,triangle,medium,plain,4ws4xdbet9cbxbf0zkjfnnmu,7,False,True,22
1740314580996.0,2.0,0.0,,shape,14,triangle,medium,plain,circle,medium,plain,triangle,medium,plain,4ws4xdbet9cbxbf0zkjfnnmu,7,False,True,22
1740314583771.0,2.0,0.0,,shape,15,circle,medium,plain,circle,medium,plain,triangle,medium,plain,4ws4xdbet9cbxbf0zkjfnnmu,7,False,True,22
1740314587963.0,2.0,0.0,,shape,16,triangle,medium,plain,circle,medium,plain,triangle,medium,plain,4ws4xdbet9cbxbf0zkjfnnmu,7,False,True,22
1740314589872.0,2.0,0.0,,shape,17,triangle,medium,plain,circle,medium,plain,triangle,medium,plain,4ws4xdbet9cbxbf0zkjfnnmu,7,False,True,22
1740314591712.0,2.0,0.0,,shape,18,triangle,medium,plain,circle,medium,plain,triangle,medium,plain,4ws4xdbet9cbxbf0zkjfnnmu,7,False,True,22
1740314593904.0,0.0,1.0,,shape,19,square,medium,plain,circle,medium,plain,triangle,medium,plain,4ws4xdbet9cbxbf0zkjfnnmu,7,False,True,22
1740314596038.0,0.0,1.0,,shape,20,square,medium,plain,circle,medium,plain,triangle,medium,plain,4ws4xdbet9cbxbf0zkjfnnmu,7,False,True,22
1740314597923.0,0.0,2.0,,shape,21,square,medium,plain,square,medium,plain,triangle,medium,plain,4ws4xdbet9cbxbf0zkjfnnmu,7,False,True,22
1740314599896.0,0.0,2.0,,shape,22,square,medium,plain,square,medium,plain,circle,medium,plain,4ws4xdbet9cbxbf0zkjfnnmu,7,False,True,22
1740314628610.0,0.0,1.0,,texture,1,circle,high,plain,square,high,stripes,square,high,plain,4ws4xdbet9cbxbf0zkjfnnmu,8,False,True,11
1740314632171.0,1.0,0.0,,texture,2,circle,high,plain,square,high,dots,square,high,plain,4ws4xdbet9cbxbf0zkjfnnmu,8,False,True,11
1740314633977.0,1.0,2.0,,texture,3,circle,high,stripes,square,high,dots,square,high,plain,4ws4xdbet9cbxbf0zkjfnnmu,8,False,True,11
1740314635928.0,1.0,0.0,,texture,4,circle,high,stripes,square,high,dots,square,high,stripes,4ws4xdbet9cbxbf0zkjfnnmu,8,False,True,11
1740314637789.0,1.0,2.0,,texture,5,circle,high,dots,square,high,dots,square,high,stripes,4ws4xdbet9cbxbf0zkjfnnmu,8,False,True,11
1740314639795.0,0.0,1.0,,shape,6,circle,high,dots,square,high,dots,square,high,dots,4ws4xdbet9cbxbf0zkjfnnmu,8,False,True,11
1740314641820.0,0.0,2.0,,shape,7,circle,high,dots,circle,high,dots,square,high,dots,4ws4xdbet9cbxbf0zkjfnnmu,8,False,True,11
1740314644754.0,0.0,1.0,,color,8,circle,high,dots,circle,high,dots,square,high,dots,4ws4xdbet9cbxbf0zkjfnnmu,8,False,True,11
1740314646670.0,1.0,0.0,,color,9,circle,high,dots,circle,medium,dots,square,high,dots,4ws4xdbet9cbxbf0zkjfnnmu,8,False,True,11
1740314648844.0,1.0,2.0,,color,10,circle,medium,dots,circle,medium,dots,square,high,dots,4ws4xdbet9cbxbf0zkjfnnmu,8,False,True,11
1740314651621.0,0.0,2.0,,shape,11,circle,medium,dots,circle,medium,dots,square,medium,dots,4ws4xdbet9cbxbf0zkjfnnmu,8,False,True,11
1740314668295.0,0.0,1.0,,shape,1,square,medium,dots,circle,low,dots,triangle,low,stripes,4ws4xdbet9cbxbf0zkjfnnmu,9,False,True,8
1740314670178.0,0.0,1.0,,shape,2,square,medium,dots,triangle,low,dots,triangle,low,stripes,4ws4xdbet9cbxbf0zkjfnnmu,9,False,True,8
1740314672404.0,0.0,1.0,,shape,3,square,medium,dots,triangle,low,dots,triangle,low,stripes,4ws4xdbet9cbxbf0zkjfnnmu,9,False,True,8
1740314676112.0,0.0,2.0,,shape,4,square,medium,dots,triangle,low,dots,triangle,low,stripes,4ws4xdbet9cbxbf0zkjfnnmu,9,False,True,8
1740314678119.0,2.0,1.0,,shape,5,square,medium,dots,triangle,low,dots,square,low,stripes,4ws4xdbet9cbxbf0zkjfnnmu,9,False,True,8
1740314681095.0,0.0,1.0,,color,6,square,medium,dots,square,low,dots,square,low,stripes,4ws4xdbet9cbxbf0zkjfnnmu,9,False,True,8
1740314682926.0,0.0,2.0,,color,7,square,medium,dots,square,medium,dots,square,low,stripes,4ws4xdbet9cbxbf0zkjfnnmu,9,False,True,8
1740314685527.0,0.0,2.0,,texture,8,square,medium,dots,square,medium,dots,square,medium,stripes,4ws4xdbet9cbxbf0zkjfnnmu,9,False,True,8
1740314708734.0,2.0,0.0,,shape,1,triangle,low,plain,circle,high,plain,square,low,dots,4ws4xdbet9cbxbf0zkjfnnmu,10,False,True,9
1740314710527.0,2.0,1.0,,shape,2,square,low,plain,circle,high,plain,square,low,dots,4ws4xdbet9cbxbf0zkjfnnmu,10,False,True,9
1740314712469.0,1.0,0.0,,color,3,square,low,plain,square,high,plain,square,low,dots,4ws4xdbet9cbxbf0zkjfnnmu,10,False,True,9
1740314714658.0,0.0,1.0,,color,4,square,medium,plain,square,high,plain,square,low,dots,4ws4xdbet9cbxbf0zkjfnnmu,10,False,True,9
1740314716628.0,0.0,2.0,,color,5,square,medium,plain,square,medium,plain,square,low,dots,4ws4xdbet9cbxbf0zkjfnnmu,10,False,True,9
1740314718876.0,0.0,2.0,,texture,6,square,medium,plain,square,medium,plain,square,medium,dots,4ws4xdbet9cbxbf0zkjfnnmu,10,False,True,9
1740314720892.0,0.0,2.0,,texture,7,square,medium,plain,square,medium,plain,square,medium,plain,4ws4xdbet9cbxbf0zkjfnnmu,10,False,True,9
1740314722745.0,2.0,1.0,,texture,8,square,medium,plain,square,medium,plain,square,medium,stripes,4ws4xdbet9cbxbf0zkjfnnmu,10,False,True,9
1740314724460.0,1.0,0.0,,texture,9,square,medium,plain,square,medium,stripes,square,medium,stripes,4ws4xdbet9cbxbf0zkjfnnmu,10,False,True,9
1740314747087.0,0.0,1.0,,shape,1,square,high,plain,square,medium,plain,square,high,stripes,4ws4xdbet9cbxbf0zkjfnnmu,11,True,False,8
1740314748936.0,0.0,1.0,,shape,2,square,high,plain,square,medium,plain,square,high,stripes,4ws4xdbet9cbxbf0zkjfnnmu,11,True,False,8
1740314750768.0,0.0,1.0,,shape,3,square,high,plain,square,medium,plain,square,high,stripes,4ws4xdbet9cbxbf0zkjfnnmu,11,True,False,8
1740314752527.0,1.0,2.0,,shape,4,square,high,plain,circle,medium,plain,square,high,stripes,4ws4xdbet9cbxbf0zkjfnnmu,11,True,False,8
1740314754201.0,1.0,2.0,,shape,5,square,high,plain,circle,medium,plain,circle,high,stripes,4ws4xdbet9cbxbf0zkjfnnmu,11,True,False,8
1740314755926.0,1.0,2.0,,shape,6,square,high,plain,circle,medium,plain,square,high,stripes,4ws4xdbet9cbxbf0zkjfnnmu,11,True,False,8
1740314757686.0,1.0,2.0,,shape,7,square,high,plain,circle,medium,plain,circle,high,stripes,4ws4xdbet9cbxbf0zkjfnnmu,11,True,False,8
1740314759468.0,1.0,2.0,,shape,8,square,high,plain,circle,medium,plain,circle,high,stripes,4ws4xdbet9cbxbf0zkjfnnmu,11,True,False,8
1740314770344.0,0.0,1.0,,shape,1,circle,high,stripes,triangle,medium,dots,square,low,dots,4ws4xdbet9cbxbf0zkjfnnmu,12,False,True,9
1740314772393.0,0.0,1.0,,shape,2,circle,high,stripes,square,medium,dots,square,low,dots,4ws4xdbet9cbxbf0zkjfnnmu,12,False,True,9
1740314774227.0,0.0,2.0,,shape,3,circle,high,stripes,circle,medium,dots,square,low,dots,4ws4xdbet9cbxbf0zkjfnnmu,12,False,True,9
1740314777093.0,1.0,0.0,,color,4,circle,high,stripes,circle,medium,dots,circle,low,dots,4ws4xdbet9cbxbf0zkjfnnmu,12,False,True,9
1740314778920.0,1.0,2.0,,color,5,circle,medium,stripes,circle,medium,dots,circle,low,dots,4ws4xdbet9cbxbf0zkjfnnmu,12,False,True,9
1740314781358.0,0.0,1.0,,texture,6,circle,medium,stripes,circle,medium,dots,circle,medium,dots,4ws4xdbet9cbxbf0zkjfnnmu,12,False,True,9
1740314783186.0,1.0,2.0,,texture,7,circle,medium,stripes,circle,medium,plain,circle,medium,dots,4ws4xdbet9cbxbf0zkjfnnmu,12,False,True,9
1740314785052.0,2.0,0.0,,texture,8,circle,medium,stripes,circle,medium,plain,circle,medium,plain,4ws4xdbet9cbxbf0zkjfnnmu,12,False,True,9
1740314786876.0,1.0,0.0,,texture,9,circle,medium,dots,circle,medium,plain,circle,medium,plain,4ws4xdbet9cbxbf0zkjfnnmu,12,False,True,9
1740314799675.0,2.0,1.0,,shape,1,triangle,low,dots,circle,medium,dots,triangle,medium,stripes,4ws4xdbet9cbxbf0zkjfnnmu,13,False,True,9
1740314801760.0,0.0,1.0,,shape,2,triangle,low,dots,circle,medium,dots,triangle,medium,stripes,4ws4xdbet9cbxbf0zkjfnnmu,13,False,True,9
1740314803793.0,2.0,1.0,,shape,3,triangle,low,dots,circle,medium,dots,triangle,medium,stripes,4ws4xdbet9cbxbf0zkjfnnmu,13,False,True,9
1740314805658.0,0.0,1.0,,shape,4,triangle,low,dots,square,medium,dots,triangle,medium,stripes,4ws4xdbet9cbxbf0zkjfnnmu,13,False,True,9
1740314808953.0,2.0,0.0,,color,5,triangle,low,dots,triangle,medium,dots,triangle,medium,stripes,4ws4xdbet9cbxbf0zkjfnnmu,13,False,True,9
1740314810727.0,0.0,1.0,,texture,6,triangle,medium,dots,triangle,medium,dots,triangle,medium,stripes,4ws4xdbet9cbxbf0zkjfnnmu,13,False,True,9
1740314812534.0,1.0,0.0,,texture,7,triangle,medium,dots,triangle,medium,plain,triangle,medium,stripes,4ws4xdbet9cbxbf0zkjfnnmu,13,False,True,9
1740314814324.0,1.0,2.0,,texture,8,triangle,medium,plain,triangle,medium,plain,triangle,medium,stripes,4ws4xdbet9cbxbf0zkjfnnmu,13,False,True,9
1740314816034.0,0.0,2.0,,texture,9,triangle,medium,plain,triangle,medium,plain,triangle,medium,dots,4ws4xdbet9cbxbf0zkjfnnmu,13,False,True,9
1740314828653.0,2.0,0.0,,shape,1,triangle,medium,plain,circle,high,plain,circle,low,stripes,4ws4xdbet9cbxbf0zkjfnnmu,14,False,True,9
1740314830385.0,2.0,1.0,,shape,2,square,medium,plain,circle,high,plain,circle,low,stripes,4ws4xdbet9cbxbf0zkjfnnmu,14,False,True,9
1740314832351.0,2.0,1.0,,shape,3,square,medium,plain,triangle,high,plain,circle,low,stripes,4ws4xdbet9cbxbf0zkjfnnmu,14,False,True,9
1740314834292.0,1.0,0.0,,shape,4,square,medium,plain,circle,high,plain,circle,low,stripes,4ws4xdbet9cbxbf0zkjfnnmu,14,False,True,9
1740314836152.0,2.0,0.0,,shape,5,triangle,medium,plain,circle,high,plain,circle,low,stripes,4ws4xdbet9cbxbf0zkjfnnmu,14,False,True,9
1740314838392.0,2.0,0.0,,texture,6,circle,medium,plain,circle,high,plain,circle,low,stripes,4ws4xdbet9cbxbf0zkjfnnmu,14,False,True,9
1740314840168.0,0.0,1.0,,texture,7,circle,medium,stripes,circle,high,plain,circle,low,stripes,4ws4xdbet9cbxbf0zkjfnnmu,14,False,True,9
1740314842986.0,0.0,2.0,,color,8,circle,medium,stripes,circle,high,stripes,circle,low,stripes,4ws4xdbet9cbxbf0zkjfnnmu,14,False,True,9
1740314844843.0,0.0,1.0,,color,9,circle,medium,stripes,circle,high,stripes,circle,medium,stripes,4ws4xdbet9cbxbf0zkjfnnmu,14,False,True,9
1740314887717.0,1.0,0.0,,shape,1,triangle,high,plain,circle,low,stripes,square,low,plain,4ws4xdbet9cbxbf0zkjfnnmu,15,False,True,8
1740314889659.0,0.0,2.0,,shape,2,circle,high,plain,circle,low,stripes,square,low,plain,4ws4xdbet9cbxbf0zkjfnnmu,15,False,True,8
1740314891691.0,0.0,1.0,,color,3,circle,high,plain,circle,low,stripes,circle,low,plain,4ws4xdbet9cbxbf0zkjfnnmu,15,False,True,8
1740314893418.0,1.0,0.0,,color,4,circle,high,plain,circle,medium,stripes,circle,low,plain,4ws4xdbet9cbxbf0zkjfnnmu,15,False,True,8
1740314895266.0,1.0,2.0,,color,5,circle,medium,plain,circle,medium,stripes,circle,low,plain,4ws4xdbet9cbxbf0zkjfnnmu,15,False,True,8
1740314897867.0,1.0,0.0,,texture,6,circle,medium,plain,circle,medium,stripes,circle,medium,plain,4ws4xdbet9cbxbf0zkjfnnmu,15,False,True,8
1740314899640.0,0.0,2.0,,texture,7,circle,medium,stripes,circle,medium,stripes,circle,medium,plain,4ws4xdbet9cbxbf0zkjfnnmu,15,False,True,8
1740314901466.0,0.0,2.0,,texture,8,circle,medium,stripes,circle,medium,stripes,circle,medium,stripes,4ws4xdbet9cbxbf0zkjfnnmu,15,False,True,8
1740314913734.0,0.0,1.0,,shape,1,circle,medium,plain,square,medium,dots,circle,medium,plain,4ws4xdbet9cbxbf0zkjfnnmu,16,False,True,4
1740314916624.0,1.0,2.0,,texture,2,circle,medium,plain,circle,medium,dots,circle,medium,plain,4ws4xdbet9cbxbf0zkjfnnmu,16,False,True,4
1740314918350.0,1.0,0.0,,texture,3,circle,medium,plain,circle,medium,dots,circle,medium,stripes,4ws4xdbet9cbxbf0zkjfnnmu,16,False,True,4
1740314919983.0,0.0,2.0,,texture,4,circle,medium,stripes,circle,medium,dots,circle,medium,stripes,4ws4xdbet9cbxbf0zkjfnnmu,16,False,True,4
1740314934217.0,2.0,0.0,,shape,1,triangle,medium,dots,square,low,dots,circle,low,plain,4ws4xdbet9cbxbf0zkjfnnmu,17,False,True,9
1740314936208.0,2.0,0.0,,shape,2,triangle,medium,dots,square,low,dots,circle,low,plain,4ws4xdbet9cbxbf0zkjfnnmu,17,False,True,9
1740314937915.0,2.0,1.0,,shape,3,circle,medium,dots,square,low,dots,circle,low,plain,4ws4xdbet9cbxbf0zkjfnnmu,17,False,True,9
1740314940642.0,0.0,2.0,,color,4,circle,medium,dots,circle,low,dots,circle,low,plain,4ws4xdbet9cbxbf0zkjfnnmu,17,False,True,9
1740314942398.0,0.0,1.0,,color,5,circle,medium,dots,circle,low,dots,circle,medium,plain,4ws4xdbet9cbxbf0zkjfnnmu,17,False,True,9
1740314944834.0,2.0,1.0,,texture,6,circle,medium,dots,circle,medium,dots,circle,medium,plain,4ws4xdbet9cbxbf0zkjfnnmu,17,False,True,9
1740314946669.0,2.0,1.0,,texture,7,circle,medium,dots,circle,medium,plain,circle,medium,plain,4ws4xdbet9cbxbf0zkjfnnmu,17,False,True,9
1740314948300.0,0.0,2.0,,texture,8,circle,medium,dots,circle,medium,stripes,circle,medium,plain,4ws4xdbet9cbxbf0zkjfnnmu,17,False,True,9
1740314950048.0,0.0,2.0,,texture,9,circle,medium,dots,circle,medium,stripes,circle,medium,stripes,4ws4xdbet9cbxbf0zkjfnnmu,17,False,True,9
1740314963207.0,1.0,0.0,,shape,1,square,low,plain,circle,high,stripes,square,medium,plain,4ws4xdbet9cbxbf0zkjfnnmu,18,False,True,7
1740314964924.0,1.0,2.0,,shape,2,circle,low,plain,circle,high,stripes,square,medium,plain,4ws4xdbet9cbxbf0zkjfnnmu,18,False,True,7
1740314966624.0,1.0,2.0,,shape,3,circle,low,plain,circle,high,stripes,square,medium,plain,4ws4xdbet9cbxbf0zkjfnnmu,18,False,True,7
1740314969359.0,2.0,0.0,,color,4,circle,low,plain,circle,high,stripes,circle,medium,plain,4ws4xdbet9cbxbf0zkjfnnmu,18,False,True,7
1740314971090.0,2.0,1.0,,color,5,circle,medium,plain,circle,high,stripes,circle,medium,plain,4ws4xdbet9cbxbf0zkjfnnmu,18,False,True,7
1740314974267.0,2.0,0.0,,texture,6,circle,medium,plain,circle,medium,stripes,circle,medium,plain,4ws4xdbet9cbxbf0zkjfnnmu,18,False,True,7
1740314975980.0,1.0,0.0,,texture,7,circle,medium,stripes,circle,medium,stripes,circle,medium,plain,4ws4xdbet9cbxbf0zkjfnnmu,18,False,True,7
1740530935145.0,0.0,1.0,,texture,1,circle,medium,stripes,square,low,dots,triangle,medium,dots,vdj36tuk4vvcao8sqcjgymb9,1,False,True,6
,,,,texture,2,,,,,,,,,,vdj36tuk4vvcao8sqcjgymb9,1,False,True,6
1740530947152.0,0.0,1.0,,color,3,circle,medium,stripes,square,low,plain,triangle,medium,dots,vdj36tuk4vvcao8sqcjgymb9,1,False,True,6
1740530953177.0,0.0,2.0,,shape,4,circle,medium,stripes,square,medium,plain,triangle,medium,dots,vdj36tuk4vvcao8sqcjgymb9,1,False,True,6
1740530956262.0,0.0,2.0,,texture,5,circle,medium,stripes,square,medium,plain,circle,medium,dots,vdj36tuk4vvcao8sqcjgymb9,1,False,True,6
,,,,texture,6,,,,,,,,,,vdj36tuk4vvcao8sqcjgymb9,1,False,True,6
1740530995952.0,0.0,1.0,,color,1,triangle,medium,dots,square,high,stripes,square,high,dots,vdj36tuk4vvcao8sqcjgymb9,2,False,True,15
1740531000110.0,2.0,1.0,,color,2,triangle,medium,dots,square,medium,stripes,square,high,dots,vdj36tuk4vvcao8sqcjgymb9,2,False,True,15
1740531002803.0,2.0,0.0,,color,3,triangle,medium,dots,square,high,stripes,square,high,dots,vdj36tuk4vvcao8sqcjgymb9,2,False,True,15
1740531007496.0,0.0,1.0,,texture,4,triangle,high,dots,square,high,stripes,square,high,dots,vdj36tuk4vvcao8sqcjgymb9,2,False,True,15
,,,,texture,5,,,,,,,,,,vdj36tuk4vvcao8sqcjgymb9,2,False,True,15
1740531009702.0,0.0,1.0,,texture,6,triangle,high,dots,square,high,dots,square,high,dots,vdj36tuk4vvcao8sqcjgymb9,2,False,True,15
,,,,texture,7,,,,,,,,,,vdj36tuk4vvcao8sqcjgymb9,2,False,True,15
1740531012355.0,1.0,2.0,,texture,8,triangle,high,dots,square,high,plain,square,high,dots,vdj36tuk4vvcao8sqcjgymb9,2,False,True,15
,,,,texture,9,,,,,,,,,,vdj36tuk4vvcao8sqcjgymb9,2,False,True,15
1740531022814.0,2.0,0.0,,shape,10,triangle,high,dots,square,high,plain,square,high,plain,vdj36tuk4vvcao8sqcjgymb9,2,False,True,15
1740531025069.0,2.0,0.0,,shape,11,square,high,dots,square,high,plain,square,high,plain,vdj36tuk4vvcao8sqcjgymb9,2,False,True,15
1740531027197.0,2.0,0.0,,shape,12,square,high,dots,square,high,plain,square,high,plain,vdj36tuk4vvcao8sqcjgymb9,2,False,True,15
1740531029354.0,2.0,0.0,,shape,13,square,high,dots,square,high,plain,square,high,plain,vdj36tuk4vvcao8sqcjgymb9,2,False,True,15
1740531034327.0,1.0,0.0,,texture,14,circle,high,dots,square,high,plain,square,high,plain,vdj36tuk4vvcao8sqcjgymb9,2,False,True,15
,,,,texture,15,,,,,,,,,,vdj36tuk4vvcao8sqcjgymb9,2,False,True,15
1740531064000.0,0.0,2.0,,texture,1,triangle,medium,plain,circle,high,plain,circle,high,stripes,vdj36tuk4vvcao8sqcjgymb9,3,False,True,44
,,,,texture,2,,,,,,,,,,vdj36tuk4vvcao8sqcjgymb9,3,False,True,44
1740531066973.0,0.0,2.0,,shape,3,triangle,medium,plain,circle,high,plain,circle,high,dots,vdj36tuk4vvcao8sqcjgymb9,3,False,True,44
1740531071176.0,0.0,2.0,,shape,4,triangle,medium,plain,circle,high,plain,circle,high,dots,vdj36tuk4vvcao8sqcjgymb9,3,False,True,44
1740531075454.0,1.0,2.0,,texture,5,triangle,medium,plain,circle,high,plain,triangle,high,dots,vdj36tuk4vvcao8sqcjgymb9,3,False,True,44
,,,,texture,6,,,,,,,,,,vdj36tuk4vvcao8sqcjgymb9,3,False,True,44
1740531082800.0,0.0,1.0,,texture,7,triangle,medium,plain,circle,high,plain,triangle,high,plain,vdj36tuk4vvcao8sqcjgymb9,3,False,True,44
,,,,texture,8,,,,,,,,,,vdj36tuk4vvcao8sqcjgymb9,3,False,True,44
1740531091053.0,0.0,1.0,,shape,9,triangle,medium,plain,circle,high,stripes,triangle,high,plain,vdj36tuk4vvcao8sqcjgymb9,3,False,True,44
1740531093080.0,0.0,1.0,,shape,10,triangle,medium,plain,triangle,high,stripes,triangle,high,plain,vdj36tuk4vvcao8sqcjgymb9,3,False,True,44
1740531094914.0,0.0,1.0,,shape,11,triangle,medium,plain,circle,high,stripes,triangle,high,plain,vdj36tuk4vvcao8sqcjgymb9,3,False,True,44
1740531096742.0,0.0,1.0,,shape,12,triangle,medium,plain,triangle,high,stripes,triangle,high,plain,vdj36tuk4vvcao8sqcjgymb9,3,False,True,44
1740531098826.0,0.0,1.0,,shape,13,triangle,medium,plain,circle,high,stripes,triangle,high,plain,vdj36tuk4vvcao8sqcjgymb9,3,False,True,44
1740531100743.0,0.0,1.0,,shape,14,triangle,medium,plain,circle,high,stripes,triangle,high,plain,vdj36tuk4vvcao8sqcjgymb9,3,False,True,44
1740531102779.0,2.0,1.0,,shape,15,triangle,medium,plain,triangle,high,stripes,triangle,high,plain,vdj36tuk4vvcao8sqcjgymb9,3,False,True,44
1740531105181.0,2.0,1.0,,shape,16,triangle,medium,plain,triangle,high,stripes,triangle,high,plain,vdj36tuk4vvcao8sqcjgymb9,3,False,True,44
1740531110668.0,1.0,0.0,,shape,17,triangle,medium,plain,circle,high,stripes,triangle,high,plain,vdj36tuk4vvcao8sqcjgymb9,3,False,True,44
1740531115569.0,2.0,1.0,,shape,18,circle,medium,plain,circle,high,stripes,triangle,high,plain,vdj36tuk4vvcao8sqcjgymb9,3,False,True,44
1740531129047.0,2.0,1.0,,color,19,circle,medium,plain,square,high,stripes,triangle,high,plain,vdj36tuk4vvcao8sqcjgymb9,3,False,True,44
1740531136170.0,2.0,0.0,,texture,20,circle,medium,plain,square,medium,stripes,triangle,high,plain,vdj36tuk4vvcao8sqcjgymb9,3,False,True,44
,,,,texture,21,,,,,,,,,,vdj36tuk4vvcao8sqcjgymb9,3,False,True,44
1740531138152.0,2.0,0.0,,texture,22,circle,medium,stripes,square,medium,stripes,triangle,high,plain,vdj36tuk4vvcao8sqcjgymb9,3,False,True,44
,,,,texture,23,,,,,,,,,,vdj36tuk4vvcao8sqcjgymb9,3,False,True,44
1740531154655.0,1.0,0.0,,color,24,circle,medium,dots,square,medium,stripes,triangle,high,plain,vdj36tuk4vvcao8sqcjgymb9,3,False,True,44
1740531156568.0,1.0,0.0,,color,25,circle,medium,dots,square,medium,stripes,triangle,high,plain,vdj36tuk4vvcao8sqcjgymb9,3,False,True,44
1740531158510.0,1.0,0.0,,color,26,circle,medium,dots,square,medium,stripes,triangle,high,plain,vdj36tuk4vvcao8sqcjgymb9,3,False,True,44
1740531160477.0,1.0,0.0,,color,27,circle,medium,dots,square,medium,stripes,triangle,high,plain,vdj36tuk4vvcao8sqcjgymb9,3,False,True,44
1740531162374.0,1.0,0.0,,color,28,circle,medium,dots,square,medium,stripes,triangle,high,plain,vdj36tuk4vvcao8sqcjgymb9,3,False,True,44
1740531164256.0,1.0,0.0,,color,29,circle,medium,dots,square,medium,stripes,triangle,high,plain,vdj36tuk4vvcao8sqcjgymb9,3,False,True,44
1740531170203.0,2.0,0.0,,color,30,circle,high,dots,square,medium,stripes,triangle,high,plain,vdj36tuk4vvcao8sqcjgymb9,3,False,True,44
1740531172178.0,2.0,0.0,,color,31,circle,medium,dots,square,medium,stripes,triangle,high,plain,vdj36tuk4vvcao8sqcjgymb9,3,False,True,44
1740531173970.0,2.0,0.0,,color,32,circle,high,dots,square,medium,stripes,triangle,high,plain,vdj36tuk4vvcao8sqcjgymb9,3,False,True,44
1740531176016.0,2.0,0.0,,color,33,circle,medium,dots,square,medium,stripes,triangle,high,plain,vdj36tuk4vvcao8sqcjgymb9,3,False,True,44
1740531177922.0,2.0,0.0,,color,34,circle,high,dots,square,medium,stripes,triangle,high,plain,vdj36tuk4vvcao8sqcjgymb9,3,False,True,44
1740531179806.0,2.0,0.0,,color,35,circle,medium,dots,square,medium,stripes,triangle,high,plain,vdj36tuk4vvcao8sqcjgymb9,3,False,True,44
1740531182054.0,2.0,0.0,,color,36,circle,high,dots,square,medium,stripes,triangle,high,plain,vdj36tuk4vvcao8sqcjgymb9,3,False,True,44
1740531184585.0,1.0,0.0,,color,37,circle,medium,dots,square,medium,stripes,triangle,high,plain,vdj36tuk4vvcao8sqcjgymb9,3,False,True,44
1740531186694.0,1.0,0.0,,color,38,circle,medium,dots,square,medium,stripes,triangle,high,plain,vdj36tuk4vvcao8sqcjgymb9,3,False,True,44
1740531188480.0,1.0,0.0,,color,39,circle,medium,dots,square,medium,stripes,triangle,high,plain,vdj36tuk4vvcao8sqcjgymb9,3,False,True,44
1740531190268.0,1.0,0.0,,color,40,circle,medium,dots,square,medium,stripes,triangle,high,plain,vdj36tuk4vvcao8sqcjgymb9,3,False,True,44
1740531191925.0,1.0,0.0,,color,41,circle,medium,dots,square,medium,stripes,triangle,high,plain,vdj36tuk4vvcao8sqcjgymb9,3,False,True,44
1740531193718.0,1.0,0.0,,color,42,circle,medium,dots,square,medium,stripes,triangle,high,plain,vdj36tuk4vvcao8sqcjgymb9,3,False,True,44
1740531195620.0,1.0,0.0,,color,43,circle,medium,dots,square,medium,stripes,triangle,high,plain,vdj36tuk4vvcao8sqcjgymb9,3,False,True,44
1740531197373.0,1.0,0.0,,color,44,circle,medium,dots,square,medium,stripes,triangle,high,plain,vdj36tuk4vvcao8sqcjgymb9,3,False,True,44
1740531227804.0,0.0,1.0,,shape,1,circle,low,plain,square,medium,stripes,circle,low,plain,vdj36tuk4vvcao8sqcjgymb9,4,False,True,7
1740531233374.0,0.0,1.0,,texture,2,circle,low,plain,circle,medium,stripes,circle,low,plain,vdj36tuk4vvcao8sqcjgymb9,4,False,True,7
,,,,texture,3,,,,,,,,,,vdj36tuk4vvcao8sqcjgymb9,4,False,True,7
1740531235412.0,0.0,1.0,,texture,4,circle,low,plain,circle,medium,dots,circle,low,plain,vdj36tuk4vvcao8sqcjgymb9,4,False,True,7
,,,,texture,5,,,,,,,,,,vdj36tuk4vvcao8sqcjgymb9,4,False,True,7
1740531243008.0,1.0,2.0,,color,6,circle,low,plain,circle,medium,plain,circle,low,plain,vdj36tuk4vvcao8sqcjgymb9,4,False,True,7
1740531245604.0,0.0,1.0,,color,7,circle,low,plain,circle,medium,plain,circle,medium,plain,vdj36tuk4vvcao8sqcjgymb9,4,False,True,7
1740531264992.0,1.0,0.0,,shape,1,square,high,dots,triangle,low,dots,square,high,dots,vdj36tuk4vvcao8sqcjgymb9,5,False,True,16
1740531267026.0,1.0,0.0,,shape,2,circle,high,dots,triangle,low,dots,square,high,dots,vdj36tuk4vvcao8sqcjgymb9,5,False,True,16
1740531268895.0,0.0,2.0,,shape,3,triangle,high,dots,triangle,low,dots,square,high,dots,vdj36tuk4vvcao8sqcjgymb9,5,False,True,16
1740531273570.0,0.0,1.0,,color,4,triangle,high,dots,triangle,low,dots,triangle,high,dots,vdj36tuk4vvcao8sqcjgymb9,5,False,True,16
1740531275586.0,0.0,1.0,,color,5,triangle,high,dots,triangle,medium,dots,triangle,high,dots,vdj36tuk4vvcao8sqcjgymb9,5,False,True,16
1740531281690.0,0.0,1.0,,texture,6,triangle,high,dots,triangle,high,dots,triangle,high,dots,vdj36tuk4vvcao8sqcjgymb9,5,False,True,16
,,,,texture,7,,,,,,,,,,vdj36tuk4vvcao8sqcjgymb9,5,False,True,16
1740531286621.0,1.0,2.0,,texture,8,triangle,high,dots,triangle,high,plain,triangle,high,dots,vdj36tuk4vvcao8sqcjgymb9,5,False,True,16
,,,,texture,9,,,,,,,,,,vdj36tuk4vvcao8sqcjgymb9,5,False,True,16
1740531288753.0,2.0,0.0,,texture,10,triangle,high,dots,triangle,high,plain,triangle,high,plain,vdj36tuk4vvcao8sqcjgymb9,5,False,True,16
,,,,texture,11,,,,,,,,,,vdj36tuk4vvcao8sqcjgymb9,5,False,True,16
1740531293322.0,1.0,0.0,,color,12,triangle,high,plain,triangle,high,plain,triangle,high,plain,vdj36tuk4vvcao8sqcjgymb9,5,False,True,16
1740531295308.0,1.0,0.0,,color,13,triangle,high,plain,triangle,high,plain,triangle,high,plain,vdj36tuk4vvcao8sqcjgymb9,5,False,True,16
1740531301638.0,0.0,1.0,,color,14,triangle,medium,plain,triangle,high,plain,triangle,high,plain,vdj36tuk4vvcao8sqcjgymb9,5,False,True,16
1740531305526.0,2.0,0.0,,color,15,triangle,medium,plain,triangle,medium,plain,triangle,high,plain,vdj36tuk4vvcao8sqcjgymb9,5,False,True,16
1740531307643.0,1.0,2.0,,color,16,triangle,high,plain,triangle,medium,plain,triangle,high,plain,vdj36tuk4vvcao8sqcjgymb9,5,False,True,16
1740531326906.0,1.0,2.0,,shape,1,triangle,medium,plain,square,high,dots,triangle,low,dots,vdj36tuk4vvcao8sqcjgymb9,6,False,True,14
1740531328827.0,1.0,2.0,,shape,2,triangle,medium,plain,square,high,dots,square,low,dots,vdj36tuk4vvcao8sqcjgymb9,6,False,True,14
1740531330532.0,1.0,2.0,,shape,3,triangle,medium,plain,square,high,dots,square,low,dots,vdj36tuk4vvcao8sqcjgymb9,6,False,True,14
1740531332335.0,1.0,2.0,,shape,4,triangle,medium,plain,square,high,dots,square,low,dots,vdj36tuk4vvcao8sqcjgymb9,6,False,True,14
1740531334720.0,2.0,1.0,,shape,5,triangle,medium,plain,square,high,dots,circle,low,dots,vdj36tuk4vvcao8sqcjgymb9,6,False,True,14
1740531336763.0,2.0,1.0,,shape,6,triangle,medium,plain,square,high,dots,circle,low,dots,vdj36tuk4vvcao8sqcjgymb9,6,False,True,14
1740531338615.0,2.0,0.0,,shape,7,triangle,medium,plain,circle,high,dots,circle,low,dots,vdj36tuk4vvcao8sqcjgymb9,6,False,True,14
1740531340727.0,2.0,0.0,,shape,8,triangle,medium,plain,circle,high,dots,circle,low,dots,vdj36tuk4vvcao8sqcjgymb9,6,False,True,14
1740531345042.0,1.0,0.0,,texture,9,circle,medium,plain,circle,high,dots,circle,low,dots,vdj36tuk4vvcao8sqcjgymb9,6,False,True,14
,,,,texture,10,,,,,,,,,,vdj36tuk4vvcao8sqcjgymb9,6,False,True,14
1740531346959.0,1.0,0.0,,texture,11,circle,medium,stripes,circle,high,dots,circle,low,dots,vdj36tuk4vvcao8sqcjgymb9,6,False,True,14
,,,,texture,12,,,,,,,,,,vdj36tuk4vvcao8sqcjgymb9,6,False,True,14
1740531351848.0,0.0,1.0,,color,13,circle,medium,dots,circle,high,dots,circle,low,dots,vdj36tuk4vvcao8sqcjgymb9,6,False,True,14
1740531354016.0,0.0,2.0,,color,14,circle,medium,dots,circle,medium,dots,circle,low,dots,vdj36tuk4vvcao8sqcjgymb9,6,False,True,14
1740531376237.0,0.0,1.0,,color,1,circle,high,stripes,circle,high,stripes,triangle,high,dots,vdj36tuk4vvcao8sqcjgymb9,7,False,True,12
1740531381532.0,1.0,2.0,,color,2,circle,high,stripes,circle,medium,stripes,triangle,high,dots,vdj36tuk4vvcao8sqcjgymb9,7,False,True,12
1740531388118.0,2.0,1.0,,color,3,circle,high,stripes,circle,medium,stripes,triangle,medium,dots,vdj36tuk4vvcao8sqcjgymb9,7,False,True,12
1740531393214.0,0.0,1.0,,texture,4,circle,high,stripes,circle,low,stripes,triangle,medium,dots,vdj36tuk4vvcao8sqcjgymb9,7,False,True,12
,,,,texture,5,,,,,,,,,,vdj36tuk4vvcao8sqcjgymb9,7,False,True,12
1740531396712.0,1.0,0.0,,texture,6,circle,high,stripes,circle,low,dots,triangle,medium,dots,vdj36tuk4vvcao8sqcjgymb9,7,False,True,12
,,,,texture,7,,,,,,,,,,vdj36tuk4vvcao8sqcjgymb9,7,False,True,12
1740531403148.0,0.0,1.0,,shape,8,circle,high,dots,circle,low,dots,triangle,medium,dots,vdj36tuk4vvcao8sqcjgymb9,7,False,True,12
1740531404884.0,0.0,1.0,,shape,9,circle,high,dots,circle,low,dots,triangle,medium,dots,vdj36tuk4vvcao8sqcjgymb9,7,False,True,12
1740531406688.0,0.0,1.0,,shape,10,circle,high,dots,circle,low,dots,triangle,medium,dots,vdj36tuk4vvcao8sqcjgymb9,7,False,True,12
1740531408877.0,0.0,1.0,,shape,11,circle,high,dots,triangle,low,dots,triangle,medium,dots,vdj36tuk4vvcao8sqcjgymb9,7,False,True,12
1740531410770.0,0.0,1.0,,shape,12,circle,high,dots,triangle,low,dots,triangle,medium,dots,vdj36tuk4vvcao8sqcjgymb9,7,False,True,12
1740531430310.0,0.0,1.0,,shape,1,circle,high,plain,triangle,medium,plain,circle,medium,stripes,vdj36tuk4vvcao8sqcjgymb9,8,False,True,10
1740531432319.0,0.0,1.0,,shape,2,circle,high,plain,circle,medium,plain,circle,medium,stripes,vdj36tuk4vvcao8sqcjgymb9,8,False,True,10
1740531435080.0,1.0,2.0,,shape,3,circle,high,plain,square,medium,plain,circle,medium,stripes,vdj36tuk4vvcao8sqcjgymb9,8,False,True,10
1740531437491.0,1.0,0.0,,shape,4,circle,high,plain,square,medium,plain,square,medium,stripes,vdj36tuk4vvcao8sqcjgymb9,8,False,True,10
1740531443385.0,0.0,2.0,,texture,5,square,high,plain,square,medium,plain,square,medium,stripes,vdj36tuk4vvcao8sqcjgymb9,8,False,True,10
,,,,texture,6,,,,,,,,,,vdj36tuk4vvcao8sqcjgymb9,8,False,True,10
1740531450951.0,2.0,1.0,,color,7,square,high,plain,square,medium,plain,square,medium,dots,vdj36tuk4vvcao8sqcjgymb9,8,False,True,10
1740531452896.0,2.0,1.0,,color,8,square,high,plain,square,medium,plain,square,medium,dots,vdj36tuk4vvcao8sqcjgymb9,8,False,True,10
1740531454764.0,2.0,1.0,,color,9,square,high,plain,square,medium,plain,square,medium,dots,vdj36tuk4vvcao8sqcjgymb9,8,False,True,10
1740531456720.0,1.0,2.0,,color,10,square,high,plain,square,low,plain,square,medium,dots,vdj36tuk4vvcao8sqcjgymb9,8,False,True,10
1740531480700.0,0.0,1.0,,shape,1,triangle,medium,stripes,triangle,high,plain,triangle,medium,dots,vdj36tuk4vvcao8sqcjgymb9,9,False,True,36
1740531482961.0,0.0,1.0,,shape,2,triangle,medium,stripes,triangle,high,plain,triangle,medium,dots,vdj36tuk4vvcao8sqcjgymb9,9,False,True,36
1740531485919.0,2.0,1.0,,shape,3,triangle,medium,stripes,square,high,plain,triangle,medium,dots,vdj36tuk4vvcao8sqcjgymb9,9,False,True,36
1740531490101.0,1.0,2.0,,shape,4,triangle,medium,stripes,triangle,high,plain,triangle,medium,dots,vdj36tuk4vvcao8sqcjgymb9,9,False,True,36
1740531494851.0,2.0,1.0,,shape,5,triangle,medium,stripes,triangle,high,plain,circle,medium,dots,vdj36tuk4vvcao8sqcjgymb9,9,False,True,36
1740531497873.0,1.0,2.0,,shape,6,triangle,medium,stripes,circle,high,plain,circle,medium,dots,vdj36tuk4vvcao8sqcjgymb9,9,False,True,36
1740531499791.0,1.0,2.0,,shape,7,triangle,medium,stripes,circle,high,plain,circle,medium,dots,vdj36tuk4vvcao8sqcjgymb9,9,False,True,36
1740531501617.0,1.0,2.0,,shape,8,triangle,medium,stripes,circle,high,plain,circle,medium,dots,vdj36tuk4vvcao8sqcjgymb9,9,False,True,36
1740531503492.0,1.0,2.0,,shape,9,triangle,medium,stripes,circle,high,plain,circle,medium,dots,vdj36tuk4vvcao8sqcjgymb9,9,False,True,36
1740531505229.0,1.0,2.0,,shape,10,triangle,medium,stripes,circle,high,plain,circle,medium,dots,vdj36tuk4vvcao8sqcjgymb9,9,False,True,36
1740531506911.0,1.0,2.0,,shape,11,triangle,medium,stripes,circle,high,plain,circle,medium,dots,vdj36tuk4vvcao8sqcjgymb9,9,False,True,36
1740531509159.0,1.0,2.0,,shape,12,triangle,medium,stripes,circle,high,plain,triangle,medium,dots,vdj36tuk4vvcao8sqcjgymb9,9,False,True,36
1740531517216.0,1.0,0.0,,texture,13,triangle,medium,stripes,circle,high,plain,square,medium,dots,vdj36tuk4vvcao8sqcjgymb9,9,False,True,36
,,,,texture,14,,,,,,,,,,vdj36tuk4vvcao8sqcjgymb9,9,False,True,36
1740531520186.0,0.0,1.0,,texture,15,triangle,medium,dots,circle,high,plain,square,medium,dots,vdj36tuk4vvcao8sqcjgymb9,9,False,True,36
,,,,texture,16,,,,,,,,,,vdj36tuk4vvcao8sqcjgymb9,9,False,True,36
1740531522853.0,1.0,0.0,,texture,17,triangle,medium,dots,circle,high,stripes,square,medium,dots,vdj36tuk4vvcao8sqcjgymb9,9,False,True,36
,,,,texture,18,,,,,,,,,,vdj36tuk4vvcao8sqcjgymb9,9,False,True,36
1740531525147.0,0.0,1.0,,texture,19,triangle,medium,plain,circle,high,stripes,square,medium,dots,vdj36tuk4vvcao8sqcjgymb9,9,False,True,36
,,,,texture,20,,,,,,,,,,vdj36tuk4vvcao8sqcjgymb9,9,False,True,36
1740531528243.0,2.0,0.0,,texture,21,triangle,medium,plain,circle,high,dots,square,medium,dots,vdj36tuk4vvcao8sqcjgymb9,9,False,True,36
,,,,texture,22,,,,,,,,,,vdj36tuk4vvcao8sqcjgymb9,9,False,True,36
1740531535904.0,0.0,2.0,,texture,23,triangle,medium,stripes,circle,high,dots,square,medium,dots,vdj36tuk4vvcao8sqcjgymb9,9,False,True,36
,,,,texture,24,,,,,,,,,,vdj36tuk4vvcao8sqcjgymb9,9,False,True,36
1740531544205.0,1.0,2.0,,color,25,triangle,medium,stripes,circle,high,dots,square,medium,plain,vdj36tuk4vvcao8sqcjgymb9,9,False,True,36
1740531550789.0,0.0,1.0,,color,26,triangle,medium,stripes,circle,high,dots,square,high,plain,vdj36tuk4vvcao8sqcjgymb9,9,False,True,36
1740531553552.0,1.0,0.0,,color,27,triangle,medium,stripes,circle,medium,dots,square,high,plain,vdj36tuk4vvcao8sqcjgymb9,9,False,True,36
1740531555526.0,1.0,0.0,,color,28,triangle,medium,stripes,circle,medium,dots,square,high,plain,vdj36tuk4vvcao8sqcjgymb9,9,False,True,36
1740531557304.0,1.0,0.0,,color,29,triangle,medium,stripes,circle,medium,dots,square,high,plain,vdj36tuk4vvcao8sqcjgymb9,9,False,True,36
1740531559203.0,1.0,0.0,,color,30,triangle,medium,stripes,circle,medium,dots,square,high,plain,vdj36tuk4vvcao8sqcjgymb9,9,False,True,36
1740531561199.0,1.0,0.0,,color,31,triangle,medium,stripes,circle,medium,dots,square,high,plain,vdj36tuk4vvcao8sqcjgymb9,9,False,True,36
1740531563077.0,1.0,0.0,,color,32,triangle,medium,stripes,circle,medium,dots,square,high,plain,vdj36tuk4vvcao8sqcjgymb9,9,False,True,36
1740531564869.0,1.0,0.0,,color,33,triangle,medium,stripes,circle,medium,dots,square,high,plain,vdj36tuk4vvcao8sqcjgymb9,9,False,True,36
1740531566915.0,1.0,0.0,,color,34,triangle,high,stripes,circle,medium,dots,square,high,plain,vdj36tuk4vvcao8sqcjgymb9,9,False,True,36
1740531568734.0,1.0,0.0,,color,35,triangle,medium,stripes,circle,medium,dots,square,high,plain,vdj36tuk4vvcao8sqcjgymb9,9,False,True,36
1740531570592.0,1.0,0.0,,color,36,triangle,medium,stripes,circle,medium,dots,square,high,plain,vdj36tuk4vvcao8sqcjgymb9,9,False,True,36
1740531588236.0,2.0,0.0,,shape,1,triangle,low,stripes,square,medium,stripes,triangle,high,dots,vdj36tuk4vvcao8sqcjgymb9,10,False,True,50
1740531589992.0,0.0,1.0,,shape,2,square,low,stripes,square,medium,stripes,triangle,high,dots,vdj36tuk4vvcao8sqcjgymb9,10,False,True,50
1740531591892.0,1.0,0.0,,shape,3,square,low,stripes,square,medium,stripes,triangle,high,dots,vdj36tuk4vvcao8sqcjgymb9,10,False,True,50
1740531594067.0,1.0,0.0,,shape,4,square,low,stripes,square,medium,stripes,triangle,high,dots,vdj36tuk4vvcao8sqcjgymb9,10,False,True,50
1740531595851.0,1.0,0.0,,shape,5,square,low,stripes,square,medium,stripes,triangle,high,dots,vdj36tuk4vvcao8sqcjgymb9,10,False,True,50
1740531597483.0,1.0,0.0,,shape,6,square,low,stripes,square,medium,stripes,triangle,high,dots,vdj36tuk4vvcao8sqcjgymb9,10,False,True,50
1740531599358.0,1.0,0.0,,shape,7,square,low,stripes,square,medium,stripes,triangle,high,dots,vdj36tuk4vvcao8sqcjgymb9,10,False,True,50
1740531601152.0,1.0,0.0,,shape,8,square,low,stripes,square,medium,stripes,triangle,high,dots,vdj36tuk4vvcao8sqcjgymb9,10,False,True,50
1740531602916.0,1.0,0.0,,shape,9,square,low,stripes,square,medium,stripes,triangle,high,dots,vdj36tuk4vvcao8sqcjgymb9,10,False,True,50
1740531604702.0,1.0,0.0,,shape,10,square,low,stripes,square,medium,stripes,triangle,high,dots,vdj36tuk4vvcao8sqcjgymb9,10,False,True,50
1740531606836.0,2.0,0.0,,shape,11,triangle,low,stripes,square,medium,stripes,triangle,high,dots,vdj36tuk4vvcao8sqcjgymb9,10,False,True,50
1740531608816.0,2.0,0.0,,shape,12,triangle,low,stripes,square,medium,stripes,triangle,high,dots,vdj36tuk4vvcao8sqcjgymb9,10,False,True,50
1740531610805.0,2.0,0.0,,shape,13,triangle,low,stripes,square,medium,stripes,triangle,high,dots,vdj36tuk4vvcao8sqcjgymb9,10,False,True,50
1740531612501.0,1.0,0.0,,shape,14,square,low,stripes,square,medium,stripes,triangle,high,dots,vdj36tuk4vvcao8sqcjgymb9,10,False,True,50
1740531615718.0,0.0,2.0,,shape,15,circle,low,stripes,square,medium,stripes,triangle,high,dots,vdj36tuk4vvcao8sqcjgymb9,10,False,True,50
1740531618443.0,0.0,2.0,,shape,16,circle,low,stripes,square,medium,stripes,triangle,high,dots,vdj36tuk4vvcao8sqcjgymb9,10,False,True,50
1740531620441.0,0.0,1.0,,shape,17,circle,low,stripes,square,medium,stripes,circle,high,dots,vdj36tuk4vvcao8sqcjgymb9,10,False,True,50
1740531622896.0,0.0,1.0,,shape,18,circle,low,stripes,square,medium,stripes,circle,high,dots,vdj36tuk4vvcao8sqcjgymb9,10,False,True,50
1740531625396.0,0.0,1.0,,shape,19,circle,low,stripes,square,medium,stripes,circle,high,dots,vdj36tuk4vvcao8sqcjgymb9,10,False,True,50
1740531627642.0,0.0,1.0,,shape,20,circle,low,stripes,square,medium,stripes,circle,high,dots,vdj36tuk4vvcao8sqcjgymb9,10,False,True,50
1740531629694.0,2.0,1.0,,shape,21,circle,low,stripes,square,medium,stripes,circle,high,dots,vdj36tuk4vvcao8sqcjgymb9,10,False,True,50
1740531634537.0,1.0,0.0,,color,22,circle,low,stripes,circle,medium,stripes,circle,high,dots,vdj36tuk4vvcao8sqcjgymb9,10,False,True,50
1740531637699.0,0.0,2.0,,texture,23,circle,medium,stripes,circle,medium,stripes,circle,high,dots,vdj36tuk4vvcao8sqcjgymb9,10,False,True,50
,,,,texture,24,,,,,,,,,,vdj36tuk4vvcao8sqcjgymb9,10,False,True,50
1740531649959.0,2.0,0.0,,texture,25,circle,medium,stripes,circle,medium,stripes,circle,high,plain,vdj36tuk4vvcao8sqcjgymb9,10,False,True,50
,,,,texture,26,,,,,,,,,,vdj36tuk4vvcao8sqcjgymb9,10,False,True,50
1740531652168.0,0.0,2.0,,texture,27,circle,medium,dots,circle,medium,stripes,circle,high,plain,vdj36tuk4vvcao8sqcjgymb9,10,False,True,50
,,,,texture,28,,,,,,,,,,vdj36tuk4vvcao8sqcjgymb9,10,False,True,50
1740531657236.0,2.0,0.0,,texture,29,circle,medium,dots,circle,medium,stripes,circle,high,stripes,vdj36tuk4vvcao8sqcjgymb9,10,False,True,50
,,,,texture,30,,,,,,,,,,vdj36tuk4vvcao8sqcjgymb9,10,False,True,50
1740531659484.0,1.0,2.0,,texture,31,circle,medium,plain,circle,medium,stripes,circle,high,stripes,vdj36tuk4vvcao8sqcjgymb9,10,False,True,50
,,,,texture,32,,,,,,,,,,vdj36tuk4vvcao8sqcjgymb9,10,False,True,50
1740531661302.0,2.0,1.0,,texture,33,circle,medium,plain,circle,medium,stripes,circle,high,dots,vdj36tuk4vvcao8sqcjgymb9,10,False,True,50
,,,,texture,34,,,,,,,,,,vdj36tuk4vvcao8sqcjgymb9,10,False,True,50
1740531663127.0,1.0,2.0,,texture,35,circle,medium,plain,circle,medium,dots,circle,high,dots,vdj36tuk4vvcao8sqcjgymb9,10,False,True,50
,,,,texture,36,,,,,,,,,,vdj36tuk4vvcao8sqcjgymb9,10,False,True,50
1740531665561.0,2.0,1.0,,texture,37,circle,medium,plain,circle,medium,dots,circle,high,plain,vdj36tuk4vvcao8sqcjgymb9,10,False,True,50
,,,,texture,38,,,,,,,,,,vdj36tuk4vvcao8sqcjgymb9,10,False,True,50
1740531670492.0,0.0,1.0,,texture,39,circle,medium,plain,circle,medium,plain,circle,high,plain,vdj36tuk4vvcao8sqcjgymb9,10,False,True,50
,,,,texture,40,,,,,,,,,,vdj36tuk4vvcao8sqcjgymb9,10,False,True,50
1740531673270.0,0.0,1.0,,texture,41,circle,medium,plain,circle,medium,stripes,circle,high,plain,vdj36tuk4vvcao8sqcjgymb9,10,False,True,50
,,,,texture,42,,,,,,,,,,vdj36tuk4vvcao8sqcjgymb9,10,False,True,50
1740531675178.0,0.0,1.0,,texture,43,circle,medium,plain,circle,medium,dots,circle,high,plain,vdj36tuk4vvcao8sqcjgymb9,10,False,True,50
,,,,texture,44,,,,,,,,,,vdj36tuk4vvcao8sqcjgymb9,10,False,True,50
1740531677093.0,0.0,1.0,,color,45,circle,medium,plain,circle,medium,plain,circle,high,plain,vdj36tuk4vvcao8sqcjgymb9,10,False,True,50
1740531678906.0,0.0,1.0,,color,46,circle,medium,plain,circle,medium,plain,circle,high,plain,vdj36tuk4vvcao8sqcjgymb9,10,False,True,50
1740531680587.0,0.0,1.0,,color,47,circle,medium,plain,circle,medium,plain,circle,high,plain,vdj36tuk4vvcao8sqcjgymb9,10,False,True,50
1740531682835.0,0.0,1.0,,color,48,circle,medium,plain,circle,medium,plain,circle,high,plain,vdj36tuk4vvcao8sqcjgymb9,10,False,True,50
1740531684871.0,0.0,1.0,,color,49,circle,medium,plain,circle,medium,plain,circle,high,plain,vdj36tuk4vvcao8sqcjgymb9,10,False,True,50
1740531686620.0,0.0,1.0,,color,50,circle,medium,plain,circle,medium,plain,circle,high,plain,vdj36tuk4vvcao8sqcjgymb9,10,False,True,50
1740531703935.0,0.0,1.0,,shape,1,triangle,medium,plain,circle,low,dots,circle,medium,dots,vdj36tuk4vvcao8sqcjgymb9,11,False,True,48
1740531715715.0,1.0,2.0,,shape,2,triangle,medium,plain,triangle,low,dots,circle,medium,dots,vdj36tuk4vvcao8sqcjgymb9,11,False,True,48
1740531717655.0,2.0,0.0,,shape,3,triangle,medium,plain,triangle,low,dots,triangle,medium,dots,vdj36tuk4vvcao8sqcjgymb9,11,False,True,48
1740531719660.0,2.0,0.0,,shape,4,triangle,medium,plain,triangle,low,dots,triangle,medium,dots,vdj36tuk4vvcao8sqcjgymb9,11,False,True,48
1740531722102.0,0.0,2.0,,shape,5,circle,medium,plain,triangle,low,dots,triangle,medium,dots,vdj36tuk4vvcao8sqcjgymb9,11,False,True,48
1740531726044.0,1.0,0.0,,shape,6,circle,medium,plain,triangle,low,dots,circle,medium,dots,vdj36tuk4vvcao8sqcjgymb9,11,False,True,48
1740531730885.0,1.0,2.0,,shape,7,triangle,medium,plain,triangle,low,dots,circle,medium,dots,vdj36tuk4vvcao8sqcjgymb9,11,False,True,48
1740531734251.0,1.0,2.0,,shape,8,triangle,medium,plain,triangle,low,dots,triangle,medium,dots,vdj36tuk4vvcao8sqcjgymb9,11,False,True,48
1740531742745.0,1.0,0.0,,color,9,triangle,medium,plain,triangle,low,dots,square,medium,dots,vdj36tuk4vvcao8sqcjgymb9,11,False,True,48
1740531755748.0,1.0,0.0,,texture,10,triangle,low,plain,triangle,low,dots,square,medium,dots,vdj36tuk4vvcao8sqcjgymb9,11,False,True,48
,,,,texture,11,,,,,,,,,,vdj36tuk4vvcao8sqcjgymb9,11,False,True,48
1740531759111.0,1.0,0.0,,texture,12,triangle,low,stripes,triangle,low,dots,square,medium,dots,vdj36tuk4vvcao8sqcjgymb9,11,False,True,48
,,,,texture,13,,,,,,,,,,vdj36tuk4vvcao8sqcjgymb9,11,False,True,48
1740531761268.0,0.0,1.0,,texture,14,triangle,low,dots,triangle,low,dots,square,medium,dots,vdj36tuk4vvcao8sqcjgymb9,11,False,True,48
,,,,texture,15,,,,,,,,,,vdj36tuk4vvcao8sqcjgymb9,11,False,True,48
1740531763009.0,0.0,1.0,,texture,16,triangle,low,dots,triangle,low,plain,square,medium,dots,vdj36tuk4vvcao8sqcjgymb9,11,False,True,48
,,,,texture,17,,,,,,,,,,vdj36tuk4vvcao8sqcjgymb9,11,False,True,48
1740531765425.0,1.0,2.0,,texture,18,triangle,low,dots,triangle,low,stripes,square,medium,dots,vdj36tuk4vvcao8sqcjgymb9,11,False,True,48
,,,,texture,19,,,,,,,,,,vdj36tuk4vvcao8sqcjgymb9,11,False,True,48
1740531770303.0,0.0,2.0,,texture,20,triangle,low,dots,triangle,low,stripes,square,medium,plain,vdj36tuk4vvcao8sqcjgymb9,11,False,True,48
,,,,texture,21,,,,,,,,,,vdj36tuk4vvcao8sqcjgymb9,11,False,True,48
1740531773535.0,1.0,2.0,,texture,22,triangle,low,dots,triangle,low,stripes,square,medium,stripes,vdj36tuk4vvcao8sqcjgymb9,11,False,True,48
,,,,texture,23,,,,,,,,,,vdj36tuk4vvcao8sqcjgymb9,11,False,True,48
1740531775339.0,1.0,2.0,,texture,24,triangle,low,dots,triangle,low,stripes,square,medium,dots,vdj36tuk4vvcao8sqcjgymb9,11,False,True,48
,,,,texture,25,,,,,,,,,,vdj36tuk4vvcao8sqcjgymb9,11,False,True,48
1740531779261.0,0.0,2.0,,color,26,triangle,low,dots,triangle,low,stripes,square,medium,plain,vdj36tuk4vvcao8sqcjgymb9,11,False,True,48
1740531781860.0,0.0,2.0,,color,27,triangle,low,dots,triangle,low,stripes,square,low,plain,vdj36tuk4vvcao8sqcjgymb9,11,False,True,48
1740531783712.0,0.0,2.0,,color,28,triangle,low,dots,triangle,low,stripes,square,medium,plain,vdj36tuk4vvcao8sqcjgymb9,11,False,True,48
1740531785477.0,0.0,2.0,,color,29,triangle,low,dots,triangle,low,stripes,square,low,plain,vdj36tuk4vvcao8sqcjgymb9,11,False,True,48
1740531787612.0,0.0,2.0,,color,30,triangle,low,dots,triangle,low,stripes,square,medium,plain,vdj36tuk4vvcao8sqcjgymb9,11,False,True,48
1740531789427.0,0.0,2.0,,color,31,triangle,low,dots,triangle,low,stripes,square,low,plain,vdj36tuk4vvcao8sqcjgymb9,11,False,True,48
1740531791148.0,0.0,2.0,,color,32,triangle,low,dots,triangle,low,stripes,square,medium,plain,vdj36tuk4vvcao8sqcjgymb9,11,False,True,48
1740531794795.0,0.0,2.0,,color,33,triangle,low,dots,triangle,low,stripes,square,low,plain,vdj36tuk4vvcao8sqcjgymb9,11,False,True,48
1740531796759.0,0.0,2.0,,color,34,triangle,low,dots,triangle,low,stripes,square,medium,plain,vdj36tuk4vvcao8sqcjgymb9,11,False,True,48
1740531798604.0,0.0,2.0,,color,35,triangle,low,dots,triangle,low,stripes,square,low,plain,vdj36tuk4vvcao8sqcjgymb9,11,False,True,48
1740531800451.0,0.0,2.0,,color,36,triangle,low,dots,triangle,low,stripes,square,medium,plain,vdj36tuk4vvcao8sqcjgymb9,11,False,True,48
1740531802205.0,0.0,2.0,,color,37,triangle,low,dots,triangle,low,stripes,square,low,plain,vdj36tuk4vvcao8sqcjgymb9,11,False,True,48
1740531804639.0,1.0,2.0,,color,38,triangle,low,dots,triangle,low,stripes,square,low,plain,vdj36tuk4vvcao8sqcjgymb9,11,False,True,48
1740531806320.0,1.0,2.0,,color,39,triangle,low,dots,triangle,low,stripes,square,medium,plain,vdj36tuk4vvcao8sqcjgymb9,11,False,True,48
1740531808278.0,1.0,2.0,,color,40,triangle,low,dots,triangle,low,stripes,square,low,plain,vdj36tuk4vvcao8sqcjgymb9,11,False,True,48
1740531812439.0,1.0,2.0,,color,41,triangle,low,dots,triangle,low,stripes,square,medium,plain,vdj36tuk4vvcao8sqcjgymb9,11,False,True,48
1740531814063.0,1.0,2.0,,color,42,triangle,low,dots,triangle,low,stripes,square,low,plain,vdj36tuk4vvcao8sqcjgymb9,11,False,True,48
1740531815695.0,1.0,2.0,,color,43,triangle,low,dots,triangle,low,stripes,square,low,plain,vdj36tuk4vvcao8sqcjgymb9,11,False,True,48
1740531821864.0,0.0,1.0,,color,44,triangle,low,dots,triangle,low,stripes,square,medium,plain,vdj36tuk4vvcao8sqcjgymb9,11,False,True,48
1740531823802.0,0.0,1.0,,color,45,triangle,low,dots,triangle,low,stripes,square,medium,plain,vdj36tuk4vvcao8sqcjgymb9,11,False,True,48
1740531826187.0,0.0,1.0,,color,46,triangle,low,dots,triangle,low,stripes,square,medium,plain,vdj36tuk4vvcao8sqcjgymb9,11,False,True,48
1740531829444.0,1.0,2.0,,color,47,triangle,low,dots,triangle,medium,stripes,square,medium,plain,vdj36tuk4vvcao8sqcjgymb9,11,False,True,48
1740531833148.0,0.0,1.0,,color,48,triangle,low,dots,triangle,medium,stripes,square,high,plain,vdj36tuk4vvcao8sqcjgymb9,11,False,True,48
1740531866973.0,1.0,2.0,,shape,1,square,low,stripes,triangle,low,stripes,square,high,plain,vdj36tuk4vvcao8sqcjgymb9,12,False,True,11
1740531875613.0,0.0,1.0,,shape,2,square,low,stripes,triangle,low,stripes,triangle,high,plain,vdj36tuk4vvcao8sqcjgymb9,12,False,True,11
1740531884255.0,1.0,2.0,,shape,3,square,low,stripes,square,low,stripes,triangle,high,plain,vdj36tuk4vvcao8sqcjgymb9,12,False,True,11
1740531889454.0,0.0,1.0,,texture,4,square,low,stripes,square,low,stripes,circle,high,plain,vdj36tuk4vvcao8sqcjgymb9,12,False,True,11
,,,,texture,5,,,,,,,,,,vdj36tuk4vvcao8sqcjgymb9,12,False,True,11
1740531891773.0,0.0,1.0,,texture,6,square,low,stripes,square,low,dots,circle,high,plain,vdj36tuk4vvcao8sqcjgymb9,12,False,True,11
,,,,texture,7,,,,,,,,,,vdj36tuk4vvcao8sqcjgymb9,12,False,True,11
1740531893924.0,1.0,0.0,,texture,8,square,low,stripes,square,low,plain,circle,high,plain,vdj36tuk4vvcao8sqcjgymb9,12,False,True,11
,,,,texture,9,,,,,,,,,,vdj36tuk4vvcao8sqcjgymb9,12,False,True,11
1740531895823.0,1.0,0.0,,texture,10,square,low,dots,square,low,plain,circle,high,plain,vdj36tuk4vvcao8sqcjgymb9,12,False,True,11
,,,,texture,11,,,,,,,,,,vdj36tuk4vvcao8sqcjgymb9,12,False,True,11
1740531918546.0,2.0,1.0,,shape,1,square,high,dots,triangle,medium,stripes,square,low,stripes,vdj36tuk4vvcao8sqcjgymb9,13,False,True,6
1740531926349.0,1.0,2.0,,shape,2,square,high,dots,square,medium,stripes,square,low,stripes,vdj36tuk4vvcao8sqcjgymb9,13,False,True,6
1740531928389.0,1.0,2.0,,shape,3,square,high,dots,square,medium,stripes,square,low,stripes,vdj36tuk4vvcao8sqcjgymb9,13,False,True,6
1740531932893.0,2.0,0.0,,shape,4,square,high,dots,square,medium,stripes,circle,low,stripes,vdj36tuk4vvcao8sqcjgymb9,13,False,True,6
1740531934888.0,2.0,0.0,,shape,5,square,high,dots,square,medium,stripes,circle,low,stripes,vdj36tuk4vvcao8sqcjgymb9,13,False,True,6
1740531943230.0,1.0,2.0,,color,6,circle,high,dots,square,medium,stripes,circle,low,stripes,vdj36tuk4vvcao8sqcjgymb9,13,False,True,6
1740531962172.0,1.0,0.0,,texture,1,triangle,medium,stripes,triangle,low,stripes,triangle,low,stripes,vdj36tuk4vvcao8sqcjgymb9,14,False,True,38
,,,,texture,2,,,,,,,,,,vdj36tuk4vvcao8sqcjgymb9,14,False,True,38
1740531964087.0,1.0,0.0,,texture,3,triangle,medium,dots,triangle,low,stripes,triangle,low,stripes,vdj36tuk4vvcao8sqcjgymb9,14,False,True,38
,,,,texture,4,,,,,,,,,,vdj36tuk4vvcao8sqcjgymb9,14,False,True,38
1740531967506.0,2.0,1.0,,texture,5,triangle,medium,plain,triangle,low,stripes,triangle,low,stripes,vdj36tuk4vvcao8sqcjgymb9,14,False,True,38
,,,,texture,6,,,,,,,,,,vdj36tuk4vvcao8sqcjgymb9,14,False,True,38
1740531969358.0,2.0,1.0,,texture,7,triangle,medium,plain,triangle,low,dots,triangle,low,stripes,vdj36tuk4vvcao8sqcjgymb9,14,False,True,38
,,,,texture,8,,,,,,,,,,vdj36tuk4vvcao8sqcjgymb9,14,False,True,38
1740531971202.0,1.0,2.0,,texture,9,triangle,medium,plain,triangle,low,plain,triangle,low,stripes,vdj36tuk4vvcao8sqcjgymb9,14,False,True,38
,,,,texture,10,,,,,,,,,,vdj36tuk4vvcao8sqcjgymb9,14,False,True,38
1740531972848.0,1.0,2.0,,texture,11,triangle,medium,plain,triangle,low,plain,triangle,low,dots,vdj36tuk4vvcao8sqcjgymb9,14,False,True,38
,,,,texture,12,,,,,,,,,,vdj36tuk4vvcao8sqcjgymb9,14,False,True,38
1740531980004.0,0.0,1.0,,shape,13,triangle,medium,plain,triangle,low,plain,triangle,low,plain,vdj36tuk4vvcao8sqcjgymb9,14,False,True,38
1740531982039.0,0.0,1.0,,shape,14,triangle,medium,plain,triangle,low,plain,triangle,low,plain,vdj36tuk4vvcao8sqcjgymb9,14,False,True,38
1740531983995.0,1.0,2.0,,shape,15,triangle,medium,plain,circle,low,plain,triangle,low,plain,vdj36tuk4vvcao8sqcjgymb9,14,False,True,38
1740531985919.0,2.0,1.0,,shape,16,triangle,medium,plain,circle,low,plain,circle,low,plain,vdj36tuk4vvcao8sqcjgymb9,14,False,True,38
1740531987737.0,2.0,1.0,,shape,17,triangle,medium,plain,triangle,low,plain,circle,low,plain,vdj36tuk4vvcao8sqcjgymb9,14,False,True,38
1740531989402.0,2.0,1.0,,shape,18,triangle,medium,plain,circle,low,plain,circle,low,plain,vdj36tuk4vvcao8sqcjgymb9,14,False,True,38
1740531991149.0,2.0,1.0,,shape,19,triangle,medium,plain,circle,low,plain,circle,low,plain,vdj36tuk4vvcao8sqcjgymb9,14,False,True,38
1740531994754.0,2.0,1.0,,shape,20,triangle,medium,plain,circle,low,plain,circle,low,plain,vdj36tuk4vvcao8sqcjgymb9,14,False,True,38
1740532000796.0,0.0,1.0,,shape,21,triangle,medium,plain,triangle,low,plain,circle,low,plain,vdj36tuk4vvcao8sqcjgymb9,14,False,True,38
1740532002829.0,0.0,1.0,,shape,22,triangle,medium,plain,triangle,low,plain,circle,low,plain,vdj36tuk4vvcao8sqcjgymb9,14,False,True,38
1740532004640.0,0.0,1.0,,shape,23,triangle,medium,plain,triangle,low,plain,circle,low,plain,vdj36tuk4vvcao8sqcjgymb9,14,False,True,38
1740532006685.0,0.0,1.0,,shape,24,triangle,medium,plain,triangle,low,plain,circle,low,plain,vdj36tuk4vvcao8sqcjgymb9,14,False,True,38
1740532008486.0,0.0,1.0,,shape,25,triangle,medium,plain,triangle,low,plain,circle,low,plain,vdj36tuk4vvcao8sqcjgymb9,14,False,True,38
1740532010588.0,0.0,1.0,,shape,26,triangle,medium,plain,triangle,low,plain,circle,low,plain,vdj36tuk4vvcao8sqcjgymb9,14,False,True,38
1740532014380.0,0.0,1.0,,shape,27,triangle,medium,plain,circle,low,plain,circle,low,plain,vdj36tuk4vvcao8sqcjgymb9,14,False,True,38
1740532016271.0,0.0,1.0,,shape,28,triangle,medium,plain,triangle,low,plain,circle,low,plain,vdj36tuk4vvcao8sqcjgymb9,14,False,True,38
1740532018049.0,0.0,1.0,,shape,29,triangle,medium,plain,triangle,low,plain,circle,low,plain,vdj36tuk4vvcao8sqcjgymb9,14,False,True,38
1740532019887.0,0.0,1.0,,shape,30,triangle,medium,plain,triangle,low,plain,circle,low,plain,vdj36tuk4vvcao8sqcjgymb9,14,False,True,38
1740532029580.0,0.0,2.0,,color,31,triangle,medium,plain,square,low,plain,circle,low,plain,vdj36tuk4vvcao8sqcjgymb9,14,False,True,38
1740532054586.0,2.0,1.0,,color,32,triangle,medium,plain,square,low,plain,circle,medium,plain,vdj36tuk4vvcao8sqcjgymb9,14,False,True,38
1740532061208.0,2.0,1.0,,color,33,triangle,medium,plain,square,medium,plain,circle,medium,plain,vdj36tuk4vvcao8sqcjgymb9,14,False,True,38
1740532062953.0,2.0,1.0,,color,34,triangle,medium,plain,square,medium,plain,circle,medium,plain,vdj36tuk4vvcao8sqcjgymb9,14,False,True,38
1740532065507.0,2.0,1.0,,color,35,triangle,medium,plain,square,medium,plain,circle,medium,plain,vdj36tuk4vvcao8sqcjgymb9,14,False,True,38
1740532067310.0,2.0,1.0,,color,36,triangle,medium,plain,square,medium,plain,circle,medium,plain,vdj36tuk4vvcao8sqcjgymb9,14,False,True,38
1740532069058.0,2.0,1.0,,color,37,triangle,medium,plain,square,medium,plain,circle,medium,plain,vdj36tuk4vvcao8sqcjgymb9,14,False,True,38
1740532071823.0,1.0,0.0,,color,38,triangle,medium,plain,square,high,plain,circle,medium,plain,vdj36tuk4vvcao8sqcjgymb9,14,False,True,38
1740532091475.0,0.0,1.0,,shape,1,circle,medium,plain,triangle,medium,stripes,square,medium,plain,vdj36tuk4vvcao8sqcjgymb9,15,False,True,42
1740532096253.0,0.0,1.0,,shape,2,circle,medium,plain,triangle,medium,stripes,square,medium,plain,vdj36tuk4vvcao8sqcjgymb9,15,False,True,42
1740532102890.0,2.0,0.0,,shape,3,circle,medium,plain,circle,medium,stripes,square,medium,plain,vdj36tuk4vvcao8sqcjgymb9,15,False,True,42
1740532107035.0,0.0,2.0,,shape,4,square,medium,plain,circle,medium,stripes,square,medium,plain,vdj36tuk4vvcao8sqcjgymb9,15,False,True,42
1740532108991.0,0.0,2.0,,shape,5,square,medium,plain,circle,medium,stripes,square,medium,plain,vdj36tuk4vvcao8sqcjgymb9,15,False,True,42
1740532110972.0,0.0,2.0,,shape,6,square,medium,plain,circle,medium,stripes,square,medium,plain,vdj36tuk4vvcao8sqcjgymb9,15,False,True,42
1740532113235.0,0.0,2.0,,shape,7,square,medium,plain,circle,medium,stripes,square,medium,plain,vdj36tuk4vvcao8sqcjgymb9,15,False,True,42
1740532119240.0,0.0,2.0,,shape,8,square,medium,plain,circle,medium,stripes,circle,medium,plain,vdj36tuk4vvcao8sqcjgymb9,15,False,True,42
1740532122541.0,1.0,2.0,,shape,9,square,medium,plain,circle,medium,stripes,square,medium,plain,vdj36tuk4vvcao8sqcjgymb9,15,False,True,42
1740532124276.0,1.0,2.0,,shape,10,square,medium,plain,circle,medium,stripes,circle,medium,plain,vdj36tuk4vvcao8sqcjgymb9,15,False,True,42
1740532126049.0,1.0,2.0,,shape,11,square,medium,plain,circle,medium,stripes,circle,medium,plain,vdj36tuk4vvcao8sqcjgymb9,15,False,True,42
1740532127924.0,1.0,2.0,,shape,12,square,medium,plain,circle,medium,stripes,circle,medium,plain,vdj36tuk4vvcao8sqcjgymb9,15,False,True,42
1740532129677.0,1.0,2.0,,shape,13,square,medium,plain,circle,medium,stripes,circle,medium,plain,vdj36tuk4vvcao8sqcjgymb9,15,False,True,42
1740532131495.0,1.0,2.0,,shape,14,square,medium,plain,circle,medium,stripes,circle,medium,plain,vdj36tuk4vvcao8sqcjgymb9,15,False,True,42
1740532133574.0,1.0,2.0,,shape,15,square,medium,plain,circle,medium,stripes,square,medium,plain,vdj36tuk4vvcao8sqcjgymb9,15,False,True,42
1740532135374.0,1.0,2.0,,shape,16,square,medium,plain,circle,medium,stripes,circle,medium,plain,vdj36tuk4vvcao8sqcjgymb9,15,False,True,42
1740532137307.0,1.0,2.0,,shape,17,square,medium,plain,circle,medium,stripes,circle,medium,plain,vdj36tuk4vvcao8sqcjgymb9,15,False,True,42
1740532142567.0,1.0,0.0,,texture,18,square,medium,plain,circle,medium,stripes,triangle,medium,plain,vdj36tuk4vvcao8sqcjgymb9,15,False,True,42
,,,,texture,19,,,,,,,,,,vdj36tuk4vvcao8sqcjgymb9,15,False,True,42
1740532144541.0,1.0,0.0,,texture,20,square,medium,stripes,circle,medium,stripes,triangle,medium,plain,vdj36tuk4vvcao8sqcjgymb9,15,False,True,42
,,,,texture,21,,,,,,,,,,vdj36tuk4vvcao8sqcjgymb9,15,False,True,42
1740532146884.0,0.0,1.0,,texture,22,square,medium,dots,circle,medium,stripes,triangle,medium,plain,vdj36tuk4vvcao8sqcjgymb9,15,False,True,42
,,,,texture,23,,,,,,,,,,vdj36tuk4vvcao8sqcjgymb9,15,False,True,42
1740532148589.0,0.0,1.0,,texture,24,square,medium,dots,circle,medium,dots,triangle,medium,plain,vdj36tuk4vvcao8sqcjgymb9,15,False,True,42
,,,,texture,25,,,,,,,,,,vdj36tuk4vvcao8sqcjgymb9,15,False,True,42
1740532159462.0,1.0,0.0,,color,26,square,medium,dots,circle,medium,plain,triangle,medium,plain,vdj36tuk4vvcao8sqcjgymb9,15,False,True,42
1740532163697.0,2.0,1.0,,color,27,square,low,dots,circle,medium,plain,triangle,medium,plain,vdj36tuk4vvcao8sqcjgymb9,15,False,True,42
1740532165403.0,2.0,1.0,,color,28,square,low,dots,circle,medium,plain,triangle,medium,plain,vdj36tuk4vvcao8sqcjgymb9,15,False,True,42
1740532167118.0,2.0,1.0,,color,29,square,low,dots,circle,medium,plain,triangle,medium,plain,vdj36tuk4vvcao8sqcjgymb9,15,False,True,42
1740532168854.0,2.0,1.0,,color,30,square,low,dots,circle,medium,plain,triangle,medium,plain,vdj36tuk4vvcao8sqcjgymb9,15,False,True,42
1740532170713.0,2.0,1.0,,color,31,square,low,dots,circle,medium,plain,triangle,medium,plain,vdj36tuk4vvcao8sqcjgymb9,15,False,True,42
1740532172653.0,2.0,1.0,,color,32,square,low,dots,circle,medium,plain,triangle,medium,plain,vdj36tuk4vvcao8sqcjgymb9,15,False,True,42
1740532174604.0,2.0,1.0,,color,33,square,low,dots,circle,medium,plain,triangle,medium,plain,vdj36tuk4vvcao8sqcjgymb9,15,False,True,42
1740532177511.0,0.0,1.0,,color,34,square,low,dots,circle,low,plain,triangle,medium,plain,vdj36tuk4vvcao8sqcjgymb9,15,False,True,42
1740532179427.0,0.0,1.0,,color,35,square,low,dots,circle,medium,plain,triangle,medium,plain,vdj36tuk4vvcao8sqcjgymb9,15,False,True,42
1740532181771.0,0.0,1.0,,color,36,square,low,dots,circle,low,plain,triangle,medium,plain,vdj36tuk4vvcao8sqcjgymb9,15,False,True,42
1740532184545.0,0.0,1.0,,color,37,square,low,dots,circle,low,plain,triangle,medium,plain,vdj36tuk4vvcao8sqcjgymb9,15,False,True,42
1740532186755.0,0.0,1.0,,color,38,square,low,dots,circle,medium,plain,triangle,medium,plain,vdj36tuk4vvcao8sqcjgymb9,15,False,True,42
1740532188707.0,0.0,1.0,,color,39,square,low,dots,circle,low,plain,triangle,medium,plain,vdj36tuk4vvcao8sqcjgymb9,15,False,True,42
1740532190323.0,2.0,1.0,,color,40,square,low,dots,circle,medium,plain,triangle,medium,plain,vdj36tuk4vvcao8sqcjgymb9,15,False,True,42
1740532192198.0,2.0,1.0,,color,41,square,low,dots,circle,medium,plain,triangle,medium,plain,vdj36tuk4vvcao8sqcjgymb9,15,False,True,42
1740532194041.0,2.0,1.0,,color,42,square,low,dots,circle,medium,plain,triangle,medium,plain,vdj36tuk4vvcao8sqcjgymb9,15,False,True,42
1740532207947.0,0.0,1.0,,shape,1,square,low,plain,triangle,low,plain,triangle,medium,plain,vdj36tuk4vvcao8sqcjgymb9,16,False,True,27
1740532209967.0,1.0,2.0,,shape,2,square,low,plain,circle,low,plain,triangle,medium,plain,vdj36tuk4vvcao8sqcjgymb9,16,False,True,27
1740532211889.0,2.0,0.0,,shape,3,square,low,plain,circle,low,plain,circle,medium,plain,vdj36tuk4vvcao8sqcjgymb9,16,False,True,27
1740532216183.0,0.0,1.0,,color,4,circle,low,plain,circle,low,plain,circle,medium,plain,vdj36tuk4vvcao8sqcjgymb9,16,False,True,27
1740532217862.0,2.0,1.0,,color,5,circle,low,plain,circle,medium,plain,circle,medium,plain,vdj36tuk4vvcao8sqcjgymb9,16,False,True,27
1740532219529.0,0.0,1.0,,color,6,circle,low,plain,circle,low,plain,circle,medium,plain,vdj36tuk4vvcao8sqcjgymb9,16,False,True,27
1740532221025.0,2.0,1.0,,color,7,circle,low,plain,circle,medium,plain,circle,medium,plain,vdj36tuk4vvcao8sqcjgymb9,16,False,True,27
1740532222755.0,0.0,1.0,,color,8,circle,low,plain,circle,medium,plain,circle,medium,plain,vdj36tuk4vvcao8sqcjgymb9,16,False,True,27
1740532224572.0,0.0,1.0,,color,9,circle,low,plain,circle,low,plain,circle,medium,plain,vdj36tuk4vvcao8sqcjgymb9,16,False,True,27
1740532226463.0,0.0,1.0,,color,10,circle,low,plain,circle,low,plain,circle,medium,plain,vdj36tuk4vvcao8sqcjgymb9,16,False,True,27
1740532227944.0,2.0,1.0,,color,11,circle,low,plain,circle,medium,plain,circle,medium,plain,vdj36tuk4vvcao8sqcjgymb9,16,False,True,27
1740532229655.0,0.0,1.0,,color,12,circle,low,plain,circle,low,plain,circle,medium,plain,vdj36tuk4vvcao8sqcjgymb9,16,False,True,27
1740532231336.0,2.0,1.0,,color,13,circle,low,plain,circle,medium,plain,circle,medium,plain,vdj36tuk4vvcao8sqcjgymb9,16,False,True,27
1740532233279.0,2.0,1.0,,color,14,circle,low,plain,circle,medium,plain,circle,medium,plain,vdj36tuk4vvcao8sqcjgymb9,16,False,True,27
1740532235597.0,2.0,1.0,,color,15,circle,low,plain,circle,medium,plain,circle,medium,plain,vdj36tuk4vvcao8sqcjgymb9,16,False,True,27
1740532237560.0,2.0,1.0,,color,16,circle,low,plain,circle,medium,plain,circle,medium,plain,vdj36tuk4vvcao8sqcjgymb9,16,False,True,27
1740532239404.0,0.0,1.0,,color,17,circle,low,plain,circle,low,plain,circle,medium,plain,vdj36tuk4vvcao8sqcjgymb9,16,False,True,27
1740532241770.0,2.0,1.0,,color,18,circle,low,plain,circle,medium,plain,circle,medium,plain,vdj36tuk4vvcao8sqcjgymb9,16,False,True,27
1740532243590.0,2.0,1.0,,color,19,circle,low,plain,circle,medium,plain,circle,medium,plain,vdj36tuk4vvcao8sqcjgymb9,16,False,True,27
1740532246039.0,2.0,1.0,,color,20,circle,low,plain,circle,medium,plain,circle,medium,plain,vdj36tuk4vvcao8sqcjgymb9,16,False,True,27
1740532248779.0,1.0,2.0,,color,21,circle,low,plain,circle,high,plain,circle,medium,plain,vdj36tuk4vvcao8sqcjgymb9,16,False,True,27
1740532252166.0,0.0,1.0,,texture,22,circle,low,plain,circle,high,plain,circle,high,plain,vdj36tuk4vvcao8sqcjgymb9,16,False,True,27
,,,,texture,23,,,,,,,,,,vdj36tuk4vvcao8sqcjgymb9,16,False,True,27
1740532255528.0,0.0,2.0,,texture,24,circle,low,plain,circle,high,stripes,circle,high,plain,vdj36tuk4vvcao8sqcjgymb9,16,False,True,27
,,,,texture,25,,,,,,,,,,vdj36tuk4vvcao8sqcjgymb9,16,False,True,27
1740532257413.0,2.0,0.0,,texture,26,circle,low,plain,circle,high,stripes,circle,high,stripes,vdj36tuk4vvcao8sqcjgymb9,16,False,True,27
,,,,texture,27,,,,,,,,,,vdj36tuk4vvcao8sqcjgymb9,16,False,True,27
1740532280038.0,0.0,1.0,,texture,1,circle,medium,plain,triangle,medium,plain,square,low,stripes,vdj36tuk4vvcao8sqcjgymb9,17,False,True,43
,,,,texture,2,,,,,,,,,,vdj36tuk4vvcao8sqcjgymb9,17,False,True,43
1740532283336.0,0.0,1.0,,color,3,circle,medium,plain,triangle,medium,stripes,square,low,stripes,vdj36tuk4vvcao8sqcjgymb9,17,False,True,43
1740532285356.0,0.0,1.0,,color,4,circle,medium,plain,triangle,medium,stripes,square,low,stripes,vdj36tuk4vvcao8sqcjgymb9,17,False,True,43
1740532287547.0,0.0,1.0,,color,5,circle,medium,plain,triangle,low,stripes,square,low,stripes,vdj36tuk4vvcao8sqcjgymb9,17,False,True,43
1740532289706.0,1.0,0.0,,color,6,circle,medium,plain,triangle,medium,stripes,square,low,stripes,vdj36tuk4vvcao8sqcjgymb9,17,False,True,43
1740532291474.0,1.0,0.0,,color,7,circle,medium,plain,triangle,medium,stripes,square,low,stripes,vdj36tuk4vvcao8sqcjgymb9,17,False,True,43
1740532293140.0,0.0,1.0,,color,8,circle,medium,plain,triangle,medium,stripes,square,low,stripes,vdj36tuk4vvcao8sqcjgymb9,17,False,True,43
1740532294935.0,0.0,1.0,,color,9,circle,medium,plain,triangle,medium,stripes,square,low,stripes,vdj36tuk4vvcao8sqcjgymb9,17,False,True,43
1740532297062.0,0.0,1.0,,color,10,circle,medium,plain,triangle,medium,stripes,square,low,stripes,vdj36tuk4vvcao8sqcjgymb9,17,False,True,43
1740532298886.0,0.0,1.0,,color,11,circle,medium,plain,triangle,medium,stripes,square,low,stripes,vdj36tuk4vvcao8sqcjgymb9,17,False,True,43
1740532300616.0,0.0,1.0,,color,12,circle,medium,plain,triangle,medium,stripes,square,low,stripes,vdj36tuk4vvcao8sqcjgymb9,17,False,True,43
1740532302453.0,1.0,0.0,,color,13,circle,medium,plain,triangle,medium,stripes,square,low,stripes,vdj36tuk4vvcao8sqcjgymb9,17,False,True,43
1740532304161.0,0.0,1.0,,color,14,circle,medium,plain,triangle,medium,stripes,square,low,stripes,vdj36tuk4vvcao8sqcjgymb9,17,False,True,43
1740532305854.0,0.0,1.0,,color,15,circle,medium,plain,triangle,medium,stripes,square,low,stripes,vdj36tuk4vvcao8sqcjgymb9,17,False,True,43
1740532307745.0,0.0,1.0,,color,16,circle,medium,plain,triangle,medium,stripes,square,low,stripes,vdj36tuk4vvcao8sqcjgymb9,17,False,True,43
1740532319436.0,1.0,0.0,,shape,17,circle,medium,plain,triangle,high,stripes,square,low,stripes,vdj36tuk4vvcao8sqcjgymb9,17,False,True,43
1740532325592.0,1.0,0.0,,shape,18,circle,medium,plain,triangle,high,stripes,square,low,stripes,vdj36tuk4vvcao8sqcjgymb9,17,False,True,43
1740532334617.0,0.0,2.0,,texture,19,triangle,medium,plain,triangle,high,stripes,square,low,stripes,vdj36tuk4vvcao8sqcjgymb9,17,False,True,43
,,,,texture,20,,,,,,,,,,vdj36tuk4vvcao8sqcjgymb9,17,False,True,43
1740532336398.0,0.0,2.0,,texture,21,triangle,medium,plain,triangle,high,stripes,square,low,dots,vdj36tuk4vvcao8sqcjgymb9,17,False,True,43
,,,,texture,22,,,,,,,,,,vdj36tuk4vvcao8sqcjgymb9,17,False,True,43
1740532340016.0,1.0,2.0,,color,23,triangle,medium,plain,triangle,high,stripes,square,low,plain,vdj36tuk4vvcao8sqcjgymb9,17,False,True,43
1740532342222.0,1.0,2.0,,color,24,triangle,medium,plain,triangle,high,stripes,square,medium,plain,vdj36tuk4vvcao8sqcjgymb9,17,False,True,43
1740532348922.0,2.0,1.0,,color,25,triangle,medium,plain,triangle,high,stripes,square,high,plain,vdj36tuk4vvcao8sqcjgymb9,17,False,True,43
1740532352383.0,0.0,1.0,,shape,26,triangle,medium,plain,triangle,medium,stripes,square,high,plain,vdj36tuk4vvcao8sqcjgymb9,17,False,True,43
1740532354332.0,0.0,1.0,,shape,27,triangle,medium,plain,triangle,medium,stripes,square,high,plain,vdj36tuk4vvcao8sqcjgymb9,17,False,True,43
1740532356345.0,0.0,1.0,,shape,28,triangle,medium,plain,triangle,medium,stripes,square,high,plain,vdj36tuk4vvcao8sqcjgymb9,17,False,True,43
1740532358238.0,0.0,1.0,,shape,29,triangle,medium,plain,triangle,medium,stripes,square,high,plain,vdj36tuk4vvcao8sqcjgymb9,17,False,True,43
1740532360223.0,0.0,1.0,,shape,30,triangle,medium,plain,triangle,medium,stripes,square,high,plain,vdj36tuk4vvcao8sqcjgymb9,17,False,True,43
1740532362178.0,0.0,1.0,,shape,31,triangle,medium,plain,triangle,medium,stripes,square,high,plain,vdj36tuk4vvcao8sqcjgymb9,17,False,True,43
1740532365195.0,0.0,1.0,,texture,32,triangle,medium,plain,circle,medium,stripes,square,high,plain,vdj36tuk4vvcao8sqcjgymb9,17,False,True,43
,,,,texture,33,,,,,,,,,,vdj36tuk4vvcao8sqcjgymb9,17,False,True,43
1740532369388.0,1.0,0.0,,color,34,triangle,medium,plain,circle,medium,dots,square,high,plain,vdj36tuk4vvcao8sqcjgymb9,17,False,True,43
1740532371394.0,1.0,0.0,,color,35,triangle,medium,plain,circle,medium,dots,square,high,plain,vdj36tuk4vvcao8sqcjgymb9,17,False,True,43
1740532373511.0,2.0,0.0,,color,36,triangle,high,plain,circle,medium,dots,square,high,plain,vdj36tuk4vvcao8sqcjgymb9,17,False,True,43
1740532375572.0,2.0,0.0,,color,37,triangle,medium,plain,circle,medium,dots,square,high,plain,vdj36tuk4vvcao8sqcjgymb9,17,False,True,43
1740532377665.0,2.0,0.0,,color,38,triangle,high,plain,circle,medium,dots,square,high,plain,vdj36tuk4vvcao8sqcjgymb9,17,False,True,43
1740532379470.0,2.0,0.0,,color,39,triangle,medium,plain,circle,medium,dots,square,high,plain,vdj36tuk4vvcao8sqcjgymb9,17,False,True,43
1740532381232.0,2.0,0.0,,color,40,triangle,high,plain,circle,medium,dots,square,high,plain,vdj36tuk4vvcao8sqcjgymb9,17,False,True,43
1740532382929.0,2.0,0.0,,color,41,triangle,medium,plain,circle,medium,dots,square,high,plain,vdj36tuk4vvcao8sqcjgymb9,17,False,True,43
1740532384649.0,2.0,0.0,,color,42,triangle,high,plain,circle,medium,dots,square,high,plain,vdj36tuk4vvcao8sqcjgymb9,17,False,True,43
1740532387114.0,1.0,0.0,,color,43,triangle,medium,plain,circle,medium,dots,square,high,plain,vdj36tuk4vvcao8sqcjgymb9,17,False,True,43
1740532401454.0,0.0,1.0,,color,1,circle,high,plain,square,low,stripes,triangle,high,dots,vdj36tuk4vvcao8sqcjgymb9,18,False,True,11
1740532403279.0,0.0,1.0,,color,2,circle,high,plain,square,medium,stripes,triangle,high,dots,vdj36tuk4vvcao8sqcjgymb9,18,False,True,11
1740532407506.0,2.0,0.0,,shape,3,circle,high,plain,square,high,stripes,triangle,high,dots,vdj36tuk4vvcao8sqcjgymb9,18,False,True,11
1740532410651.0,2.0,1.0,,shape,4,triangle,high,plain,square,high,stripes,triangle,high,dots,vdj36tuk4vvcao8sqcjgymb9,18,False,True,11
1740532413053.0,2.0,1.0,,shape,5,triangle,high,plain,circle,high,stripes,triangle,high,dots,vdj36tuk4vvcao8sqcjgymb9,18,False,True,11
1740532416609.0,0.0,1.0,,texture,6,triangle,high,plain,triangle,high,stripes,triangle,high,dots,vdj36tuk4vvcao8sqcjgymb9,18,False,True,11
,,,,texture,7,,,,,,,,,,vdj36tuk4vvcao8sqcjgymb9,18,False,True,11
1740532418405.0,0.0,1.0,,texture,8,triangle,high,plain,triangle,high,dots,triangle,high,dots,vdj36tuk4vvcao8sqcjgymb9,18,False,True,11
,,,,texture,9,,,,,,,,,,vdj36tuk4vvcao8sqcjgymb9,18,False,True,11
1740532420239.0,1.0,2.0,,texture,10,triangle,high,plain,triangle,high,plain,triangle,high,dots,vdj36tuk4vvcao8sqcjgymb9,18,False,True,11
,,,,texture,11,,,,,,,,,,vdj36tuk4vvcao8sqcjgymb9,18,False,True,11
1740532434743.0,1.0,2.0,,shape,1,triangle,low,dots,square,low,stripes,triangle,high,stripes,vdj36tuk4vvcao8sqcjgymb9,19,False,True,16
1740532436563.0,1.0,0.0,,shape,2,triangle,low,dots,square,low,stripes,square,high,stripes,vdj36tuk4vvcao8sqcjgymb9,19,False,True,16
1740532438711.0,1.0,0.0,,shape,3,triangle,low,dots,square,low,stripes,square,high,stripes,vdj36tuk4vvcao8sqcjgymb9,19,False,True,16
1740532447835.0,0.0,2.0,,color,4,square,low,dots,square,low,stripes,square,high,stripes,vdj36tuk4vvcao8sqcjgymb9,19,False,True,16
1740532454528.0,2.0,1.0,,color,5,square,low,dots,square,low,stripes,square,medium,stripes,vdj36tuk4vvcao8sqcjgymb9,19,False,True,16
1740532456420.0,2.0,0.0,,color,6,square,low,dots,square,medium,stripes,square,medium,stripes,vdj36tuk4vvcao8sqcjgymb9,19,False,True,16
1740532458771.0,0.0,1.0,,texture,7,square,medium,dots,square,medium,stripes,square,medium,stripes,vdj36tuk4vvcao8sqcjgymb9,19,False,True,16
,,,,texture,8,,,,,,,,,,vdj36tuk4vvcao8sqcjgymb9,19,False,True,16
1740532460519.0,0.0,1.0,,texture,9,square,medium,dots,square,medium,dots,square,medium,stripes,vdj36tuk4vvcao8sqcjgymb9,19,False,True,16
,,,,texture,10,,,,,,,,,,vdj36tuk4vvcao8sqcjgymb9,19,False,True,16
1740532462759.0,1.0,2.0,,texture,11,square,medium,dots,square,medium,plain,square,medium,stripes,vdj36tuk4vvcao8sqcjgymb9,19,False,True,16
,,,,texture,12,,,,,,,,,,vdj36tuk4vvcao8sqcjgymb9,19,False,True,16
1740532464792.0,1.0,2.0,,texture,13,square,medium,dots,square,medium,plain,square,medium,dots,vdj36tuk4vvcao8sqcjgymb9,19,False,True,16
,,,,texture,14,,,,,,,,,,vdj36tuk4vvcao8sqcjgymb9,19,False,True,16
1740532466628.0,1.0,0.0,,texture,15,square,medium,dots,square,medium,plain,square,medium,plain,vdj36tuk4vvcao8sqcjgymb9,19,False,True,16
,,,,texture,16,,,,,,,,,,vdj36tuk4vvcao8sqcjgymb9,19,False,True,16
1740532486068.0,0.0,2.0,,shape,1,circle,high,stripes,triangle,high,plain,square,low,plain,vdj36tuk4vvcao8sqcjgymb9,20,False,True,10
1740532488604.0,2.0,1.0,,shape,2,circle,high,stripes,triangle,high,plain,circle,low,plain,vdj36tuk4vvcao8sqcjgymb9,20,False,True,10
1740532492461.0,2.0,0.0,,color,3,circle,high,stripes,circle,high,plain,circle,low,plain,vdj36tuk4vvcao8sqcjgymb9,20,False,True,10
1740532494311.0,2.0,0.0,,color,4,circle,medium,stripes,circle,high,plain,circle,low,plain,vdj36tuk4vvcao8sqcjgymb9,20,False,True,10
1740532496616.0,2.0,1.0,,color,5,circle,low,stripes,circle,high,plain,circle,low,plain,vdj36tuk4vvcao8sqcjgymb9,20,False,True,10
1740532498571.0,2.0,1.0,,color,6,circle,low,stripes,circle,medium,plain,circle,low,plain,vdj36tuk4vvcao8sqcjgymb9,20,False,True,10
1740532502276.0,1.0,0.0,,texture,7,circle,low,stripes,circle,low,plain,circle,low,plain,vdj36tuk4vvcao8sqcjgymb9,20,False,True,10
,,,,texture,8,,,,,,,,,,vdj36tuk4vvcao8sqcjgymb9,20,False,True,10
1740532504093.0,1.0,0.0,,texture,9,circle,low,dots,circle,low,plain,circle,low,plain,vdj36tuk4vvcao8sqcjgymb9,20,False,True,10
,,,,texture,10,,,,,,,,,,vdj36tuk4vvcao8sqcjgymb9,20,False,True,10
