program,log_probability
two(same),-3.6888794541139367
three(unique),-3.6888794541139367
three(same),-3.6888794541139367
two(unique),-3.6888794541139367
"two(unique,(1,2))",-4.787491742782047
"three(3,same)",-4.787491742782047
"three(2,unique)",-4.787491742782047
"three(2,same)",-4.787491742782047
"three(1,unique)",-4.787491742782047
"three(1,same)",-4.787491742782047
"two(3,unique)",-4.787491742782047
"two(3,same)",-4.787491742782047
"two(2,unique)",-4.787491742782047
"two(2,same)",-4.787491742782047
"two(1,unique)",-4.787491742782047
"two(1,same)",-4.787491742782047
"three(3,unique)",-4.787491742782047
"two(unique,(0,2))",-4.787491742782047
"two(unique,(0,1))",-4.787491742782047
"two(same,(1,2))",-4.787491742782047
"two(same,(0,2))",-4.787491742782047
"two(same,(0,1))",-4.787491742782047
three(low),-5.19295685089021
three(medium),-5.19295685089021
two(triangle),-5.19295685089021
two(low),-5.19295685089021
two(medium),-5.19295685089021
two(high),-5.19295685089021
two(plain),-5.19295685089021
two(stripes),-5.19295685089021
two(dots),-5.19295685089021
three(square),-5.19295685089021
three(circle),-5.19295685089021
three(triangle),-5.19295685089021
three(dots),-5.19295685089021
three(stripes),-5.19295685089021
three(plain),-5.19295685089021
three(high),-5.19295685089021
one(low),-5.19295685089021
one(medium),-5.19295685089021
two(square),-5.19295685089021
one(plain),-5.19295685089021
one(stripes),-5.19295685089021
one(dots),-5.19295685089021
one(high),-5.19295685089021
two(circle),-5.19295685089021
one(square),-5.19295685089021
one(triangle),-5.19295685089021
one(circle),-5.19295685089021
"one(square,(1))",-6.29156913955832
"two(circle,(1,2))",-6.29156913955832
"two(triangle,(0,1))",-6.29156913955832
"two(square,(1,2))",-6.29156913955832
"two(triangle,(0,2))",-6.29156913955832
"two(triangle,(1,2))",-6.29156913955832
"two(low,(0,1))",-6.29156913955832
"two(low,(0,2))",-6.29156913955832
"two(low,(1,2))",-6.29156913955832
"two(medium,(0,1))",-6.29156913955832
"two(medium,(0,2))",-6.29156913955832
"two(medium,(1,2))",-6.29156913955832
"two(high,(0,1))",-6.29156913955832
"two(high,(0,2))",-6.29156913955832
"two(high,(1,2))",-6.29156913955832
"two(plain,(0,1))",-6.29156913955832
"two(plain,(0,2))",-6.29156913955832
"two(plain,(1,2))",-6.29156913955832
"two(stripes,(0,1))",-6.29156913955832
"two(stripes,(0,2))",-6.29156913955832
"two(stripes,(1,2))",-6.29156913955832
"two(dots,(0,1))",-6.29156913955832
"two(dots,(0,2))",-6.29156913955832
"two(dots,(1,2))",-6.29156913955832
"one(square,(0))",-6.29156913955832
"two(circle,(0,1))",-6.29156913955832
"one(square,(2))",-6.29156913955832
"one(low,(1))",-6.29156913955832
"one(medium,(0))",-6.29156913955832
"one(medium,(1))",-6.29156913955832
"one(medium,(2))",-6.29156913955832
"one(high,(0))",-6.29156913955832
"one(high,(1))",-6.29156913955832
"one(high,(2))",-6.29156913955832
"two(circle,(0,2))",-6.29156913955832
"one(plain,(1))",-6.29156913955832
"one(plain,(2))",-6.29156913955832
"one(stripes,(0))",-6.29156913955832
"one(stripes,(1))",-6.29156913955832
"one(stripes,(2))",-6.29156913955832
"one(dots,(0))",-6.29156913955832
"one(dots,(1))",-6.29156913955832
"one(dots,(2))",-6.29156913955832
"two(square,(0,1))",-6.29156913955832
"two(square,(0,2))",-6.29156913955832
"one(low,(2))",-6.29156913955832
"one(low,(0))",-6.29156913955832
"one(circle,(0))",-6.29156913955832
"one(triangle,(2))",-6.29156913955832
"one(circle,(1))",-6.29156913955832
"one(circle,(2))",-6.29156913955832
"one(triangle,(0))",-6.29156913955832
"one(triangle,(1))",-6.29156913955832
"one(plain,(0))",-6.29156913955832
"and(two(same),two(same))",-8.070906088787819
"and(two(unique),three(unique))",-8.070906088787819
"and(three(unique),three(unique))",-8.070906088787819
"and(two(unique),two(same))",-8.070906088787819
"and(three(unique),two(unique))",-8.070906088787819
"and(three(unique),two(same))",-8.070906088787819
"and(three(same),two(same))",-8.070906088787819
"and(two(same),two(unique))",-8.070906088787819
"and(two(same),three(same))",-8.070906088787819
"and(two(same),three(unique))",-8.070906088787819
"and(two(unique),three(same))",-8.070906088787819
"and(two(unique),two(unique))",-8.070906088787819
"and(three(unique),three(same))",-8.070906088787819
"and(three(same),three(unique))",-8.070906088787819
"and(three(same),two(unique))",-8.070906088787819
"and(three(same),three(same))",-8.070906088787819
"and(two(2,same),two(same))",-9.169518377455928
"and(two(1,unique),three(unique))",-9.169518377455928
"and(three(same),two(unique,(1,2)))",-9.169518377455928
"and(three(same),two(unique,(0,2)))",-9.169518377455928
"and(three(same),two(unique,(0,1)))",-9.169518377455928
"and(three(same),two(same,(1,2)))",-9.169518377455928
"and(three(same),two(same,(0,2)))",-9.169518377455928
"and(three(same),two(same,(0,1)))",-9.169518377455928
"and(three(same),three(3,unique))",-9.169518377455928
"and(two(unique),two(1,same))",-9.169518377455928
"and(two(unique),two(1,unique))",-9.169518377455928
"and(two(unique),two(2,same))",-9.169518377455928
"and(two(unique),two(2,unique))",-9.169518377455928
"and(two(unique),two(3,same))",-9.169518377455928
"and(two(unique),two(3,unique))",-9.169518377455928
"and(two(unique),three(1,same))",-9.169518377455928
"and(two(unique),three(1,unique))",-9.169518377455928
"and(two(unique),three(2,same))",-9.169518377455928
"and(two(unique),three(2,unique))",-9.169518377455928
"and(three(unique),two(same,(1,2)))",-9.169518377455928
"and(three(unique),two(unique,(0,1)))",-9.169518377455928
"and(two(unique),three(3,same))",-9.169518377455928
"and(two(same,(0,2)),two(same))",-9.169518377455928
"and(two(1,unique),three(same))",-9.169518377455928
"and(two(1,unique),two(unique))",-9.169518377455928
"and(two(unique,(0,2)),three(unique))",-9.169518377455928
"and(two(unique,(0,2)),three(same))",-9.169518377455928
"and(two(unique,(0,2)),two(unique))",-9.169518377455928
"and(two(unique,(0,2)),two(same))",-9.169518377455928
"and(two(1,unique),two(same))",-9.169518377455928
"and(two(same,(0,2)),two(unique))",-9.169518377455928
"and(three(unique),two(unique,(1,2)))",-9.169518377455928
"and(two(same,(0,2)),three(same))",-9.169518377455928
"and(two(same,(0,2)),three(unique))",-9.169518377455928
"and(two(1,same),three(unique))",-9.169518377455928
"and(two(1,same),three(same))",-9.169518377455928
"and(two(1,same),two(unique))",-9.169518377455928
"and(two(1,same),two(same))",-9.169518377455928
"and(two(same,(1,2)),three(unique))",-9.169518377455928
"and(three(unique),two(unique,(0,2)))",-9.169518377455928
"and(two(unique),three(3,unique))",-9.169518377455928
"and(two(unique),two(same,(0,1)))",-9.169518377455928
"and(two(unique),two(same,(0,2)))",-9.169518377455928
"and(three(same),three(2,same))",-9.169518377455928
"and(two(same,(1,2)),two(same))",-9.169518377455928
"and(two(unique,(0,1)),three(unique))",-9.169518377455928
"and(two(unique,(0,1)),three(same))",-9.169518377455928
"and(two(unique,(0,1)),two(unique))",-9.169518377455928
"and(two(unique,(0,1)),two(same))",-9.169518377455928
"and(two(same,(1,2)),two(unique))",-9.169518377455928
"and(two(same,(1,2)),three(same))",-9.169518377455928
"and(three(same),three(1,unique))",-9.169518377455928
"and(three(same),three(1,same))",-9.169518377455928
"and(three(same),two(3,unique))",-9.169518377455928
"and(three(same),two(3,same))",-9.169518377455928
"and(three(same),two(2,unique))",-9.169518377455928
"and(three(same),two(2,same))",-9.169518377455928
"and(three(same),two(1,unique))",-9.169518377455928
"and(three(same),two(1,same))",-9.169518377455928
"and(two(2,same),three(same))",-9.169518377455928
"and(three(same),three(2,unique))",-9.169518377455928
"and(three(same),three(3,same))",-9.169518377455928
"and(three(unique),two(1,same))",-9.169518377455928
"and(three(unique),three(3,same))",-9.169518377455928
"and(two(unique),two(same,(1,2)))",-9.169518377455928
"and(two(unique),two(unique,(0,1)))",-9.169518377455928
"and(two(unique),two(unique,(0,2)))",-9.169518377455928
"and(two(unique),two(unique,(1,2)))",-9.169518377455928
"and(three(unique),two(same,(0,2)))",-9.169518377455928
"and(three(unique),two(same,(0,1)))",-9.169518377455928
"and(three(unique),three(3,unique))",-9.169518377455928
"and(three(unique),three(2,unique))",-9.169518377455928
"and(three(unique),two(1,unique))",-9.169518377455928
"and(three(unique),three(2,same))",-9.169518377455928
"and(three(unique),three(1,unique))",-9.169518377455928
"and(three(unique),three(1,same))",-9.169518377455928
"and(three(unique),two(3,unique))",-9.169518377455928
"and(three(unique),two(3,same))",-9.169518377455928
"and(three(unique),two(2,unique))",-9.169518377455928
"and(three(unique),two(2,same))",-9.169518377455928
"and(two(2,same),two(unique))",-9.169518377455928
"and(two(3,same),two(unique))",-9.169518377455928
"and(three(1,same),two(unique))",-9.169518377455928
"and(two(same),two(3,unique))",-9.169518377455928
"and(two(same),two(2,same))",-9.169518377455928
"and(two(same),two(1,unique))",-9.169518377455928
"and(two(same),two(1,same))",-9.169518377455928
"and(two(same,(0,1)),two(same))",-9.169518377455928
"and(three(3,unique),three(unique))",-9.169518377455928
"and(three(3,unique),three(same))",-9.169518377455928
"and(three(3,unique),two(unique))",-9.169518377455928
"and(three(3,unique),two(same))",-9.169518377455928
"and(two(3,same),two(same))",-9.169518377455928
"and(three(1,unique),two(unique))",-9.169518377455928
"and(two(unique,(1,2)),two(same))",-9.169518377455928
"and(two(unique,(1,2)),two(unique))",-9.169518377455928
"and(two(unique,(1,2)),three(same))",-9.169518377455928
"and(two(unique,(1,2)),three(unique))",-9.169518377455928
"and(two(3,same),three(same))",-9.169518377455928
"and(two(3,same),three(unique))",-9.169518377455928
"and(two(3,unique),two(same))",-9.169518377455928
"and(two(3,unique),two(unique))",-9.169518377455928
"and(two(3,unique),three(same))",-9.169518377455928
"and(two(3,unique),three(unique))",-9.169518377455928
"and(three(1,unique),two(same))",-9.169518377455928
"and(three(2,unique),three(same))",-9.169518377455928
"and(three(2,unique),three(unique))",-9.169518377455928
"and(three(3,same),two(same))",-9.169518377455928
"and(three(3,same),two(unique))",-9.169518377455928
"and(three(1,same),three(unique))",-9.169518377455928
"and(three(3,same),three(same))",-9.169518377455928
"and(three(3,same),three(unique))",-9.169518377455928
"and(three(1,same),two(same))",-9.169518377455928
"and(two(same),two(2,unique))",-9.169518377455928
"and(two(same),two(3,same))",-9.169518377455928
"and(two(same),two(same,(0,2)))",-9.169518377455928
"and(two(same),two(same,(0,1)))",-9.169518377455928
"and(two(2,same),three(unique))",-9.169518377455928
"and(two(2,unique),two(same))",-9.169518377455928
"and(two(2,unique),two(unique))",-9.169518377455928
"and(three(2,unique),two(same))",-9.169518377455928
"and(three(2,unique),two(unique))",-9.169518377455928
"and(three(2,same),three(unique))",-9.169518377455928
"and(three(2,same),three(same))",-9.169518377455928
"and(two(2,unique),three(same))",-9.169518377455928
"and(two(same),two(unique,(1,2)))",-9.169518377455928
"and(two(same),two(unique,(0,2)))",-9.169518377455928
"and(two(same),two(unique,(0,1)))",-9.169518377455928
"and(two(same),two(same,(1,2)))",-9.169518377455928
"and(two(same),three(1,same))",-9.169518377455928
"and(three(1,same),three(same))",-9.169518377455928
"and(two(2,unique),three(unique))",-9.169518377455928
"and(three(1,unique),three(unique))",-9.169518377455928
"and(two(same),three(1,unique))",-9.169518377455928
"and(two(same),three(2,same))",-9.169518377455928
"and(two(same),three(2,unique))",-9.169518377455928
"and(two(same),three(3,same))",-9.169518377455928
"and(two(same,(0,1)),three(unique))",-9.169518377455928
"and(three(1,unique),three(same))",-9.169518377455928
"and(three(2,same),two(same))",-9.169518377455928
"and(three(2,same),two(unique))",-9.169518377455928
"and(two(same),three(3,unique))",-9.169518377455928
"and(two(same,(0,1)),two(unique))",-9.169518377455928
"and(two(same,(0,1)),three(same))",-9.169518377455928
"and(two(square),two(same))",-9.574983485564092
"and(three(unique),three(low))",-9.574983485564092
"and(one(plain),two(same))",-9.574983485564092
"and(one(plain),two(unique))",-9.574983485564092
"and(one(dots),two(same))",-9.574983485564092
"and(one(plain),three(same))",-9.574983485564092
"and(three(unique),two(stripes))",-9.574983485564092
"and(three(unique),two(medium))",-9.574983485564092
"and(three(unique),two(high))",-9.574983485564092
"and(three(unique),two(plain))",-9.574983485564092
"and(one(stripes),three(same))",-9.574983485564092
"and(one(low),two(same))",-9.574983485564092
"and(one(low),two(unique))",-9.574983485564092
"and(one(low),three(same))",-9.574983485564092
"and(one(low),three(unique))",-9.574983485564092
"and(one(stripes),three(unique))",-9.574983485564092
"and(one(plain),three(unique))",-9.574983485564092
"and(one(stripes),two(same))",-9.574983485564092
"and(three(unique),two(dots))",-9.574983485564092
"and(three(unique),three(square))",-9.574983485564092
"and(three(unique),three(circle))",-9.574983485564092
"and(three(unique),three(triangle))",-9.574983485564092
"and(one(dots),two(unique))",-9.574983485564092
"and(one(dots),three(same))",-9.574983485564092
"and(one(dots),three(unique))",-9.574983485564092
"and(three(unique),three(medium))",-9.574983485564092
"and(one(medium),three(unique))",-9.574983485564092
"and(three(unique),three(plain))",-9.574983485564092
"and(two(high),three(same))",-9.574983485564092
"and(two(triangle),three(unique))",-9.574983485564092
"and(three(unique),two(triangle))",-9.574983485564092
"and(two(low),two(same))",-9.574983485564092
"and(two(low),two(unique))",-9.574983485564092
"and(two(low),three(same))",-9.574983485564092
"and(two(low),three(unique))",-9.574983485564092
"and(two(high),three(unique))",-9.574983485564092
"and(two(high),two(unique))",-9.574983485564092
"and(two(triangle),two(unique))",-9.574983485564092
"and(two(high),two(same))",-9.574983485564092
"and(two(medium),three(unique))",-9.574983485564092
"and(two(medium),three(same))",-9.574983485564092
"and(two(medium),two(unique))",-9.574983485564092
"and(two(medium),two(same))",-9.574983485564092
"and(one(medium),two(same))",-9.574983485564092
"and(one(medium),two(unique))",-9.574983485564092
"and(two(triangle),three(same))",-9.574983485564092
"and(two(triangle),two(same))",-9.574983485564092
"and(three(unique),three(stripes))",-9.574983485564092
"and(two(circle),three(unique))",-9.574983485564092
"and(three(unique),three(dots))",-9.574983485564092
"and(two(square),two(unique))",-9.574983485564092
"and(two(square),three(same))",-9.574983485564092
"and(two(square),three(unique))",-9.574983485564092
"and(two(circle),two(same))",-9.574983485564092
"and(two(circle),two(unique))",-9.574983485564092
"and(two(circle),three(same))",-9.574983485564092
"and(one(high),three(unique))",-9.574983485564092
"and(two(plain),two(same))",-9.574983485564092
"and(one(high),three(same))",-9.574983485564092
"and(one(high),two(unique))",-9.574983485564092
"and(one(high),two(same))",-9.574983485564092
"and(one(medium),three(same))",-9.574983485564092
"and(two(plain),three(unique))",-9.574983485564092
"and(two(plain),three(same))",-9.574983485564092
"and(two(plain),two(unique))",-9.574983485564092
"and(three(unique),two(low))",-9.574983485564092
"and(three(unique),three(high))",-9.574983485564092
"and(three(unique),two(circle))",-9.574983485564092
"and(two(same),two(plain))",-9.574983485564092
"and(two(same),three(medium))",-9.574983485564092
"and(two(same),three(low))",-9.574983485564092
"and(two(same),three(triangle))",-9.574983485564092
"and(two(same),three(circle))",-9.574983485564092
"and(two(same),three(square))",-9.574983485564092
"and(three(unique),two(square))",-9.574983485564092
"and(two(same),two(dots))",-9.574983485564092
"and(two(same),two(stripes))",-9.574983485564092
"and(two(same),two(high))",-9.574983485564092
"and(two(unique),two(high))",-9.574983485564092
"and(two(same),two(medium))",-9.574983485564092
"and(two(same),two(low))",-9.574983485564092
"and(two(same),two(triangle))",-9.574983485564092
"and(two(same),two(circle))",-9.574983485564092
"and(two(same),two(square))",-9.574983485564092
"and(two(same),one(dots))",-9.574983485564092
"and(two(same),one(stripes))",-9.574983485564092
"and(two(same),one(plain))",-9.574983485564092
"and(two(same),three(high))",-9.574983485564092
"and(two(same),three(plain))",-9.574983485564092
"and(two(same),three(stripes))",-9.574983485564092
"and(two(same),three(dots))",-9.574983485564092
"and(two(unique),two(low))",-9.574983485564092
"and(two(unique),two(triangle))",-9.574983485564092
"and(two(unique),two(circle))",-9.574983485564092
"and(two(unique),two(square))",-9.574983485564092
"and(two(unique),one(dots))",-9.574983485564092
"and(two(unique),one(stripes))",-9.574983485564092
"and(two(unique),one(plain))",-9.574983485564092
"and(two(unique),one(high))",-9.574983485564092
"and(two(unique),one(medium))",-9.574983485564092
"and(two(unique),one(low))",-9.574983485564092
"and(two(unique),one(triangle))",-9.574983485564092
"and(two(unique),one(circle))",-9.574983485564092
"and(two(unique),one(square))",-9.574983485564092
"and(three(circle),two(same))",-9.574983485564092
"and(three(circle),two(unique))",-9.574983485564092
"and(three(circle),three(same))",-9.574983485564092
"and(three(circle),three(unique))",-9.574983485564092
"and(two(same),one(high))",-9.574983485564092
"and(two(same),one(medium))",-9.574983485564092
"and(two(same),one(low))",-9.574983485564092
"and(three(low),two(unique))",-9.574983485564092
"and(three(low),three(unique))",-9.574983485564092
"and(three(plain),three(unique))",-9.574983485564092
"and(three(plain),three(same))",-9.574983485564092
"and(three(plain),two(unique))",-9.574983485564092
"and(three(plain),two(same))",-9.574983485564092
"and(three(high),three(unique))",-9.574983485564092
"and(three(high),three(same))",-9.574983485564092
"and(three(high),two(unique))",-9.574983485564092
"and(three(high),two(same))",-9.574983485564092
"and(three(medium),two(same))",-9.574983485564092
"and(three(medium),two(unique))",-9.574983485564092
"and(three(medium),three(same))",-9.574983485564092
"and(three(medium),three(unique))",-9.574983485564092
"and(one(square),three(unique))",-9.574983485564092
"and(one(square),three(same))",-9.574983485564092
"and(one(square),two(unique))",-9.574983485564092
"and(one(square),two(same))",-9.574983485564092
"and(three(low),three(same))",-9.574983485564092
"and(three(low),two(same))",-9.574983485564092
"and(two(same),one(triangle))",-9.574983485564092
"and(three(stripes),two(same))",-9.574983485564092
"and(two(same),one(circle))",-9.574983485564092
"and(two(same),one(square))",-9.574983485564092
"and(three(dots),three(unique))",-9.574983485564092
"and(three(dots),three(same))",-9.574983485564092
"and(three(dots),two(unique))",-9.574983485564092
"and(three(dots),two(same))",-9.574983485564092
"and(three(triangle),two(same))",-9.574983485564092
"and(three(triangle),two(unique))",-9.574983485564092
"and(one(circle),three(unique))",-9.574983485564092
"and(one(circle),three(same))",-9.574983485564092
"and(one(circle),two(unique))",-9.574983485564092
"and(one(circle),two(same))",-9.574983485564092
"and(three(triangle),three(same))",-9.574983485564092
"and(three(triangle),three(unique))",-9.574983485564092
"and(three(stripes),three(unique))",-9.574983485564092
"and(three(stripes),three(same))",-9.574983485564092
"and(three(stripes),two(unique))",-9.574983485564092
"and(two(unique),two(medium))",-9.574983485564092
"and(one(stripes),two(unique))",-9.574983485564092
"and(three(same),one(plain))",-9.574983485564092
"and(one(triangle),three(unique))",-9.574983485564092
"and(three(same),two(low))",-9.574983485564092
"and(three(same),three(dots))",-9.574983485564092
"and(two(stripes),three(unique))",-9.574983485564092
"and(two(unique),three(dots))",-9.574983485564092
"and(two(unique),three(stripes))",-9.574983485564092
"and(two(unique),three(plain))",-9.574983485564092
"and(two(unique),three(high))",-9.574983485564092
"and(two(stripes),three(same))",-9.574983485564092
"and(two(stripes),two(unique))",-9.574983485564092
"and(three(same),two(triangle))",-9.574983485564092
"and(three(same),two(circle))",-9.574983485564092
"and(two(unique),three(medium))",-9.574983485564092
"and(two(unique),three(triangle))",-9.574983485564092
"and(one(triangle),three(same))",-9.574983485564092
"and(two(stripes),two(same))",-9.574983485564092
"and(three(unique),one(square))",-9.574983485564092
"and(three(unique),one(circle))",-9.574983485564092
"and(three(same),two(medium))",-9.574983485564092
"and(three(same),three(stripes))",-9.574983485564092
"and(three(same),three(plain))",-9.574983485564092
"and(three(same),three(low))",-9.574983485564092
"and(three(same),two(high))",-9.574983485564092
"and(three(same),two(plain))",-9.574983485564092
"and(three(same),two(stripes))",-9.574983485564092
"and(three(same),two(dots))",-9.574983485564092
"and(three(same),three(square))",-9.574983485564092
"and(three(same),three(circle))",-9.574983485564092
"and(three(same),three(triangle))",-9.574983485564092
"and(three(square),three(unique))",-9.574983485564092
"and(three(same),three(high))",-9.574983485564092
"and(three(square),three(same))",-9.574983485564092
"and(three(same),one(stripes))",-9.574983485564092
"and(three(square),two(unique))",-9.574983485564092
"and(three(square),two(same))",-9.574983485564092
"and(one(triangle),two(same))",-9.574983485564092
"and(one(triangle),two(unique))",-9.574983485564092
"and(three(same),three(medium))",-9.574983485564092
"and(three(unique),one(triangle))",-9.574983485564092
"and(two(unique),three(low))",-9.574983485564092
"and(three(same),one(square))",-9.574983485564092
"and(three(unique),one(low))",-9.574983485564092
"and(three(same),one(circle))",-9.574983485564092
"and(two(unique),two(plain))",-9.574983485564092
"and(two(unique),two(stripes))",-9.574983485564092
"and(two(unique),two(dots))",-9.574983485564092
"and(two(unique),three(square))",-9.574983485564092
"and(three(same),two(square))",-9.574983485564092
"and(three(same),one(dots))",-9.574983485564092
"and(two(dots),three(same))",-9.574983485564092
"and(three(unique),one(high))",-9.574983485564092
"and(two(unique),three(circle))",-9.574983485564092
"and(three(unique),one(medium))",-9.574983485564092
"and(three(unique),one(plain))",-9.574983485564092
"and(two(dots),two(unique))",-9.574983485564092
"and(two(dots),three(unique))",-9.574983485564092
"and(three(same),one(triangle))",-9.574983485564092
"and(three(same),one(low))",-9.574983485564092
"and(two(dots),two(same))",-9.574983485564092
"and(three(same),one(medium))",-9.574983485564092
"and(three(unique),one(dots))",-9.574983485564092
"and(three(unique),one(stripes))",-9.574983485564092
"and(three(same),one(high))",-9.574983485564092
"and(three(2,same),three(3,unique))",-10.268130666124039
"and(three(1,unique),two(1,same))",-10.268130666124039
"and(three(2,same),two(same,(0,1)))",-10.268130666124039
"and(three(2,same),two(3,same))",-10.268130666124039
"and(three(1,unique),two(1,unique))",-10.268130666124039
"and(three(2,same),three(3,same))",-10.268130666124039
"and(three(2,same),three(2,unique))",-10.268130666124039
"and(three(2,same),three(2,same))",-10.268130666124039
"and(three(2,same),three(1,unique))",-10.268130666124039
"and(three(2,same),three(1,same))",-10.268130666124039
"and(three(2,same),two(3,unique))",-10.268130666124039
"and(three(1,unique),two(2,same))",-10.268130666124039
"and(three(2,same),two(1,unique))",-10.268130666124039
"and(three(2,same),two(2,unique))",-10.268130666124039
"and(three(2,same),two(2,same))",-10.268130666124039
"and(three(1,unique),two(unique,(0,1)))",-10.268130666124039
"and(three(2,same),two(same,(1,2)))",-10.268130666124039
"and(three(1,unique),two(same,(1,2)))",-10.268130666124039
"and(three(1,unique),two(unique,(0,2)))",-10.268130666124039
"and(three(1,unique),two(unique,(1,2)))",-10.268130666124039
"and(three(1,unique),two(same,(0,2)))",-10.268130666124039
"and(three(1,unique),two(same,(0,1)))",-10.268130666124039
"and(three(1,unique),three(3,unique))",-10.268130666124039
"and(three(1,unique),three(3,same))",-10.268130666124039
"and(three(1,unique),three(2,unique))",-10.268130666124039
"and(three(1,unique),three(2,same))",-10.268130666124039
"and(three(1,unique),three(1,unique))",-10.268130666124039
"and(three(2,same),two(1,same))",-10.268130666124039
"and(three(1,unique),three(1,same))",-10.268130666124039
"and(three(1,unique),two(3,unique))",-10.268130666124039
"and(three(1,unique),two(3,same))",-10.268130666124039
"and(three(1,unique),two(2,unique))",-10.268130666124039
"and(three(2,same),two(same,(0,2)))",-10.268130666124039
"and(two(1,unique),two(1,unique))",-10.268130666124039
"and(three(2,same),two(unique,(0,1)))",-10.268130666124039
"and(three(3,same),three(2,unique))",-10.268130666124039
"and(three(3,same),three(3,unique))",-10.268130666124039
"and(three(3,same),two(same,(0,1)))",-10.268130666124039
"and(three(3,same),two(same,(0,2)))",-10.268130666124039
"and(three(3,same),two(same,(1,2)))",-10.268130666124039
"and(three(3,same),two(unique,(0,1)))",-10.268130666124039
"and(three(3,same),two(unique,(0,2)))",-10.268130666124039
"and(three(3,same),two(unique,(1,2)))",-10.268130666124039
"and(three(3,unique),two(1,same))",-10.268130666124039
"and(three(3,unique),two(1,unique))",-10.268130666124039
"and(three(3,unique),two(2,same))",-10.268130666124039
"and(three(3,unique),two(2,unique))",-10.268130666124039
"and(three(3,unique),two(3,same))",-10.268130666124039
"and(three(3,unique),two(3,unique))",-10.268130666124039
"and(three(3,unique),three(1,same))",-10.268130666124039
"and(three(3,unique),three(1,unique))",-10.268130666124039
"and(three(3,unique),three(2,same))",-10.268130666124039
"and(three(3,unique),three(2,unique))",-10.268130666124039
"and(three(3,unique),three(3,same))",-10.268130666124039
"and(three(3,unique),three(3,unique))",-10.268130666124039
"and(three(3,unique),two(same,(0,1)))",-10.268130666124039
"and(three(3,unique),two(same,(0,2)))",-10.268130666124039
"and(three(3,unique),two(same,(1,2)))",-10.268130666124039
"and(three(3,unique),two(unique,(0,1)))",-10.268130666124039
"and(three(3,unique),two(unique,(0,2)))",-10.268130666124039
"and(three(3,unique),two(unique,(1,2)))",-10.268130666124039
"and(three(3,same),three(3,same))",-10.268130666124039
"and(three(3,same),three(2,same))",-10.268130666124039
"and(three(2,same),two(unique,(0,2)))",-10.268130666124039
"and(three(3,same),three(1,unique))",-10.268130666124039
"and(three(2,same),two(unique,(1,2)))",-10.268130666124039
"and(three(2,unique),two(1,same))",-10.268130666124039
"and(three(2,unique),two(1,unique))",-10.268130666124039
"and(three(2,unique),two(2,same))",-10.268130666124039
"and(three(2,unique),two(2,unique))",-10.268130666124039
"and(three(2,unique),two(3,same))",-10.268130666124039
"and(three(2,unique),two(3,unique))",-10.268130666124039
"and(three(2,unique),three(1,same))",-10.268130666124039
"and(three(2,unique),three(1,unique))",-10.268130666124039
"and(three(2,unique),three(2,unique))",-10.268130666124039
"and(three(2,unique),three(3,same))",-10.268130666124039
"and(three(2,unique),three(3,unique))",-10.268130666124039
"and(three(2,unique),two(same,(0,1)))",-10.268130666124039
"and(three(2,unique),two(same,(0,2)))",-10.268130666124039
"and(three(2,unique),two(same,(1,2)))",-10.268130666124039
"and(three(2,unique),two(unique,(0,1)))",-10.268130666124039
"and(three(2,unique),two(unique,(0,2)))",-10.268130666124039
"and(three(2,unique),two(unique,(1,2)))",-10.268130666124039
"and(three(3,same),two(1,same))",-10.268130666124039
"and(three(3,same),two(1,unique))",-10.268130666124039
"and(three(3,same),two(2,same))",-10.268130666124039
"and(three(3,same),two(2,unique))",-10.268130666124039
"and(three(3,same),two(3,same))",-10.268130666124039
"and(three(3,same),two(3,unique))",-10.268130666124039
"and(three(3,same),three(1,same))",-10.268130666124039
"and(three(2,unique),three(2,same))",-10.268130666124039
"and(three(1,same),three(1,unique))",-10.268130666124039
"and(three(1,same),two(unique,(1,2)))",-10.268130666124039
"and(two(2,same),three(1,unique))",-10.268130666124039
"and(two(2,same),three(2,unique))",-10.268130666124039
"and(two(2,same),three(3,same))",-10.268130666124039
"and(two(2,same),three(3,unique))",-10.268130666124039
"and(two(2,same),two(same,(0,1)))",-10.268130666124039
"and(two(2,same),two(same,(0,2)))",-10.268130666124039
"and(two(2,same),two(same,(1,2)))",-10.268130666124039
"and(two(2,same),two(unique,(0,1)))",-10.268130666124039
"and(two(2,same),two(unique,(0,2)))",-10.268130666124039
"and(two(2,same),two(unique,(1,2)))",-10.268130666124039
"and(two(1,same),three(3,unique))",-10.268130666124039
"and(two(2,unique),two(1,same))",-10.268130666124039
"and(two(2,unique),two(1,unique))",-10.268130666124039
"and(two(2,unique),two(2,same))",-10.268130666124039
"and(two(2,unique),two(2,unique))",-10.268130666124039
"and(two(2,unique),two(3,same))",-10.268130666124039
"and(two(2,unique),two(3,unique))",-10.268130666124039
"and(two(2,unique),three(1,same))",-10.268130666124039
"and(two(2,unique),three(1,unique))",-10.268130666124039
"and(two(2,unique),three(2,same))",-10.268130666124039
"and(two(2,unique),three(2,unique))",-10.268130666124039
"and(two(2,unique),three(3,same))",-10.268130666124039
"and(two(2,unique),three(3,unique))",-10.268130666124039
"and(two(2,unique),two(same,(0,1)))",-10.268130666124039
"and(two(2,unique),two(same,(0,2)))",-10.268130666124039
"and(two(2,unique),two(same,(1,2)))",-10.268130666124039
"and(two(2,unique),two(unique,(0,1)))",-10.268130666124039
"and(two(2,unique),two(unique,(0,2)))",-10.268130666124039
"and(two(2,same),three(2,same))",-10.268130666124039
"and(two(2,same),three(1,same))",-10.268130666124039
"and(two(1,same),three(3,same))",-10.268130666124039
"and(two(2,same),two(3,unique))",-10.268130666124039
"and(two(1,unique),two(2,unique))",-10.268130666124039
"and(two(1,unique),two(3,same))",-10.268130666124039
"and(two(1,unique),two(3,unique))",-10.268130666124039
"and(two(1,unique),three(1,same))",-10.268130666124039
"and(two(1,unique),three(1,unique))",-10.268130666124039
"and(two(1,unique),three(2,same))",-10.268130666124039
"and(two(1,unique),three(2,unique))",-10.268130666124039
"and(two(1,unique),three(3,same))",-10.268130666124039
"and(two(1,unique),three(3,unique))",-10.268130666124039
"and(two(1,unique),two(same,(0,1)))",-10.268130666124039
"and(two(1,unique),two(same,(0,2)))",-10.268130666124039
"and(two(1,unique),two(same,(1,2)))",-10.268130666124039
"and(two(1,unique),two(unique,(0,1)))",-10.268130666124039
"and(two(1,unique),two(unique,(0,2)))",-10.268130666124039
"and(two(1,unique),two(unique,(1,2)))",-10.268130666124039
"and(two(1,unique),two(1,same))",-10.268130666124039
"and(two(1,same),two(unique,(1,2)))",-10.268130666124039
"and(two(1,same),two(unique,(0,2)))",-10.268130666124039
"and(two(1,same),two(unique,(0,1)))",-10.268130666124039
"and(two(1,same),two(same,(1,2)))",-10.268130666124039
"and(two(1,same),two(same,(0,2)))",-10.268130666124039
"and(two(1,same),two(same,(0,1)))",-10.268130666124039
"and(two(2,same),two(1,same))",-10.268130666124039
"and(two(2,same),two(1,unique))",-10.268130666124039
"and(two(2,same),two(2,same))",-10.268130666124039
"and(two(2,same),two(2,unique))",-10.268130666124039
"and(two(2,same),two(3,same))",-10.268130666124039
"and(two(2,unique),two(unique,(1,2)))",-10.268130666124039
"and(two(1,same),three(2,unique))",-10.268130666124039
"and(three(1,same),two(unique,(0,2)))",-10.268130666124039
"and(two(3,unique),two(3,same))",-10.268130666124039
"and(two(3,unique),three(1,same))",-10.268130666124039
"and(two(3,unique),three(1,unique))",-10.268130666124039
"and(two(3,unique),three(2,same))",-10.268130666124039
"and(two(3,unique),three(2,unique))",-10.268130666124039
"and(two(3,unique),three(3,unique))",-10.268130666124039
"and(two(3,unique),two(same,(0,1)))",-10.268130666124039
"and(two(3,unique),two(same,(0,2)))",-10.268130666124039
"and(two(3,unique),two(same,(1,2)))",-10.268130666124039
"and(two(3,unique),two(unique,(0,1)))",-10.268130666124039
"and(two(3,unique),two(unique,(0,2)))",-10.268130666124039
"and(two(3,unique),two(unique,(1,2)))",-10.268130666124039
"and(three(1,same),two(1,same))",-10.268130666124039
"and(three(1,same),two(1,unique))",-10.268130666124039
"and(three(1,same),two(2,same))",-10.268130666124039
"and(three(1,same),two(2,unique))",-10.268130666124039
"and(three(1,same),two(3,same))",-10.268130666124039
"and(three(1,same),two(3,unique))",-10.268130666124039
"and(three(1,same),three(1,same))",-10.268130666124039
"and(two(1,unique),two(2,same))",-10.268130666124039
"and(three(1,same),three(2,same))",-10.268130666124039
"and(three(1,same),three(2,unique))",-10.268130666124039
"and(three(1,same),three(3,same))",-10.268130666124039
"and(three(1,same),three(3,unique))",-10.268130666124039
"and(three(1,same),two(same,(0,1)))",-10.268130666124039
"and(three(1,same),two(same,(0,2)))",-10.268130666124039
"and(three(1,same),two(same,(1,2)))",-10.268130666124039
"and(three(1,same),two(unique,(0,1)))",-10.268130666124039
"and(two(3,unique),two(3,unique))",-10.268130666124039
"and(two(3,unique),two(2,unique))",-10.268130666124039
"and(two(1,same),three(2,same))",-10.268130666124039
"and(two(3,unique),two(2,same))",-10.268130666124039
"and(two(1,same),three(1,unique))",-10.268130666124039
"and(two(1,same),three(1,same))",-10.268130666124039
"and(two(1,same),two(3,unique))",-10.268130666124039
"and(two(1,same),two(3,same))",-10.268130666124039
"and(two(1,same),two(2,unique))",-10.268130666124039
"and(two(3,same),two(1,same))",-10.268130666124039
"and(two(3,same),two(1,unique))",-10.268130666124039
"and(two(3,same),two(2,same))",-10.268130666124039
"and(two(3,same),two(2,unique))",-10.268130666124039
"and(two(3,same),two(3,same))",-10.268130666124039
"and(two(3,same),two(3,unique))",-10.268130666124039
"and(two(3,same),three(1,same))",-10.268130666124039
"and(two(3,same),three(1,unique))",-10.268130666124039
"and(two(3,same),three(2,same))",-10.268130666124039
"and(two(3,same),three(2,unique))",-10.268130666124039
"and(two(3,same),three(3,same))",-10.268130666124039
"and(two(3,same),three(3,unique))",-10.268130666124039
"and(two(3,same),two(same,(0,1)))",-10.268130666124039
"and(two(3,same),two(same,(0,2)))",-10.268130666124039
"and(two(3,same),two(same,(1,2)))",-10.268130666124039
"and(two(3,same),two(unique,(0,1)))",-10.268130666124039
"and(two(1,same),two(2,same))",-10.268130666124039
"and(two(3,same),two(unique,(1,2)))",-10.268130666124039
"and(two(1,same),two(1,unique))",-10.268130666124039
"and(two(1,same),two(1,same))",-10.268130666124039
"and(two(3,unique),two(1,same))",-10.268130666124039
"and(two(3,unique),two(1,unique))",-10.268130666124039
"and(two(3,same),two(unique,(0,2)))",-10.268130666124039
"and(two(3,unique),three(3,same))",-10.268130666124039
"and(two(same,(0,1)),three(3,unique))",-10.268130666124039
"and(two(same,(0,1)),two(same,(0,1)))",-10.268130666124039
"and(two(same,(0,1)),two(same,(1,2)))",-10.268130666124039
"and(two(same,(0,1)),two(unique,(0,1)))",-10.268130666124039
"and(two(same,(0,1)),two(1,unique))",-10.268130666124039
"and(two(same,(0,1)),two(1,same))",-10.268130666124039
"and(two(unique,(1,2)),two(same,(0,2)))",-10.268130666124039
"and(two(unique,(1,2)),two(same,(0,1)))",-10.268130666124039
"and(two(unique,(1,2)),three(3,unique))",-10.268130666124039
"and(two(unique,(1,2)),three(3,same))",-10.268130666124039
"and(two(unique,(1,2)),three(2,unique))",-10.268130666124039
"and(two(unique,(1,2)),three(2,same))",-10.268130666124039
"and(two(unique,(1,2)),three(1,unique))",-10.268130666124039
"and(two(unique,(1,2)),three(1,same))",-10.268130666124039
"and(two(unique,(1,2)),two(3,unique))",-10.268130666124039
"and(two(same,(0,1)),two(unique,(0,2)))",-10.268130666124039
"and(two(same,(0,1)),two(unique,(1,2)))",-10.268130666124039
"and(two(unique,(1,2)),two(3,same))",-10.268130666124039
"and(two(unique,(1,2)),two(2,unique))",-10.268130666124039
"and(two(unique,(1,2)),two(unique,(0,2)))",-10.268130666124039
"and(two(unique,(1,2)),two(unique,(1,2)))",-10.268130666124039
"and(two(unique,(1,2)),two(2,same))",-10.268130666124039
"and(two(unique,(1,2)),two(1,unique))",-10.268130666124039
"and(two(unique,(1,2)),two(1,same))",-10.268130666124039
"and(two(unique,(0,2)),two(same,(1,2)))",-10.268130666124039
"and(two(same,(1,2)),two(1,same))",-10.268130666124039
"and(two(unique,(0,1)),two(1,same))",-10.268130666124039
"and(two(same,(0,1)),two(same,(0,2)))",-10.268130666124039
"and(two(same,(0,1)),two(2,same))",-10.268130666124039
"and(two(unique,(0,1)),two(2,same))",-10.268130666124039
"and(two(same,(0,1)),three(3,same))",-10.268130666124039
"and(two(unique,(0,2)),two(same,(0,1)))",-10.268130666124039
"and(two(unique,(0,2)),three(3,unique))",-10.268130666124039
"and(two(unique,(0,2)),three(3,same))",-10.268130666124039
"and(two(unique,(0,2)),three(2,unique))",-10.268130666124039
"and(two(unique,(0,2)),two(unique,(0,1)))",-10.268130666124039
"and(two(unique,(0,2)),two(unique,(0,2)))",-10.268130666124039
"and(two(unique,(0,2)),two(unique,(1,2)))",-10.268130666124039
"and(two(unique,(0,2)),three(2,same))",-10.268130666124039
"and(two(unique,(0,2)),three(1,unique))",-10.268130666124039
"and(two(unique,(0,2)),three(1,same))",-10.268130666124039
"and(two(unique,(0,2)),two(3,unique))",-10.268130666124039
"and(two(unique,(0,2)),two(3,same))",-10.268130666124039
"and(two(unique,(0,2)),two(2,unique))",-10.268130666124039
"and(two(unique,(0,2)),two(2,same))",-10.268130666124039
"and(two(unique,(0,2)),two(1,unique))",-10.268130666124039
"and(two(unique,(1,2)),two(same,(1,2)))",-10.268130666124039
"and(two(unique,(1,2)),two(unique,(0,1)))",-10.268130666124039
"and(two(unique,(0,2)),two(1,same))",-10.268130666124039
"and(two(same,(0,1)),three(2,same))",-10.268130666124039
"and(two(same,(0,1)),three(1,unique))",-10.268130666124039
"and(two(same,(0,1)),three(1,same))",-10.268130666124039
"and(two(same,(0,1)),two(3,unique))",-10.268130666124039
"and(two(same,(0,1)),two(3,same))",-10.268130666124039
"and(two(same,(0,1)),two(2,unique))",-10.268130666124039
"and(two(same,(0,1)),three(2,unique))",-10.268130666124039
"and(two(unique,(0,1)),two(1,unique))",-10.268130666124039
"and(two(unique,(0,2)),two(same,(0,2)))",-10.268130666124039
"and(two(unique,(0,1)),two(2,unique))",-10.268130666124039
"and(two(unique,(0,1)),two(same,(1,2)))",-10.268130666124039
"and(two(same,(0,2)),three(1,unique))",-10.268130666124039
"and(two(same,(0,2)),three(2,same))",-10.268130666124039
"and(two(same,(0,2)),three(2,unique))",-10.268130666124039
"and(two(same,(0,2)),three(3,same))",-10.268130666124039
"and(two(same,(0,2)),three(3,unique))",-10.268130666124039
"and(two(same,(0,2)),two(same,(0,1)))",-10.268130666124039
"and(two(same,(0,2)),two(same,(0,2)))",-10.268130666124039
"and(two(same,(0,2)),two(same,(1,2)))",-10.268130666124039
"and(two(same,(0,2)),two(unique,(0,1)))",-10.268130666124039
"and(two(same,(0,2)),two(unique,(0,2)))",-10.268130666124039
"and(two(same,(0,2)),two(unique,(1,2)))",-10.268130666124039
"and(two(same,(1,2)),two(3,unique))",-10.268130666124039
"and(two(same,(1,2)),two(3,same))",-10.268130666124039
"and(two(same,(1,2)),two(2,unique))",-10.268130666124039
"and(two(unique,(0,1)),two(3,same))",-10.268130666124039
"and(two(same,(1,2)),two(1,unique))",-10.268130666124039
"and(two(unique,(0,1)),two(unique,(0,2)))",-10.268130666124039
"and(two(same,(0,2)),three(1,same))",-10.268130666124039
"and(two(same,(0,2)),two(3,unique))",-10.268130666124039
"and(two(same,(1,2)),three(1,same))",-10.268130666124039
"and(two(same,(0,2)),two(2,same))",-10.268130666124039
"and(two(same,(1,2)),two(unique,(1,2)))",-10.268130666124039
"and(two(same,(1,2)),two(unique,(0,2)))",-10.268130666124039
"and(two(same,(1,2)),two(unique,(0,1)))",-10.268130666124039
"and(two(same,(1,2)),two(same,(1,2)))",-10.268130666124039
"and(two(same,(1,2)),two(same,(0,2)))",-10.268130666124039
"and(two(same,(0,2)),two(1,same))",-10.268130666124039
"and(two(same,(0,2)),two(1,unique))",-10.268130666124039
"and(two(same,(0,2)),two(2,unique))",-10.268130666124039
"and(two(unique,(0,1)),two(unique,(1,2)))",-10.268130666124039
"and(two(same,(0,2)),two(3,same))",-10.268130666124039
"and(two(same,(1,2)),two(same,(0,1)))",-10.268130666124039
"and(two(same,(1,2)),three(3,unique))",-10.268130666124039
"and(two(same,(1,2)),three(3,same))",-10.268130666124039
"and(two(same,(1,2)),three(2,unique))",-10.268130666124039
"and(two(same,(1,2)),three(2,same))",-10.268130666124039
"and(two(same,(1,2)),three(1,unique))",-10.268130666124039
"and(two(unique,(0,1)),two(unique,(0,1)))",-10.268130666124039
"and(two(same,(1,2)),two(2,same))",-10.268130666124039
"and(two(unique,(0,1)),two(same,(0,2)))",-10.268130666124039
"and(two(unique,(0,1)),three(3,unique))",-10.268130666124039
"and(two(unique,(0,1)),three(3,same))",-10.268130666124039
"and(two(unique,(0,1)),three(2,unique))",-10.268130666124039
"and(two(unique,(0,1)),three(2,same))",-10.268130666124039
"and(two(unique,(0,1)),two(3,unique))",-10.268130666124039
"and(two(unique,(0,1)),three(1,same))",-10.268130666124039
"and(two(unique,(0,1)),two(same,(0,1)))",-10.268130666124039
"and(two(unique,(0,1)),three(1,unique))",-10.268130666124039
"and(two(unique,(0,1)),one(medium))",-10.673595774232203
"and(two(stripes),two(2,unique))",-10.673595774232203
"and(two(stripes),two(1,unique))",-10.673595774232203
"and(two(stripes),two(1,same))",-10.673595774232203
"and(two(unique,(0,1)),one(stripes))",-10.673595774232203
"and(two(unique,(0,1)),one(plain))",-10.673595774232203
"and(two(unique,(0,1)),one(high))",-10.673595774232203
"and(three(same),two(circle,(0,1)))",-10.673595774232203
"and(three(same),two(high,(0,2)))",-10.673595774232203
"and(three(same),two(circle,(1,2)))",-10.673595774232203
"and(three(same),two(circle,(0,2)))",-10.673595774232203
"and(two(stripes),two(3,unique))",-10.673595774232203
"and(three(same),two(high,(1,2)))",-10.673595774232203
"and(three(same),two(plain,(0,1)))",-10.673595774232203
"and(three(same),two(plain,(0,2)))",-10.673595774232203
"and(three(same),two(plain,(1,2)))",-10.673595774232203
"and(three(same),two(stripes,(0,1)))",-10.673595774232203
"and(two(stripes),two(3,same))",-10.673595774232203
"and(three(same),two(dots,(0,2)))",-10.673595774232203
"and(two(unique,(0,1)),one(low))",-10.673595774232203
"and(three(same),two(dots,(1,2)))",-10.673595774232203
"and(three(same),two(triangle,(0,2)))",-10.673595774232203
"and(three(same),two(triangle,(1,2)))",-10.673595774232203
"and(three(same),two(stripes,(0,2)))",-10.673595774232203
"and(three(same),two(stripes,(1,2)))",-10.673595774232203
"and(three(same),two(low,(0,1)))",-10.673595774232203
"and(three(same),two(low,(0,2)))",-10.673595774232203
"and(three(same),two(triangle,(0,1)))",-10.673595774232203
"and(three(same),two(low,(1,2)))",-10.673595774232203
"and(three(same),two(medium,(0,1)))",-10.673595774232203
"and(three(same),two(medium,(0,2)))",-10.673595774232203
"and(three(same),two(medium,(1,2)))",-10.673595774232203
"and(three(same),two(high,(0,1)))",-10.673595774232203
"and(two(stripes),three(3,unique))",-10.673595774232203
"and(two(stripes),three(3,same))",-10.673595774232203
"and(two(stripes),three(2,unique))",-10.673595774232203
"and(two(stripes),three(2,same))",-10.673595774232203
"and(two(stripes),three(1,unique))",-10.673595774232203
"and(two(stripes),three(1,same))",-10.673595774232203
"and(three(same),two(dots,(0,1)))",-10.673595774232203
"and(two(stripes),two(2,same))",-10.673595774232203
"and(one(high,(1)),three(same))",-10.673595774232203
"and(three(same),two(square,(1,2)))",-10.673595774232203
"and(two(unique,(0,1)),three(circle))",-10.673595774232203
"and(two(dots),two(1,same))",-10.673595774232203
"and(two(unique,(0,1)),three(dots))",-10.673595774232203
"and(two(unique,(0,1)),three(stripes))",-10.673595774232203
"and(two(unique,(0,1)),three(plain))",-10.673595774232203
"and(two(unique,(0,1)),three(high))",-10.673595774232203
"and(two(unique,(0,1)),three(medium))",-10.673595774232203
"and(two(unique,(0,1)),three(low))",-10.673595774232203
"and(two(unique,(0,1)),three(triangle))",-10.673595774232203
"and(two(unique,(0,1)),three(square))",-10.673595774232203
"and(two(dots),two(2,same))",-10.673595774232203
"and(two(unique,(0,1)),two(dots))",-10.673595774232203
"and(two(unique,(0,1)),two(stripes))",-10.673595774232203
"and(two(unique,(0,1)),two(plain))",-10.673595774232203
"and(two(unique,(0,1)),two(high))",-10.673595774232203
"and(two(unique,(0,1)),two(medium))",-10.673595774232203
"and(two(stripes),two(unique,(1,2)))",-10.673595774232203
"and(two(stripes),two(unique,(0,2)))",-10.673595774232203
"and(two(stripes),two(unique,(0,1)))",-10.673595774232203
"and(two(dots),two(1,unique))",-10.673595774232203
"and(two(dots),two(2,unique))",-10.673595774232203
"and(three(same),two(square,(0,2)))",-10.673595774232203
"and(two(unique,(0,2)),one(triangle))",-10.673595774232203
"and(two(unique),two(dots,(1,2)))",-10.673595774232203
"and(two(unique,(0,2)),two(square))",-10.673595774232203
"and(two(unique,(0,2)),one(dots))",-10.673595774232203
"and(two(unique,(0,2)),one(stripes))",-10.673595774232203
"and(two(unique,(0,2)),one(plain))",-10.673595774232203
"and(two(unique,(0,2)),one(high))",-10.673595774232203
"and(two(unique,(0,2)),one(medium))",-10.673595774232203
"and(two(unique,(0,2)),one(low))",-10.673595774232203
"and(two(unique,(0,2)),one(circle))",-10.673595774232203
"and(two(dots),two(3,same))",-10.673595774232203
"and(two(unique,(0,2)),one(square))",-10.673595774232203
"and(two(dots),three(3,unique))",-10.673595774232203
"and(two(dots),three(3,same))",-10.673595774232203
"and(two(dots),three(2,unique))",-10.673595774232203
"and(two(dots),three(2,same))",-10.673595774232203
"and(two(dots),three(1,unique))",-10.673595774232203
"and(two(dots),three(1,same))",-10.673595774232203
"and(two(dots),two(3,unique))",-10.673595774232203
"and(two(stripes),two(same,(1,2)))",-10.673595774232203
"and(two(stripes),two(same,(0,2)))",-10.673595774232203
"and(two(stripes),two(same,(0,1)))",-10.673595774232203
"and(three(same),one(plain,(0)))",-10.673595774232203
"and(three(same),one(low,(2)))",-10.673595774232203
"and(three(same),one(medium,(0)))",-10.673595774232203
"and(three(same),one(medium,(1)))",-10.673595774232203
"and(three(same),one(medium,(2)))",-10.673595774232203
"and(three(same),one(high,(0)))",-10.673595774232203
"and(three(same),one(high,(1)))",-10.673595774232203
"and(three(same),one(high,(2)))",-10.673595774232203
"and(two(unique,(0,1)),one(circle))",-10.673595774232203
"and(three(same),one(plain,(1)))",-10.673595774232203
"and(two(unique,(0,1)),two(low))",-10.673595774232203
"and(three(same),one(plain,(2)))",-10.673595774232203
"and(three(same),one(stripes,(0)))",-10.673595774232203
"and(three(same),one(stripes,(1)))",-10.673595774232203
"and(three(same),one(stripes,(2)))",-10.673595774232203
"and(three(same),one(dots,(0)))",-10.673595774232203
"and(three(same),one(dots,(1)))",-10.673595774232203
"and(three(same),one(dots,(2)))",-10.673595774232203
"and(three(same),two(square,(0,1)))",-10.673595774232203
"and(three(same),one(low,(1)))",-10.673595774232203
"and(three(same),one(low,(0)))",-10.673595774232203
"and(three(same),one(triangle,(2)))",-10.673595774232203
"and(three(same),one(triangle,(1)))",-10.673595774232203
"and(two(unique,(0,1)),two(triangle))",-10.673595774232203
"and(two(unique,(0,1)),two(circle))",-10.673595774232203
"and(two(unique,(0,1)),two(square))",-10.673595774232203
"and(two(unique,(0,1)),one(dots))",-10.673595774232203
"and(one(triangle),two(same,(0,1)))",-10.673595774232203
"and(one(triangle),two(same,(0,2)))",-10.673595774232203
"and(one(triangle),two(same,(1,2)))",-10.673595774232203
"and(one(triangle),two(unique,(0,1)))",-10.673595774232203
"and(one(triangle),two(unique,(0,2)))",-10.673595774232203
"and(one(triangle),two(unique,(1,2)))",-10.673595774232203
"and(three(same),one(square,(0)))",-10.673595774232203
"and(three(same),one(square,(1)))",-10.673595774232203
"and(three(same),one(square,(2)))",-10.673595774232203
"and(three(same),one(circle,(0)))",-10.673595774232203
"and(three(same),one(circle,(1)))",-10.673595774232203
"and(three(same),one(circle,(2)))",-10.673595774232203
"and(three(same),one(triangle,(0)))",-10.673595774232203
"and(two(unique,(0,1)),one(triangle))",-10.673595774232203
"and(one(low),three(3,same))",-10.673595774232203
"and(two(unique,(0,1)),one(square))",-10.673595774232203
"and(two(1,same),one(plain))",-10.673595774232203
"and(three(unique),two(stripes,(0,1)))",-10.673595774232203
"and(three(unique),two(stripes,(0,2)))",-10.673595774232203
"and(three(unique),two(stripes,(1,2)))",-10.673595774232203
"and(three(unique),two(dots,(0,1)))",-10.673595774232203
"and(three(unique),two(dots,(0,2)))",-10.673595774232203
"and(three(unique),two(dots,(1,2)))",-10.673595774232203
"and(two(same,(1,2)),one(stripes))",-10.673595774232203
"and(two(same,(1,2)),one(plain))",-10.673595774232203
"and(two(same,(1,2)),one(high))",-10.673595774232203
"and(two(same,(1,2)),one(medium))",-10.673595774232203
"and(two(same,(1,2)),one(low))",-10.673595774232203
"and(two(same,(1,2)),one(triangle))",-10.673595774232203
"and(two(1,same),one(square))",-10.673595774232203
"and(two(1,same),one(circle))",-10.673595774232203
"and(two(1,same),one(triangle))",-10.673595774232203
"and(two(1,same),one(low))",-10.673595774232203
"and(two(1,same),one(medium))",-10.673595774232203
"and(two(high),two(same,(0,1)))",-10.673595774232203
"and(two(high),two(same,(0,2)))",-10.673595774232203
"and(two(high),two(same,(1,2)))",-10.673595774232203
"and(three(unique),two(medium,(1,2)))",-10.673595774232203
"and(three(unique),two(triangle,(0,2)))",-10.673595774232203
"and(three(unique),two(triangle,(1,2)))",-10.673595774232203
"and(three(unique),two(low,(0,1)))",-10.673595774232203
"and(three(unique),two(low,(0,2)))",-10.673595774232203
"and(three(unique),two(low,(1,2)))",-10.673595774232203
"and(three(unique),two(medium,(0,1)))",-10.673595774232203
"and(three(unique),two(medium,(0,2)))",-10.673595774232203
"and(three(unique),two(high,(0,1)))",-10.673595774232203
"and(two(high),two(unique,(0,1)))",-10.673595774232203
"and(three(unique),two(high,(0,2)))",-10.673595774232203
"and(three(unique),two(high,(1,2)))",-10.673595774232203
"and(three(unique),two(plain,(0,1)))",-10.673595774232203
"and(three(unique),two(plain,(0,2)))",-10.673595774232203
"and(three(unique),two(plain,(1,2)))",-10.673595774232203
"and(two(high),two(unique,(1,2)))",-10.673595774232203
"and(two(high),two(unique,(0,2)))",-10.673595774232203
"and(two(1,same),one(high))",-10.673595774232203
"and(two(1,same),one(stripes))",-10.673595774232203
"and(three(unique),two(circle,(1,2)))",-10.673595774232203
"and(two(1,same),one(dots))",-10.673595774232203
"and(two(high),three(3,unique))",-10.673595774232203
"and(two(high),three(3,same))",-10.673595774232203
"and(two(high),three(2,unique))",-10.673595774232203
"and(two(high),three(2,same))",-10.673595774232203
"and(two(high),three(1,unique))",-10.673595774232203
"and(two(high),three(1,same))",-10.673595774232203
"and(two(high),two(3,unique))",-10.673595774232203
"and(two(high),two(3,same))",-10.673595774232203
"and(two(high),two(2,unique))",-10.673595774232203
"and(two(high),two(2,same))",-10.673595774232203
"and(two(high),two(1,unique))",-10.673595774232203
"and(two(high),two(1,same))",-10.673595774232203
"and(two(same,(0,2)),three(dots))",-10.673595774232203
"and(two(same,(0,2)),three(stripes))",-10.673595774232203
"and(one(low),two(same,(0,1)))",-10.673595774232203
"and(one(low),two(same,(0,2)))",-10.673595774232203
"and(one(low),two(same,(1,2)))",-10.673595774232203
"and(two(same,(1,2)),one(square))",-10.673595774232203
"and(two(same,(1,2)),one(circle))",-10.673595774232203
"and(two(1,same),three(dots))",-10.673595774232203
"and(two(1,same),two(stripes))",-10.673595774232203
"and(two(1,same),two(square))",-10.673595774232203
"and(two(1,same),two(circle))",-10.673595774232203
"and(two(1,same),two(triangle))",-10.673595774232203
"and(two(1,same),two(low))",-10.673595774232203
"and(two(1,same),two(medium))",-10.673595774232203
"and(two(1,same),two(high))",-10.673595774232203
"and(two(1,same),two(plain))",-10.673595774232203
"and(two(1,same),two(dots))",-10.673595774232203
"and(two(1,same),three(stripes))",-10.673595774232203
"and(two(1,same),three(square))",-10.673595774232203
"and(two(1,same),three(circle))",-10.673595774232203
"and(two(1,same),three(triangle))",-10.673595774232203
"and(one(high,(1)),two(unique))",-10.673595774232203
"and(two(1,same),three(medium))",-10.673595774232203
"and(two(1,same),three(high))",-10.673595774232203
"and(two(1,same),three(plain))",-10.673595774232203
"and(three(unique),two(triangle,(0,1)))",-10.673595774232203
"and(three(unique),two(circle,(0,2)))",-10.673595774232203
"and(two(plain),two(unique,(1,2)))",-10.673595774232203
"and(three(unique),one(triangle,(0)))",-10.673595774232203
"and(two(same,(1,2)),three(high))",-10.673595774232203
"and(two(same,(1,2)),three(medium))",-10.673595774232203
"and(two(same,(1,2)),three(low))",-10.673595774232203
"and(two(same,(1,2)),three(triangle))",-10.673595774232203
"and(two(same,(1,2)),three(circle))",-10.673595774232203
"and(two(same,(1,2)),three(square))",-10.673595774232203
"and(two(same,(1,2)),two(dots))",-10.673595774232203
"and(two(same,(1,2)),two(stripes))",-10.673595774232203
"and(two(same,(1,2)),two(plain))",-10.673595774232203
"and(two(same,(1,2)),two(high))",-10.673595774232203
"and(two(same,(1,2)),two(medium))",-10.673595774232203
"and(two(same,(1,2)),two(low))",-10.673595774232203
"and(three(unique),one(square,(0)))",-10.673595774232203
"and(three(unique),one(square,(1)))",-10.673595774232203
"and(three(unique),one(square,(2)))",-10.673595774232203
"and(three(unique),one(circle,(0)))",-10.673595774232203
"and(three(unique),one(circle,(1)))",-10.673595774232203
"and(two(same,(1,2)),three(plain))",-10.673595774232203
"and(two(same,(1,2)),three(stripes))",-10.673595774232203
"and(two(same,(1,2)),three(dots))",-10.673595774232203
"and(one(low),two(2,same))",-10.673595774232203
"and(two(plain),two(unique,(0,2)))",-10.673595774232203
"and(two(plain),two(unique,(0,1)))",-10.673595774232203
"and(two(plain),two(same,(1,2)))",-10.673595774232203
"and(two(plain),two(same,(0,2)))",-10.673595774232203
"and(two(plain),two(same,(0,1)))",-10.673595774232203
"and(one(low),two(1,same))",-10.673595774232203
"and(one(low),two(1,unique))",-10.673595774232203
"and(one(low),two(2,unique))",-10.673595774232203
"and(one(low),three(3,unique))",-10.673595774232203
"and(one(low),two(3,same))",-10.673595774232203
"and(one(low),two(3,unique))",-10.673595774232203
"and(one(low),three(1,same))",-10.673595774232203
"and(one(low),three(1,unique))",-10.673595774232203
"and(one(low),three(2,same))",-10.673595774232203
"and(one(low),three(2,unique))",-10.673595774232203
"and(two(unique),two(dots,(0,1)))",-10.673595774232203
"and(three(unique),one(circle,(2)))",-10.673595774232203
"and(three(unique),one(triangle,(1)))",-10.673595774232203
"and(three(unique),two(circle,(0,1)))",-10.673595774232203
"and(three(unique),one(triangle,(2)))",-10.673595774232203
"and(two(plain),two(2,unique))",-10.673595774232203
"and(two(plain),two(2,same))",-10.673595774232203
"and(two(plain),two(1,unique))",-10.673595774232203
"and(two(plain),two(1,same))",-10.673595774232203
"and(two(same,(1,2)),two(triangle))",-10.673595774232203
"and(two(same,(1,2)),two(circle))",-10.673595774232203
"and(two(same,(1,2)),two(square))",-10.673595774232203
"and(two(same,(1,2)),one(dots))",-10.673595774232203
"and(three(unique),one(stripes,(0)))",-10.673595774232203
"and(three(unique),one(stripes,(1)))",-10.673595774232203
"and(three(unique),one(stripes,(2)))",-10.673595774232203
"and(three(unique),one(dots,(0)))",-10.673595774232203
"and(three(unique),one(dots,(1)))",-10.673595774232203
"and(three(unique),one(dots,(2)))",-10.673595774232203
"and(three(unique),two(square,(0,1)))",-10.673595774232203
"and(three(unique),two(square,(0,2)))",-10.673595774232203
"and(three(unique),two(square,(1,2)))",-10.673595774232203
"and(two(plain),two(3,same))",-10.673595774232203
"and(two(plain),two(3,unique))",-10.673595774232203
"and(two(plain),three(1,same))",-10.673595774232203
"and(three(unique),one(high,(1)))",-10.673595774232203
"and(three(unique),one(low,(0)))",-10.673595774232203
"and(three(unique),one(low,(1)))",-10.673595774232203
"and(three(unique),one(low,(2)))",-10.673595774232203
"and(three(unique),one(medium,(0)))",-10.673595774232203
"and(three(unique),one(medium,(1)))",-10.673595774232203
"and(three(unique),one(medium,(2)))",-10.673595774232203
"and(three(unique),one(high,(0)))",-10.673595774232203
"and(three(unique),one(high,(2)))",-10.673595774232203
"and(two(plain),three(1,unique))",-10.673595774232203
"and(three(unique),one(plain,(0)))",-10.673595774232203
"and(three(unique),one(plain,(1)))",-10.673595774232203
"and(three(unique),one(plain,(2)))",-10.673595774232203
"and(two(plain),three(3,unique))",-10.673595774232203
"and(two(plain),three(3,same))",-10.673595774232203
"and(two(plain),three(2,unique))",-10.673595774232203
"and(two(plain),three(2,same))",-10.673595774232203
"and(two(unique),two(dots,(0,2)))",-10.673595774232203
"and(two(unique),two(circle,(1,2)))",-10.673595774232203
"and(two(unique),two(stripes,(1,2)))",-10.673595774232203
"and(three(triangle),three(3,unique))",-10.673595774232203
"and(three(triangle),three(2,unique))",-10.673595774232203
"and(three(triangle),three(2,same))",-10.673595774232203
"and(three(triangle),three(1,unique))",-10.673595774232203
"and(three(triangle),three(1,same))",-10.673595774232203
"and(three(triangle),two(3,unique))",-10.673595774232203
"and(three(triangle),two(3,same))",-10.673595774232203
"and(three(triangle),two(2,unique))",-10.673595774232203
"and(three(triangle),two(2,same))",-10.673595774232203
"and(three(triangle),two(1,unique))",-10.673595774232203
"and(three(triangle),two(1,same))",-10.673595774232203
"and(one(circle),two(1,same))",-10.673595774232203
"and(one(circle),two(1,unique))",-10.673595774232203
"and(one(circle),two(2,same))",-10.673595774232203
"and(one(circle),two(2,unique))",-10.673595774232203
"and(one(circle),two(3,same))",-10.673595774232203
"and(one(circle),two(3,unique))",-10.673595774232203
"and(three(dots),two(1,same))",-10.673595774232203
"and(three(dots),two(1,unique))",-10.673595774232203
"and(three(dots),two(2,same))",-10.673595774232203
"and(three(triangle),three(3,same))",-10.673595774232203
"and(three(stripes),two(unique,(1,2)))",-10.673595774232203
"and(three(dots),two(3,same))",-10.673595774232203
"and(three(stripes),two(unique,(0,2)))",-10.673595774232203
"and(three(triangle),two(same,(0,1)))",-10.673595774232203
"and(one(square),two(unique,(0,2)))",-10.673595774232203
"and(one(square),two(unique,(1,2)))",-10.673595774232203
"and(three(stripes),two(1,same))",-10.673595774232203
"and(three(stripes),two(1,unique))",-10.673595774232203
"and(three(stripes),two(2,same))",-10.673595774232203
"and(three(stripes),two(2,unique))",-10.673595774232203
"and(three(stripes),two(3,same))",-10.673595774232203
"and(three(stripes),two(3,unique))",-10.673595774232203
"and(three(stripes),three(1,same))",-10.673595774232203
"and(three(stripes),three(1,unique))",-10.673595774232203
"and(three(stripes),three(2,same))",-10.673595774232203
"and(three(stripes),three(2,unique))",-10.673595774232203
"and(three(stripes),three(3,same))",-10.673595774232203
"and(three(stripes),three(3,unique))",-10.673595774232203
"and(three(stripes),two(same,(0,1)))",-10.673595774232203
"and(three(stripes),two(same,(0,2)))",-10.673595774232203
"and(three(stripes),two(same,(1,2)))",-10.673595774232203
"and(three(stripes),two(unique,(0,1)))",-10.673595774232203
"and(three(dots),two(2,unique))",-10.673595774232203
"and(three(dots),two(3,unique))",-10.673595774232203
"and(two(unique),two(stripes,(0,2)))",-10.673595774232203
"and(one(circle),three(3,same))",-10.673595774232203
"and(two(unique,(1,2)),three(dots))",-10.673595774232203
"and(two(unique,(1,2)),three(stripes))",-10.673595774232203
"and(two(unique,(1,2)),three(plain))",-10.673595774232203
"and(two(unique,(1,2)),three(high))",-10.673595774232203
"and(two(unique,(1,2)),three(medium))",-10.673595774232203
"and(two(unique,(1,2)),three(low))",-10.673595774232203
"and(two(unique,(1,2)),three(triangle))",-10.673595774232203
"and(two(unique,(1,2)),three(circle))",-10.673595774232203
"and(two(unique,(1,2)),three(square))",-10.673595774232203
"and(two(unique,(1,2)),two(dots))",-10.673595774232203
"and(two(unique,(1,2)),two(stripes))",-10.673595774232203
"and(two(unique,(1,2)),two(plain))",-10.673595774232203
"and(two(unique,(1,2)),two(high))",-10.673595774232203
"and(two(unique,(1,2)),two(medium))",-10.673595774232203
"and(two(unique,(1,2)),two(low))",-10.673595774232203
"and(two(unique,(1,2)),two(triangle))",-10.673595774232203
"and(two(unique,(1,2)),two(circle))",-10.673595774232203
"and(two(unique,(1,2)),two(square))",-10.673595774232203
"and(two(unique,(1,2)),one(dots))",-10.673595774232203
"and(one(circle),three(3,unique))",-10.673595774232203
"and(one(circle),three(2,unique))",-10.673595774232203
"and(three(dots),three(1,same))",-10.673595774232203
"and(one(circle),three(2,same))",-10.673595774232203
"and(three(dots),three(1,unique))",-10.673595774232203
"and(three(dots),three(2,same))",-10.673595774232203
"and(three(dots),three(2,unique))",-10.673595774232203
"and(three(dots),three(3,same))",-10.673595774232203
"and(three(dots),three(3,unique))",-10.673595774232203
"and(three(dots),two(same,(0,1)))",-10.673595774232203
"and(three(circle),two(unique,(1,2)))",-10.673595774232203
"and(three(circle),two(unique,(0,2)))",-10.673595774232203
"and(three(circle),two(unique,(0,1)))",-10.673595774232203
"and(three(circle),two(same,(1,2)))",-10.673595774232203
"and(three(circle),two(same,(0,2)))",-10.673595774232203
"and(three(circle),two(same,(0,1)))",-10.673595774232203
"and(three(dots),two(same,(0,2)))",-10.673595774232203
"and(three(dots),two(same,(1,2)))",-10.673595774232203
"and(three(dots),two(unique,(0,1)))",-10.673595774232203
"and(three(dots),two(unique,(0,2)))",-10.673595774232203
"and(three(dots),two(unique,(1,2)))",-10.673595774232203
"and(one(circle),three(1,same))",-10.673595774232203
"and(one(circle),three(1,unique))",-10.673595774232203
"and(three(triangle),two(same,(0,2)))",-10.673595774232203
"and(three(triangle),two(same,(1,2)))",-10.673595774232203
"and(three(triangle),two(unique,(0,1)))",-10.673595774232203
"and(one(square),two(3,unique))",-10.673595774232203
"and(three(low),two(unique,(0,2)))",-10.673595774232203
"and(three(low),two(unique,(0,1)))",-10.673595774232203
"and(three(low),two(same,(1,2)))",-10.673595774232203
"and(three(low),two(same,(0,2)))",-10.673595774232203
"and(three(low),two(same,(0,1)))",-10.673595774232203
"and(one(square),three(1,same))",-10.673595774232203
"and(one(square),three(1,unique))",-10.673595774232203
"and(three(high),two(1,same))",-10.673595774232203
"and(three(high),two(1,unique))",-10.673595774232203
"and(three(high),two(2,same))",-10.673595774232203
"and(three(high),two(2,unique))",-10.673595774232203
"and(three(high),two(3,same))",-10.673595774232203
"and(three(high),two(3,unique))",-10.673595774232203
"and(three(high),three(1,same))",-10.673595774232203
"and(three(high),three(1,unique))",-10.673595774232203
"and(three(high),three(2,same))",-10.673595774232203
"and(three(high),three(2,unique))",-10.673595774232203
"and(three(high),three(3,same))",-10.673595774232203
"and(three(high),three(3,unique))",-10.673595774232203
"and(three(low),two(unique,(1,2)))",-10.673595774232203
"and(one(square),two(3,same))",-10.673595774232203
"and(three(triangle),two(unique,(0,2)))",-10.673595774232203
"and(one(square),two(2,unique))",-10.673595774232203
"and(three(medium),two(same,(1,2)))",-10.673595774232203
"and(three(medium),two(unique,(0,1)))",-10.673595774232203
"and(three(medium),two(unique,(0,2)))",-10.673595774232203
"and(three(medium),two(unique,(1,2)))",-10.673595774232203
"and(three(medium),three(3,unique))",-10.673595774232203
"and(three(medium),three(3,same))",-10.673595774232203
"and(three(medium),three(2,unique))",-10.673595774232203
"and(three(medium),three(2,same))",-10.673595774232203
"and(three(medium),three(1,unique))",-10.673595774232203
"and(three(medium),three(1,same))",-10.673595774232203
"and(three(medium),two(3,unique))",-10.673595774232203
"and(three(medium),two(3,same))",-10.673595774232203
"and(three(medium),two(2,unique))",-10.673595774232203
"and(three(medium),two(2,same))",-10.673595774232203
"and(three(medium),two(1,unique))",-10.673595774232203
"and(three(medium),two(1,same))",-10.673595774232203
"and(one(square),two(1,same))",-10.673595774232203
"and(one(square),two(1,unique))",-10.673595774232203
"and(one(square),two(2,same))",-10.673595774232203
"and(three(high),two(same,(0,1)))",-10.673595774232203
"and(three(high),two(same,(0,2)))",-10.673595774232203
"and(three(high),two(same,(1,2)))",-10.673595774232203
"and(three(high),two(unique,(0,1)))",-10.673595774232203
"and(one(square),two(same,(0,2)))",-10.673595774232203
"and(one(square),two(same,(1,2)))",-10.673595774232203
"and(one(square),two(unique,(0,1)))",-10.673595774232203
"and(three(plain),two(2,unique))",-10.673595774232203
"and(three(plain),two(3,same))",-10.673595774232203
"and(three(plain),two(3,unique))",-10.673595774232203
"and(three(plain),three(1,same))",-10.673595774232203
"and(three(plain),three(1,unique))",-10.673595774232203
"and(three(plain),three(2,same))",-10.673595774232203
"and(three(plain),three(2,unique))",-10.673595774232203
"and(three(plain),three(3,same))",-10.673595774232203
"and(three(plain),three(3,unique))",-10.673595774232203
"and(three(plain),two(same,(0,1)))",-10.673595774232203
"and(three(plain),two(same,(0,2)))",-10.673595774232203
"and(three(plain),two(same,(1,2)))",-10.673595774232203
"and(three(plain),two(unique,(0,1)))",-10.673595774232203
"and(three(plain),two(unique,(0,2)))",-10.673595774232203
"and(three(plain),two(unique,(1,2)))",-10.673595774232203
"and(three(triangle),two(unique,(1,2)))",-10.673595774232203
"and(one(square),two(same,(0,1)))",-10.673595774232203
"and(three(low),two(1,same))",-10.673595774232203
"and(three(low),two(1,unique))",-10.673595774232203
"and(three(plain),two(2,same))",-10.673595774232203
"and(three(high),two(unique,(0,2)))",-10.673595774232203
"and(three(high),two(unique,(1,2)))",-10.673595774232203
"and(one(square),three(2,same))",-10.673595774232203
"and(one(square),three(2,unique))",-10.673595774232203
"and(one(square),three(3,same))",-10.673595774232203
"and(one(square),three(3,unique))",-10.673595774232203
"and(three(plain),two(1,same))",-10.673595774232203
"and(three(plain),two(1,unique))",-10.673595774232203
"and(three(low),three(3,unique))",-10.673595774232203
"and(three(low),two(2,same))",-10.673595774232203
"and(three(low),three(3,same))",-10.673595774232203
"and(three(low),three(2,unique))",-10.673595774232203
"and(three(low),three(2,same))",-10.673595774232203
"and(three(low),three(1,unique))",-10.673595774232203
"and(three(low),three(1,same))",-10.673595774232203
"and(three(low),two(3,unique))",-10.673595774232203
"and(three(low),two(3,same))",-10.673595774232203
"and(three(low),two(2,unique))",-10.673595774232203
"and(two(unique,(1,2)),one(stripes))",-10.673595774232203
"and(two(unique,(1,2)),one(plain))",-10.673595774232203
"and(two(unique,(1,2)),one(high))",-10.673595774232203
"and(one(triangle),two(3,same))",-10.673595774232203
"and(one(triangle),three(1,same))",-10.673595774232203
"and(one(triangle),three(1,unique))",-10.673595774232203
"and(one(triangle),three(2,same))",-10.673595774232203
"and(one(triangle),three(2,unique))",-10.673595774232203
"and(one(triangle),three(3,same))",-10.673595774232203
"and(one(triangle),three(3,unique))",-10.673595774232203
"and(two(unique,(0,2)),two(low))",-10.673595774232203
"and(two(unique,(0,2)),two(triangle))",-10.673595774232203
"and(two(unique,(0,2)),two(circle))",-10.673595774232203
"and(two(unique),one(square,(0)))",-10.673595774232203
"and(two(unique),one(square,(1)))",-10.673595774232203
"and(two(unique),one(square,(2)))",-10.673595774232203
"and(two(unique),one(circle,(0)))",-10.673595774232203
"and(two(unique),one(circle,(1)))",-10.673595774232203
"and(two(unique),one(circle,(2)))",-10.673595774232203
"and(two(unique),one(triangle,(0)))",-10.673595774232203
"and(two(unique),one(triangle,(1)))",-10.673595774232203
"and(two(unique),one(triangle,(2)))",-10.673595774232203
"and(two(unique),one(low,(0)))",-10.673595774232203
"and(one(triangle),two(3,unique))",-10.673595774232203
"and(one(triangle),two(2,unique))",-10.673595774232203
"and(two(unique,(0,2)),three(circle))",-10.673595774232203
"and(one(triangle),two(2,same))",-10.673595774232203
"and(three(square),three(3,unique))",-10.673595774232203
"and(three(square),three(3,same))",-10.673595774232203
"and(three(square),three(2,unique))",-10.673595774232203
"and(three(square),three(2,same))",-10.673595774232203
"and(three(square),three(1,unique))",-10.673595774232203
"and(three(square),three(1,same))",-10.673595774232203
"and(three(square),two(3,unique))",-10.673595774232203
"and(three(square),two(3,same))",-10.673595774232203
"and(three(square),two(2,unique))",-10.673595774232203
"and(three(square),two(2,same))",-10.673595774232203
"and(three(square),two(1,unique))",-10.673595774232203
"and(three(square),two(1,same))",-10.673595774232203
"and(two(unique,(0,2)),two(dots))",-10.673595774232203
"and(two(unique,(0,2)),two(stripes))",-10.673595774232203
"and(two(unique,(0,2)),two(plain))",-10.673595774232203
"and(two(unique,(0,2)),two(high))",-10.673595774232203
"and(two(unique,(0,2)),two(medium))",-10.673595774232203
"and(one(triangle),two(1,same))",-10.673595774232203
"and(one(triangle),two(1,unique))",-10.673595774232203
"and(two(unique),one(low,(1)))",-10.673595774232203
"and(two(dots),two(unique,(1,2)))",-10.673595774232203
"and(two(dots),two(unique,(0,2)))",-10.673595774232203
"and(two(dots),two(unique,(0,1)))",-10.673595774232203
"and(two(unique),two(circle,(0,1)))",-10.673595774232203
"and(two(unique),two(circle,(0,2)))",-10.673595774232203
"and(two(1,unique),one(square))",-10.673595774232203
"and(two(unique),two(triangle,(0,1)))",-10.673595774232203
"and(two(unique),two(triangle,(0,2)))",-10.673595774232203
"and(two(unique),two(triangle,(1,2)))",-10.673595774232203
"and(two(unique),two(low,(0,1)))",-10.673595774232203
"and(two(unique),two(low,(0,2)))",-10.673595774232203
"and(two(unique),two(low,(1,2)))",-10.673595774232203
"and(two(unique),two(medium,(0,1)))",-10.673595774232203
"and(two(unique),two(medium,(0,2)))",-10.673595774232203
"and(two(unique),two(medium,(1,2)))",-10.673595774232203
"and(two(unique),two(high,(0,1)))",-10.673595774232203
"and(two(unique),two(high,(0,2)))",-10.673595774232203
"and(two(unique),two(high,(1,2)))",-10.673595774232203
"and(two(unique),two(plain,(0,1)))",-10.673595774232203
"and(two(unique),two(plain,(0,2)))",-10.673595774232203
"and(two(unique),two(plain,(1,2)))",-10.673595774232203
"and(two(unique),two(stripes,(0,1)))",-10.673595774232203
"and(two(unique),two(square,(1,2)))",-10.673595774232203
"and(two(unique),two(square,(0,2)))",-10.673595774232203
"and(two(unique),two(square,(0,1)))",-10.673595774232203
"and(two(unique),one(high,(1)))",-10.673595774232203
"and(two(dots),two(same,(1,2)))",-10.673595774232203
"and(two(dots),two(same,(0,2)))",-10.673595774232203
"and(two(dots),two(same,(0,1)))",-10.673595774232203
"and(two(unique),one(low,(2)))",-10.673595774232203
"and(two(unique),one(medium,(0)))",-10.673595774232203
"and(two(unique),one(medium,(1)))",-10.673595774232203
"and(two(unique),one(medium,(2)))",-10.673595774232203
"and(two(unique),one(high,(0)))",-10.673595774232203
"and(two(unique),one(high,(2)))",-10.673595774232203
"and(two(unique),one(dots,(2)))",-10.673595774232203
"and(two(unique),one(plain,(0)))",-10.673595774232203
"and(two(unique),one(plain,(1)))",-10.673595774232203
"and(two(unique),one(plain,(2)))",-10.673595774232203
"and(two(unique),one(stripes,(0)))",-10.673595774232203
"and(two(unique),one(stripes,(1)))",-10.673595774232203
"and(two(unique),one(stripes,(2)))",-10.673595774232203
"and(two(unique),one(dots,(0)))",-10.673595774232203
"and(two(unique),one(dots,(1)))",-10.673595774232203
"and(two(unique,(0,2)),three(square))",-10.673595774232203
"and(two(unique,(0,2)),three(triangle))",-10.673595774232203
"and(two(unique,(1,2)),one(medium))",-10.673595774232203
"and(two(unique,(1,2)),one(square))",-10.673595774232203
"and(two(same),one(triangle,(1)))",-10.673595774232203
"and(two(same),one(triangle,(2)))",-10.673595774232203
"and(two(same),one(low,(0)))",-10.673595774232203
"and(two(same),one(low,(1)))",-10.673595774232203
"and(two(same),one(low,(2)))",-10.673595774232203
"and(two(same),one(medium,(0)))",-10.673595774232203
"and(two(same),one(medium,(1)))",-10.673595774232203
"and(two(same),one(medium,(2)))",-10.673595774232203
"and(two(same),one(high,(0)))",-10.673595774232203
"and(two(same),one(high,(1)))",-10.673595774232203
"and(two(same),one(high,(2)))",-10.673595774232203
"and(two(same),one(plain,(0)))",-10.673595774232203
"and(two(same),one(plain,(1)))",-10.673595774232203
"and(two(same),one(plain,(2)))",-10.673595774232203
"and(two(same),one(stripes,(0)))",-10.673595774232203
"and(two(same),one(stripes,(1)))",-10.673595774232203
"and(two(same),one(stripes,(2)))",-10.673595774232203
"and(two(same),one(dots,(0)))",-10.673595774232203
"and(two(same),one(dots,(1)))",-10.673595774232203
"and(two(same),one(triangle,(0)))",-10.673595774232203
"and(two(unique,(1,2)),one(circle))",-10.673595774232203
"and(two(unique,(0,2)),three(low))",-10.673595774232203
"and(two(unique,(1,2)),one(triangle))",-10.673595774232203
"and(two(same),one(square,(0)))",-10.673595774232203
"and(two(same),one(square,(1)))",-10.673595774232203
"and(two(same),one(square,(2)))",-10.673595774232203
"and(two(same),one(circle,(0)))",-10.673595774232203
"and(two(same),one(circle,(1)))",-10.673595774232203
"and(two(same),one(circle,(2)))",-10.673595774232203
"and(three(circle),three(3,unique))",-10.673595774232203
"and(three(circle),three(3,same))",-10.673595774232203
"and(three(circle),three(2,unique))",-10.673595774232203
"and(three(circle),three(2,same))",-10.673595774232203
"and(three(circle),three(1,unique))",-10.673595774232203
"and(three(circle),three(1,same))",-10.673595774232203
"and(three(circle),two(3,unique))",-10.673595774232203
"and(three(circle),two(3,same))",-10.673595774232203
"and(three(circle),two(2,unique))",-10.673595774232203
"and(three(circle),two(2,same))",-10.673595774232203
"and(three(circle),two(1,unique))",-10.673595774232203
"and(three(circle),two(1,same))",-10.673595774232203
"and(two(unique,(1,2)),one(low))",-10.673595774232203
"and(two(same),one(dots,(2)))",-10.673595774232203
"and(two(same),two(square,(0,1)))",-10.673595774232203
"and(two(same),two(square,(0,2)))",-10.673595774232203
"and(two(same),two(square,(1,2)))",-10.673595774232203
"and(two(same),two(plain,(0,2)))",-10.673595774232203
"and(two(same),two(plain,(1,2)))",-10.673595774232203
"and(two(same),two(stripes,(0,1)))",-10.673595774232203
"and(two(same),two(stripes,(0,2)))",-10.673595774232203
"and(two(same),two(stripes,(1,2)))",-10.673595774232203
"and(two(same),two(dots,(0,1)))",-10.673595774232203
"and(two(same),two(dots,(0,2)))",-10.673595774232203
"and(two(same),two(dots,(1,2)))",-10.673595774232203
"and(one(circle),two(same,(0,1)))",-10.673595774232203
"and(one(circle),two(same,(0,2)))",-10.673595774232203
"and(one(circle),two(same,(1,2)))",-10.673595774232203
"and(one(circle),two(unique,(0,1)))",-10.673595774232203
"and(one(circle),two(unique,(0,2)))",-10.673595774232203
"and(one(circle),two(unique,(1,2)))",-10.673595774232203
"and(two(unique,(0,2)),three(dots))",-10.673595774232203
"and(two(unique,(0,2)),three(stripes))",-10.673595774232203
"and(two(unique,(0,2)),three(plain))",-10.673595774232203
"and(two(unique,(0,2)),three(high))",-10.673595774232203
"and(two(unique,(0,2)),three(medium))",-10.673595774232203
"and(two(same),two(plain,(0,1)))",-10.673595774232203
"and(two(same),two(high,(1,2)))",-10.673595774232203
"and(two(same),two(high,(0,2)))",-10.673595774232203
"and(three(square),two(same,(0,1)))",-10.673595774232203
"and(two(same),two(circle,(0,1)))",-10.673595774232203
"and(two(same),two(circle,(0,2)))",-10.673595774232203
"and(two(same),two(circle,(1,2)))",-10.673595774232203
"and(three(square),two(unique,(1,2)))",-10.673595774232203
"and(three(square),two(unique,(0,2)))",-10.673595774232203
"and(three(square),two(unique,(0,1)))",-10.673595774232203
"and(three(square),two(same,(1,2)))",-10.673595774232203
"and(three(square),two(same,(0,2)))",-10.673595774232203
"and(two(same),two(triangle,(0,1)))",-10.673595774232203
"and(two(same),two(high,(0,1)))",-10.673595774232203
"and(two(same),two(triangle,(0,2)))",-10.673595774232203
"and(two(same),two(triangle,(1,2)))",-10.673595774232203
"and(two(same),two(low,(0,1)))",-10.673595774232203
"and(two(same),two(low,(0,2)))",-10.673595774232203
"and(two(same),two(low,(1,2)))",-10.673595774232203
"and(two(same),two(medium,(0,1)))",-10.673595774232203
"and(two(same),two(medium,(0,2)))",-10.673595774232203
"and(two(same),two(medium,(1,2)))",-10.673595774232203
"and(one(low),two(unique,(0,1)))",-10.673595774232203
"and(two(1,same),three(low))",-10.673595774232203
"and(two(1,unique),one(circle))",-10.673595774232203
"and(three(2,unique),two(dots))",-10.673595774232203
"and(three(2,unique),one(dots))",-10.673595774232203
"and(three(2,unique),two(square))",-10.673595774232203
"and(three(2,unique),two(circle))",-10.673595774232203
"and(three(2,unique),two(triangle))",-10.673595774232203
"and(three(2,unique),two(low))",-10.673595774232203
"and(three(2,unique),two(medium))",-10.673595774232203
"and(three(2,unique),two(high))",-10.673595774232203
"and(three(2,unique),two(plain))",-10.673595774232203
"and(three(2,unique),two(stripes))",-10.673595774232203
"and(three(2,unique),three(square))",-10.673595774232203
"and(two(circle,(0,2)),three(same))",-10.673595774232203
"and(three(2,unique),three(circle))",-10.673595774232203
"and(three(2,unique),three(triangle))",-10.673595774232203
"and(three(2,unique),three(low))",-10.673595774232203
"and(three(2,unique),three(medium))",-10.673595774232203
"and(three(2,unique),three(high))",-10.673595774232203
"and(three(2,unique),three(plain))",-10.673595774232203
"and(three(2,unique),three(stripes))",-10.673595774232203
"and(three(2,unique),three(dots))",-10.673595774232203
"and(one(high),two(unique,(1,2)))",-10.673595774232203
"and(three(2,unique),one(stripes))",-10.673595774232203
"and(three(2,unique),one(plain))",-10.673595774232203
"and(one(high),two(unique,(0,2)))",-10.673595774232203
"and(one(high),two(unique,(0,1)))",-10.673595774232203
"and(three(2,unique),one(circle))",-10.673595774232203
"and(three(2,unique),one(triangle))",-10.673595774232203
"and(three(2,unique),one(low))",-10.673595774232203
"and(three(2,unique),one(medium))",-10.673595774232203
"and(three(2,unique),one(high))",-10.673595774232203
"and(two(square),three(3,unique))",-10.673595774232203
"and(two(square),three(3,same))",-10.673595774232203
"and(two(square),three(2,unique))",-10.673595774232203
"and(two(square),three(2,same))",-10.673595774232203
"and(two(square),three(1,unique))",-10.673595774232203
"and(two(square),three(1,same))",-10.673595774232203
"and(two(square),two(3,unique))",-10.673595774232203
"and(two(square),two(3,same))",-10.673595774232203
"and(two(square),two(2,unique))",-10.673595774232203
"and(two(square),two(2,same))",-10.673595774232203
"and(two(square),two(1,unique))",-10.673595774232203
"and(two(square),two(1,same))",-10.673595774232203
"and(one(high),two(same,(0,2)))",-10.673595774232203
"and(one(high),two(same,(1,2)))",-10.673595774232203
"and(two(circle,(0,2)),three(unique))",-10.673595774232203
"and(two(circle,(0,2)),two(unique))",-10.673595774232203
"and(three(3,same),three(low))",-10.673595774232203
"and(three(3,same),two(square))",-10.673595774232203
"and(three(3,same),one(square))",-10.673595774232203
"and(three(3,same),one(circle))",-10.673595774232203
"and(three(3,same),one(triangle))",-10.673595774232203
"and(three(3,same),one(low))",-10.673595774232203
"and(three(3,same),one(medium))",-10.673595774232203
"and(three(3,same),one(high))",-10.673595774232203
"and(three(3,same),one(plain))",-10.673595774232203
"and(three(3,same),one(stripes))",-10.673595774232203
"and(three(3,same),one(dots))",-10.673595774232203
"and(three(3,same),two(circle))",-10.673595774232203
"and(two(circle,(0,2)),two(same))",-10.673595774232203
"and(three(3,same),two(triangle))",-10.673595774232203
"and(three(3,same),two(low))",-10.673595774232203
"and(three(3,same),two(medium))",-10.673595774232203
"and(three(3,same),two(high))",-10.673595774232203
"and(three(3,same),two(plain))",-10.673595774232203
"and(three(3,same),two(stripes))",-10.673595774232203
"and(three(3,same),two(dots))",-10.673595774232203
"and(three(3,same),three(square))",-10.673595774232203
"and(three(3,same),three(circle))",-10.673595774232203
"and(one(dots,(2)),three(unique))",-10.673595774232203
"and(two(square,(0,1)),two(same))",-10.673595774232203
"and(two(square,(0,1)),two(unique))",-10.673595774232203
"and(two(square,(0,1)),three(same))",-10.673595774232203
"and(two(circle,(0,1)),three(unique))",-10.673595774232203
"and(one(dots),two(unique,(1,2)))",-10.673595774232203
"and(one(dots),two(unique,(0,2)))",-10.673595774232203
"and(one(dots),two(unique,(0,1)))",-10.673595774232203
"and(one(dots),two(same,(1,2)))",-10.673595774232203
"and(one(dots),two(same,(0,2)))",-10.673595774232203
"and(one(dots),two(same,(0,1)))",-10.673595774232203
"and(two(circle,(0,1)),three(same))",-10.673595774232203
"and(two(circle,(0,1)),two(unique))",-10.673595774232203
"and(two(circle,(0,1)),two(same))",-10.673595774232203
"and(two(square,(1,2)),three(unique))",-10.673595774232203
"and(two(square,(1,2)),three(same))",-10.673595774232203
"and(two(square,(1,2)),two(unique))",-10.673595774232203
"and(two(square,(1,2)),two(same))",-10.673595774232203
"and(two(square,(0,2)),three(unique))",-10.673595774232203
"and(two(square,(0,2)),three(same))",-10.673595774232203
"and(two(square,(0,2)),two(unique))",-10.673595774232203
"and(two(square,(0,2)),two(same))",-10.673595774232203
"and(two(square,(0,1)),three(unique))",-10.673595774232203
"and(three(2,unique),one(square))",-10.673595774232203
"and(one(high),two(same,(0,1)))",-10.673595774232203
"and(two(circle,(1,2)),two(same))",-10.673595774232203
"and(two(low,(1,2)),two(unique))",-10.673595774232203
"and(two(medium,(0,2)),three(same))",-10.673595774232203
"and(two(medium,(0,2)),two(unique))",-10.673595774232203
"and(two(medium,(0,2)),two(same))",-10.673595774232203
"and(two(medium,(0,1)),three(unique))",-10.673595774232203
"and(two(medium,(0,1)),three(same))",-10.673595774232203
"and(two(medium,(0,1)),two(unique))",-10.673595774232203
"and(two(medium,(0,1)),two(same))",-10.673595774232203
"and(two(low,(1,2)),three(unique))",-10.673595774232203
"and(two(low,(1,2)),three(same))",-10.673595774232203
"and(two(low,(1,2)),two(same))",-10.673595774232203
"and(two(circle,(1,2)),two(unique))",-10.673595774232203
"and(two(low,(0,2)),three(unique))",-10.673595774232203
"and(two(low,(0,2)),three(same))",-10.673595774232203
"and(two(low,(0,2)),two(unique))",-10.673595774232203
"and(three(2,same),one(square))",-10.673595774232203
"and(two(square),two(unique,(1,2)))",-10.673595774232203
"and(two(square),two(unique,(0,2)))",-10.673595774232203
"and(two(square),two(unique,(0,1)))",-10.673595774232203
"and(two(square),two(same,(1,2)))",-10.673595774232203
"and(two(square),two(same,(0,2)))",-10.673595774232203
"and(two(medium,(0,2)),three(unique))",-10.673595774232203
"and(two(medium,(1,2)),two(same))",-10.673595774232203
"and(two(medium,(1,2)),two(unique))",-10.673595774232203
"and(two(medium,(1,2)),three(same))",-10.673595774232203
"and(two(circle),three(1,same))",-10.673595774232203
"and(two(circle),two(3,unique))",-10.673595774232203
"and(two(circle),two(3,same))",-10.673595774232203
"and(two(circle),two(2,unique))",-10.673595774232203
"and(two(circle),two(2,same))",-10.673595774232203
"and(two(circle),two(1,unique))",-10.673595774232203
"and(two(circle),two(1,same))",-10.673595774232203
"and(two(high,(0,2)),three(same))",-10.673595774232203
"and(two(high,(0,2)),two(unique))",-10.673595774232203
"and(two(high,(0,2)),two(same))",-10.673595774232203
"and(two(high,(0,1)),three(unique))",-10.673595774232203
"and(three(1,unique),three(high))",-10.673595774232203
"and(three(1,unique),three(plain))",-10.673595774232203
"and(three(1,unique),three(stripes))",-10.673595774232203
"and(three(1,unique),three(dots))",-10.673595774232203
"and(two(high,(0,1)),three(same))",-10.673595774232203
"and(two(high,(0,1)),two(unique))",-10.673595774232203
"and(two(high,(0,1)),two(same))",-10.673595774232203
"and(two(medium,(1,2)),three(unique))",-10.673595774232203
"and(two(square),two(same,(0,1)))",-10.673595774232203
"and(three(2,same),one(circle))",-10.673595774232203
"and(three(2,same),one(triangle))",-10.673595774232203
"and(three(2,same),three(stripes))",-10.673595774232203
"and(two(low,(0,2)),two(same))",-10.673595774232203
"and(two(low,(0,1)),three(unique))",-10.673595774232203
"and(two(low,(0,1)),three(same))",-10.673595774232203
"and(two(low,(0,1)),two(unique))",-10.673595774232203
"and(two(low,(0,1)),two(same))",-10.673595774232203
"and(two(triangle,(1,2)),three(unique))",-10.673595774232203
"and(two(triangle,(1,2)),three(same))",-10.673595774232203
"and(two(triangle,(1,2)),two(unique))",-10.673595774232203
"and(two(triangle,(1,2)),two(same))",-10.673595774232203
"and(two(triangle,(0,2)),three(unique))",-10.673595774232203
"and(two(triangle,(0,2)),three(same))",-10.673595774232203
"and(two(triangle,(0,2)),two(unique))",-10.673595774232203
"and(two(triangle,(0,2)),two(same))",-10.673595774232203
"and(two(triangle,(0,1)),three(unique))",-10.673595774232203
"and(two(triangle,(0,1)),three(same))",-10.673595774232203
"and(two(triangle,(0,1)),two(unique))",-10.673595774232203
"and(two(triangle,(0,1)),two(same))",-10.673595774232203
"and(two(circle,(1,2)),three(unique))",-10.673595774232203
"and(two(circle,(1,2)),three(same))",-10.673595774232203
"and(three(2,same),three(dots))",-10.673595774232203
"and(three(2,same),three(plain))",-10.673595774232203
"and(three(2,same),one(low))",-10.673595774232203
"and(three(2,same),three(high))",-10.673595774232203
"and(three(2,same),one(medium))",-10.673595774232203
"and(three(2,same),one(high))",-10.673595774232203
"and(three(2,same),one(plain))",-10.673595774232203
"and(three(2,same),one(stripes))",-10.673595774232203
"and(three(2,same),one(dots))",-10.673595774232203
"and(two(1,unique),one(triangle))",-10.673595774232203
"and(three(2,same),two(circle))",-10.673595774232203
"and(three(2,same),two(triangle))",-10.673595774232203
"and(three(2,same),two(low))",-10.673595774232203
"and(three(2,same),two(medium))",-10.673595774232203
"and(three(2,same),two(high))",-10.673595774232203
"and(three(2,same),two(plain))",-10.673595774232203
"and(three(2,same),two(stripes))",-10.673595774232203
"and(three(2,same),two(dots))",-10.673595774232203
"and(three(2,same),three(square))",-10.673595774232203
"and(three(2,same),three(circle))",-10.673595774232203
"and(three(2,same),three(triangle))",-10.673595774232203
"and(three(2,same),three(low))",-10.673595774232203
"and(three(2,same),three(medium))",-10.673595774232203
"and(three(3,same),three(triangle))",-10.673595774232203
"and(three(3,same),three(medium))",-10.673595774232203
"and(two(circle),three(2,same))",-10.673595774232203
"and(one(stripes),two(2,unique))",-10.673595774232203
"and(one(circle,(2)),two(same))",-10.673595774232203
"and(one(stripes),three(3,unique))",-10.673595774232203
"and(one(stripes),three(3,same))",-10.673595774232203
"and(one(stripes),three(2,unique))",-10.673595774232203
"and(one(stripes),three(2,same))",-10.673595774232203
"and(one(stripes),three(1,unique))",-10.673595774232203
"and(one(stripes),three(1,same))",-10.673595774232203
"and(one(stripes),two(3,unique))",-10.673595774232203
"and(one(stripes),two(3,same))",-10.673595774232203
"and(one(stripes),two(2,same))",-10.673595774232203
"and(one(triangle,(0)),two(unique))",-10.673595774232203
"and(one(stripes),two(1,unique))",-10.673595774232203
"and(one(stripes),two(1,same))",-10.673595774232203
"and(one(high,(2)),three(same))",-10.673595774232203
"and(one(high,(2)),two(unique))",-10.673595774232203
"and(one(high,(2)),two(same))",-10.673595774232203
"and(one(high,(1)),three(unique))",-10.673595774232203
"and(one(circle,(2)),two(unique))",-10.673595774232203
"and(one(circle,(2)),three(same))",-10.673595774232203
"and(one(circle,(2)),three(unique))",-10.673595774232203
"and(one(circle,(1)),three(unique))",-10.673595774232203
"and(one(circle,(1)),three(same))",-10.673595774232203
"and(one(circle,(1)),two(unique))",-10.673595774232203
"and(one(circle,(1)),two(same))",-10.673595774232203
"and(one(plain,(0)),two(unique))",-10.673595774232203
"and(one(plain,(0)),two(same))",-10.673595774232203
"and(one(high,(2)),three(unique))",-10.673595774232203
"and(one(square,(0)),two(same))",-10.673595774232203
"and(one(square,(0)),two(unique))",-10.673595774232203
"and(one(square,(0)),three(same))",-10.673595774232203
"and(one(square,(0)),three(unique))",-10.673595774232203
"and(one(square,(1)),two(same))",-10.673595774232203
"and(one(square,(1)),two(unique))",-10.673595774232203
"and(one(square,(1)),three(same))",-10.673595774232203
"and(one(square,(1)),three(unique))",-10.673595774232203
"and(one(square,(2)),two(same))",-10.673595774232203
"and(one(square,(2)),two(unique))",-10.673595774232203
"and(one(square,(2)),three(same))",-10.673595774232203
"and(one(square,(2)),three(unique))",-10.673595774232203
"and(one(circle,(0)),two(same))",-10.673595774232203
"and(one(circle,(0)),two(unique))",-10.673595774232203
"and(one(circle,(0)),three(same))",-10.673595774232203
"and(one(circle,(0)),three(unique))",-10.673595774232203
"and(one(triangle,(0)),two(same))",-10.673595774232203
"and(one(triangle,(0)),three(same))",-10.673595774232203
"and(three(3,same),three(high))",-10.673595774232203
"and(one(medium,(1)),three(same))",-10.673595774232203
"and(one(plain),two(same,(0,2)))",-10.673595774232203
"and(one(plain),two(same,(0,1)))",-10.673595774232203
"and(one(low,(2)),three(unique))",-10.673595774232203
"and(one(medium,(0)),two(same))",-10.673595774232203
"and(one(medium,(0)),two(unique))",-10.673595774232203
"and(one(medium,(0)),three(same))",-10.673595774232203
"and(one(medium,(0)),three(unique))",-10.673595774232203
"and(one(medium,(1)),two(same))",-10.673595774232203
"and(one(medium,(1)),two(unique))",-10.673595774232203
"and(one(medium,(1)),three(unique))",-10.673595774232203
"and(one(triangle,(0)),three(unique))",-10.673595774232203
"and(one(medium,(2)),two(same))",-10.673595774232203
"and(one(medium,(2)),two(unique))",-10.673595774232203
"and(one(medium,(2)),three(same))",-10.673595774232203
"and(one(medium,(2)),three(unique))",-10.673595774232203
"and(one(high,(0)),two(same))",-10.673595774232203
"and(one(high,(0)),two(unique))",-10.673595774232203
"and(one(high,(0)),three(same))",-10.673595774232203
"and(one(high,(0)),three(unique))",-10.673595774232203
"and(one(high,(1)),two(same))",-10.673595774232203
"and(one(plain),two(same,(1,2)))",-10.673595774232203
"and(one(plain),two(unique,(0,1)))",-10.673595774232203
"and(one(plain),two(unique,(0,2)))",-10.673595774232203
"and(one(plain),two(unique,(1,2)))",-10.673595774232203
"and(one(triangle,(1)),two(same))",-10.673595774232203
"and(one(triangle,(1)),two(unique))",-10.673595774232203
"and(one(triangle,(1)),three(same))",-10.673595774232203
"and(one(triangle,(1)),three(unique))",-10.673595774232203
"and(one(triangle,(2)),two(same))",-10.673595774232203
"and(one(triangle,(2)),two(unique))",-10.673595774232203
"and(one(triangle,(2)),three(same))",-10.673595774232203
"and(one(triangle,(2)),three(unique))",-10.673595774232203
"and(one(low,(0)),two(same))",-10.673595774232203
"and(one(low,(0)),two(unique))",-10.673595774232203
"and(one(low,(0)),three(same))",-10.673595774232203
"and(one(low,(0)),three(unique))",-10.673595774232203
"and(one(low,(1)),two(same))",-10.673595774232203
"and(one(low,(1)),two(unique))",-10.673595774232203
"and(one(low,(1)),three(same))",-10.673595774232203
"and(one(low,(1)),three(unique))",-10.673595774232203
"and(one(low,(2)),two(same))",-10.673595774232203
"and(one(low,(2)),two(unique))",-10.673595774232203
"and(one(low,(2)),three(same))",-10.673595774232203
"and(one(plain,(0)),three(same))",-10.673595774232203
"and(one(plain,(0)),three(unique))",-10.673595774232203
"and(one(plain,(1)),two(same))",-10.673595774232203
"and(one(plain),three(3,unique))",-10.673595774232203
"and(one(dots),two(2,same))",-10.673595774232203
"and(one(dots),two(1,unique))",-10.673595774232203
"and(one(dots),two(1,same))",-10.673595774232203
"and(one(plain),two(3,unique))",-10.673595774232203
"and(one(plain),three(1,same))",-10.673595774232203
"and(one(plain),three(1,unique))",-10.673595774232203
"and(one(plain),three(2,same))",-10.673595774232203
"and(one(plain),three(2,unique))",-10.673595774232203
"and(one(plain),three(3,same))",-10.673595774232203
"and(one(dots,(1)),two(same))",-10.673595774232203
"and(one(plain,(1)),two(unique))",-10.673595774232203
"and(one(dots,(0)),three(unique))",-10.673595774232203
"and(one(dots,(0)),three(same))",-10.673595774232203
"and(one(dots,(0)),two(unique))",-10.673595774232203
"and(one(dots,(0)),two(same))",-10.673595774232203
"and(one(stripes,(2)),three(unique))",-10.673595774232203
"and(one(stripes,(2)),three(same))",-10.673595774232203
"and(one(stripes,(2)),two(unique))",-10.673595774232203
"and(three(3,unique),one(square))",-10.673595774232203
"and(three(3,unique),one(circle))",-10.673595774232203
"and(one(dots),two(2,unique))",-10.673595774232203
"and(one(dots),two(3,same))",-10.673595774232203
"and(one(dots),two(3,unique))",-10.673595774232203
"and(one(dots),three(1,same))",-10.673595774232203
"and(three(3,same),three(plain))",-10.673595774232203
"and(three(3,same),three(stripes))",-10.673595774232203
"and(three(3,same),three(dots))",-10.673595774232203
"and(one(dots,(2)),three(same))",-10.673595774232203
"and(one(dots,(2)),two(unique))",-10.673595774232203
"and(one(dots,(2)),two(same))",-10.673595774232203
"and(one(dots,(1)),three(unique))",-10.673595774232203
"and(one(dots,(1)),three(same))",-10.673595774232203
"and(one(dots,(1)),two(unique))",-10.673595774232203
"and(one(plain),two(1,same))",-10.673595774232203
"and(one(plain),two(1,unique))",-10.673595774232203
"and(one(plain),two(2,same))",-10.673595774232203
"and(one(plain),two(2,unique))",-10.673595774232203
"and(one(plain),two(3,same))",-10.673595774232203
"and(one(dots),three(3,unique))",-10.673595774232203
"and(one(dots),three(3,same))",-10.673595774232203
"and(one(dots),three(2,unique))",-10.673595774232203
"and(one(dots),three(2,same))",-10.673595774232203
"and(one(dots),three(1,unique))",-10.673595774232203
"and(three(3,unique),one(triangle))",-10.673595774232203
"and(three(3,unique),one(low))",-10.673595774232203
"and(three(3,unique),one(medium))",-10.673595774232203
"and(three(3,unique),three(low))",-10.673595774232203
"and(three(3,unique),three(high))",-10.673595774232203
"and(three(3,unique),three(plain))",-10.673595774232203
"and(three(3,unique),three(stripes))",-10.673595774232203
"and(three(3,unique),three(dots))",-10.673595774232203
"and(one(stripes,(2)),two(same))",-10.673595774232203
"and(one(stripes,(1)),three(unique))",-10.673595774232203
"and(one(stripes,(1)),three(same))",-10.673595774232203
"and(one(stripes,(1)),two(unique))",-10.673595774232203
"and(one(stripes,(1)),two(same))",-10.673595774232203
"and(one(stripes,(0)),three(unique))",-10.673595774232203
"and(one(stripes,(0)),three(same))",-10.673595774232203
"and(one(stripes,(0)),two(unique))",-10.673595774232203
"and(one(stripes,(0)),two(same))",-10.673595774232203
"and(one(plain,(2)),three(unique))",-10.673595774232203
"and(one(plain,(2)),three(same))",-10.673595774232203
"and(one(plain,(2)),two(unique))",-10.673595774232203
"and(one(plain,(2)),two(same))",-10.673595774232203
"and(one(plain,(1)),three(unique))",-10.673595774232203
"and(one(plain,(1)),three(same))",-10.673595774232203
"and(three(3,unique),three(medium))",-10.673595774232203
"and(three(3,unique),three(triangle))",-10.673595774232203
"and(three(3,unique),one(high))",-10.673595774232203
"and(three(3,unique),three(circle))",-10.673595774232203
"and(three(3,unique),one(plain))",-10.673595774232203
"and(three(3,unique),one(stripes))",-10.673595774232203
"and(three(3,unique),one(dots))",-10.673595774232203
"and(three(3,unique),two(square))",-10.673595774232203
"and(three(3,unique),two(circle))",-10.673595774232203
"and(three(3,unique),two(triangle))",-10.673595774232203
"and(three(3,unique),two(low))",-10.673595774232203
"and(three(3,unique),two(medium))",-10.673595774232203
"and(three(3,unique),two(high))",-10.673595774232203
"and(three(3,unique),two(plain))",-10.673595774232203
"and(one(stripes),two(unique,(1,2)))",-10.673595774232203
"and(one(stripes),two(unique,(0,2)))",-10.673595774232203
"and(one(stripes),two(unique,(0,1)))",-10.673595774232203
"and(one(stripes),two(same,(1,2)))",-10.673595774232203
"and(one(stripes),two(same,(0,2)))",-10.673595774232203
"and(one(stripes),two(same,(0,1)))",-10.673595774232203
"and(three(3,unique),two(stripes))",-10.673595774232203
"and(three(3,unique),two(dots))",-10.673595774232203
"and(three(3,unique),three(square))",-10.673595774232203
"and(two(circle),three(1,unique))",-10.673595774232203
"and(three(2,same),two(square))",-10.673595774232203
"and(two(circle),three(2,unique))",-10.673595774232203
"and(two(2,unique),two(triangle))",-10.673595774232203
"and(two(low),two(same,(0,1)))",-10.673595774232203
"and(two(2,unique),one(low))",-10.673595774232203
"and(two(2,unique),one(medium))",-10.673595774232203
"and(two(2,unique),one(high))",-10.673595774232203
"and(two(2,unique),one(plain))",-10.673595774232203
"and(two(2,unique),one(stripes))",-10.673595774232203
"and(two(2,unique),one(dots))",-10.673595774232203
"and(two(2,unique),two(square))",-10.673595774232203
"and(two(2,unique),two(circle))",-10.673595774232203
"and(two(2,unique),two(low))",-10.673595774232203
"and(two(2,unique),three(high))",-10.673595774232203
"and(two(2,unique),two(medium))",-10.673595774232203
"and(two(2,unique),two(high))",-10.673595774232203
"and(two(2,unique),two(plain))",-10.673595774232203
"and(two(circle),three(3,same))",-10.673595774232203
"and(two(2,unique),two(dots))",-10.673595774232203
"and(two(2,unique),three(square))",-10.673595774232203
"and(two(2,unique),three(circle))",-10.673595774232203
"and(two(2,unique),three(triangle))",-10.673595774232203
"and(two(2,unique),three(low))",-10.673595774232203
"and(two(low),two(same,(0,2)))",-10.673595774232203
"and(two(low),two(same,(1,2)))",-10.673595774232203
"and(two(low),two(unique,(0,1)))",-10.673595774232203
"and(two(low),two(unique,(0,2)))",-10.673595774232203
"and(two(2,same),three(stripes))",-10.673595774232203
"and(two(2,same),three(dots))",-10.673595774232203
"and(two(same,(0,2)),one(square))",-10.673595774232203
"and(one(medium),two(1,same))",-10.673595774232203
"and(one(medium),two(1,unique))",-10.673595774232203
"and(one(medium),two(2,same))",-10.673595774232203
"and(one(medium),two(2,unique))",-10.673595774232203
"and(one(medium),two(3,same))",-10.673595774232203
"and(one(medium),two(3,unique))",-10.673595774232203
"and(one(medium),three(1,same))",-10.673595774232203
"and(one(medium),three(1,unique))",-10.673595774232203
"and(one(medium),three(2,same))",-10.673595774232203
"and(one(medium),three(2,unique))",-10.673595774232203
"and(one(medium),three(3,same))",-10.673595774232203
"and(one(medium),three(3,unique))",-10.673595774232203
"and(two(2,unique),one(square))",-10.673595774232203
"and(two(2,unique),one(circle))",-10.673595774232203
"and(two(2,unique),one(triangle))",-10.673595774232203
"and(two(low),two(unique,(1,2)))",-10.673595774232203
"and(two(2,unique),three(medium))",-10.673595774232203
"and(two(2,unique),three(plain))",-10.673595774232203
"and(two(3,same),two(high))",-10.673595774232203
"and(two(low),two(1,unique))",-10.673595774232203
"and(two(low),three(3,same))",-10.673595774232203
"and(two(low),three(2,unique))",-10.673595774232203
"and(two(low),three(2,same))",-10.673595774232203
"and(two(low),three(1,unique))",-10.673595774232203
"and(two(low),three(1,same))",-10.673595774232203
"and(two(low),two(3,unique))",-10.673595774232203
"and(two(low),two(3,same))",-10.673595774232203
"and(two(low),two(2,unique))",-10.673595774232203
"and(two(low),two(2,same))",-10.673595774232203
"and(two(low),two(1,same))",-10.673595774232203
"and(two(2,unique),three(stripes))",-10.673595774232203
"and(two(same,(0,1)),two(medium))",-10.673595774232203
"and(two(same,(0,1)),two(low))",-10.673595774232203
"and(two(same,(0,1)),two(triangle))",-10.673595774232203
"and(two(same,(0,1)),two(circle))",-10.673595774232203
"and(two(3,same),one(dots))",-10.673595774232203
"and(two(3,same),two(square))",-10.673595774232203
"and(two(3,same),two(circle))",-10.673595774232203
"and(two(3,same),two(triangle))",-10.673595774232203
"and(two(3,same),two(low))",-10.673595774232203
"and(two(low),three(3,unique))",-10.673595774232203
"and(two(3,same),one(stripes))",-10.673595774232203
"and(two(3,same),one(plain))",-10.673595774232203
"and(two(3,same),one(high))",-10.673595774232203
"and(two(2,unique),three(dots))",-10.673595774232203
"and(two(same,(0,1)),three(dots))",-10.673595774232203
"and(two(same,(0,1)),three(stripes))",-10.673595774232203
"and(two(same,(0,1)),three(plain))",-10.673595774232203
"and(two(same,(0,1)),three(high))",-10.673595774232203
"and(two(same,(0,1)),three(medium))",-10.673595774232203
"and(two(same,(0,1)),three(low))",-10.673595774232203
"and(two(same,(0,1)),three(triangle))",-10.673595774232203
"and(two(same,(0,1)),three(circle))",-10.673595774232203
"and(two(same,(0,1)),three(square))",-10.673595774232203
"and(two(same,(0,1)),two(dots))",-10.673595774232203
"and(two(same,(0,1)),two(stripes))",-10.673595774232203
"and(two(same,(0,1)),two(plain))",-10.673595774232203
"and(two(same,(0,1)),two(high))",-10.673595774232203
"and(two(3,same),one(square))",-10.673595774232203
"and(two(3,same),one(circle))",-10.673595774232203
"and(two(3,same),one(triangle))",-10.673595774232203
"and(two(3,same),one(low))",-10.673595774232203
"and(two(3,same),one(medium))",-10.673595774232203
"and(two(same,(0,2)),one(circle))",-10.673595774232203
"and(two(same,(0,2)),one(triangle))",-10.673595774232203
"and(two(same,(0,2)),one(low))",-10.673595774232203
"and(two(same,(0,2)),three(plain))",-10.673595774232203
"and(two(1,unique),three(triangle))",-10.673595774232203
"and(two(1,unique),three(low))",-10.673595774232203
"and(two(1,unique),three(medium))",-10.673595774232203
"and(two(1,unique),three(high))",-10.673595774232203
"and(two(1,unique),three(plain))",-10.673595774232203
"and(two(1,unique),three(stripes))",-10.673595774232203
"and(two(1,unique),three(dots))",-10.673595774232203
"and(one(low),two(unique,(0,2)))",-10.673595774232203
"and(one(low),two(unique,(1,2)))",-10.673595774232203
"and(two(same,(0,2)),three(high))",-10.673595774232203
"and(two(same,(0,2)),one(medium))",-10.673595774232203
"and(two(same,(0,2)),three(medium))",-10.673595774232203
"and(two(same,(0,2)),three(low))",-10.673595774232203
"and(two(same,(0,2)),three(triangle))",-10.673595774232203
"and(two(same,(0,2)),three(circle))",-10.673595774232203
"and(two(same,(0,2)),three(square))",-10.673595774232203
"and(two(same,(0,2)),two(dots))",-10.673595774232203
"and(two(same,(0,2)),two(stripes))",-10.673595774232203
"and(two(same,(0,2)),two(plain))",-10.673595774232203
"and(two(same,(0,2)),two(high))",-10.673595774232203
"and(two(medium),two(same,(0,1)))",-10.673595774232203
"and(two(medium),two(same,(0,2)))",-10.673595774232203
"and(two(medium),two(same,(1,2)))",-10.673595774232203
"and(two(medium),two(unique,(0,1)))",-10.673595774232203
"and(two(1,unique),one(low))",-10.673595774232203
"and(two(1,unique),one(medium))",-10.673595774232203
"and(two(1,unique),one(high))",-10.673595774232203
"and(two(1,unique),one(plain))",-10.673595774232203
"and(two(1,unique),one(stripes))",-10.673595774232203
"and(two(1,unique),one(dots))",-10.673595774232203
"and(two(1,unique),two(square))",-10.673595774232203
"and(two(1,unique),two(circle))",-10.673595774232203
"and(two(1,unique),two(triangle))",-10.673595774232203
"and(two(1,unique),two(low))",-10.673595774232203
"and(two(1,unique),two(medium))",-10.673595774232203
"and(two(1,unique),two(high))",-10.673595774232203
"and(two(1,unique),two(plain))",-10.673595774232203
"and(two(1,unique),two(stripes))",-10.673595774232203
"and(two(1,unique),two(dots))",-10.673595774232203
"and(two(1,unique),three(square))",-10.673595774232203
"and(two(1,unique),three(circle))",-10.673595774232203
"and(two(medium),two(unique,(1,2)))",-10.673595774232203
"and(two(medium),two(unique,(0,2)))",-10.673595774232203
"and(two(same,(0,2)),two(medium))",-10.673595774232203
"and(two(same,(0,2)),two(low))",-10.673595774232203
"and(two(same,(0,2)),two(triangle))",-10.673595774232203
"and(two(2,same),two(stripes))",-10.673595774232203
"and(two(2,same),three(square))",-10.673595774232203
"and(two(2,same),three(circle))",-10.673595774232203
"and(two(2,same),three(triangle))",-10.673595774232203
"and(two(2,same),three(low))",-10.673595774232203
"and(two(2,same),three(medium))",-10.673595774232203
"and(two(2,same),three(high))",-10.673595774232203
"and(two(2,same),three(plain))",-10.673595774232203
"and(two(medium),three(3,unique))",-10.673595774232203
"and(two(medium),three(3,same))",-10.673595774232203
"and(two(medium),three(2,unique))",-10.673595774232203
"and(two(medium),three(2,same))",-10.673595774232203
"and(two(medium),three(1,unique))",-10.673595774232203
"and(two(medium),three(1,same))",-10.673595774232203
"and(two(medium),two(3,unique))",-10.673595774232203
"and(two(medium),two(3,same))",-10.673595774232203
"and(two(medium),two(2,unique))",-10.673595774232203
"and(two(medium),two(2,same))",-10.673595774232203
"and(two(medium),two(1,unique))",-10.673595774232203
"and(two(medium),two(1,same))",-10.673595774232203
"and(two(2,same),two(dots))",-10.673595774232203
"and(two(2,same),two(plain))",-10.673595774232203
"and(two(same,(0,2)),two(circle))",-10.673595774232203
"and(two(2,same),two(high))",-10.673595774232203
"and(two(same,(0,2)),two(square))",-10.673595774232203
"and(two(same,(0,2)),one(dots))",-10.673595774232203
"and(two(same,(0,2)),one(stripes))",-10.673595774232203
"and(two(same,(0,2)),one(plain))",-10.673595774232203
"and(two(same,(0,2)),one(high))",-10.673595774232203
"and(two(2,same),one(square))",-10.673595774232203
"and(two(2,same),one(circle))",-10.673595774232203
"and(two(2,same),one(triangle))",-10.673595774232203
"and(two(2,same),one(low))",-10.673595774232203
"and(two(2,same),one(medium))",-10.673595774232203
"and(two(2,same),one(high))",-10.673595774232203
"and(two(2,same),one(plain))",-10.673595774232203
"and(two(2,same),one(stripes))",-10.673595774232203
"and(two(2,same),one(dots))",-10.673595774232203
"and(two(2,same),two(square))",-10.673595774232203
"and(two(2,same),two(circle))",-10.673595774232203
"and(two(2,same),two(triangle))",-10.673595774232203
"and(two(2,same),two(low))",-10.673595774232203
"and(two(2,same),two(medium))",-10.673595774232203
"and(two(3,same),two(medium))",-10.673595774232203
"and(two(2,unique),two(stripes))",-10.673595774232203
"and(two(3,same),two(plain))",-10.673595774232203
"and(three(1,same),one(circle))",-10.673595774232203
"and(three(1,same),one(low))",-10.673595774232203
"and(three(1,same),one(medium))",-10.673595774232203
"and(three(1,same),one(high))",-10.673595774232203
"and(three(1,same),one(plain))",-10.673595774232203
"and(three(1,same),one(stripes))",-10.673595774232203
"and(three(1,same),one(dots))",-10.673595774232203
"and(three(1,same),two(square))",-10.673595774232203
"and(three(1,same),two(circle))",-10.673595774232203
"and(three(1,same),two(triangle))",-10.673595774232203
"and(three(1,same),two(low))",-10.673595774232203
"and(three(1,same),two(medium))",-10.673595774232203
"and(three(1,same),two(high))",-10.673595774232203
"and(three(1,same),two(plain))",-10.673595774232203
"and(three(1,same),two(stripes))",-10.673595774232203
"and(three(1,same),two(dots))",-10.673595774232203
"and(two(circle),two(unique,(1,2)))",-10.673595774232203
"and(two(circle),two(unique,(0,2)))",-10.673595774232203
"and(two(circle),two(unique,(0,1)))",-10.673595774232203
"and(two(circle),two(same,(1,2)))",-10.673595774232203
"and(two(circle),two(same,(0,2)))",-10.673595774232203
"and(two(circle),two(same,(0,1)))",-10.673595774232203
"and(three(1,same),three(square))",-10.673595774232203
"and(three(1,same),three(circle))",-10.673595774232203
"and(three(1,same),one(triangle))",-10.673595774232203
"and(three(1,same),one(square))",-10.673595774232203
"and(two(triangle),three(3,unique))",-10.673595774232203
"and(two(plain,(0,2)),two(unique))",-10.673595774232203
"and(two(triangle),three(2,unique))",-10.673595774232203
"and(two(triangle),three(2,same))",-10.673595774232203
"and(two(triangle),three(1,unique))",-10.673595774232203
"and(two(triangle),three(1,same))",-10.673595774232203
"and(two(triangle),two(3,unique))",-10.673595774232203
"and(two(triangle),two(3,same))",-10.673595774232203
"and(two(triangle),two(2,unique))",-10.673595774232203
"and(two(triangle),two(2,same))",-10.673595774232203
"and(two(triangle),two(1,unique))",-10.673595774232203
"and(two(triangle),two(1,same))",-10.673595774232203
"and(two(stripes,(0,2)),two(same))",-10.673595774232203
"and(two(stripes,(0,1)),three(unique))",-10.673595774232203
"and(two(stripes,(0,1)),three(same))",-10.673595774232203
"and(two(stripes,(0,1)),two(unique))",-10.673595774232203
"and(two(stripes,(0,1)),two(same))",-10.673595774232203
"and(three(medium),two(same,(0,1)))",-10.673595774232203
"and(two(plain,(1,2)),three(unique))",-10.673595774232203
"and(two(3,same),two(stripes))",-10.673595774232203
"and(two(plain,(1,2)),three(same))",-10.673595774232203
"and(two(plain,(1,2)),two(unique))",-10.673595774232203
"and(two(plain,(1,2)),two(same))",-10.673595774232203
"and(two(plain,(0,2)),three(unique))",-10.673595774232203
"and(two(plain,(0,2)),three(same))",-10.673595774232203
"and(three(1,same),three(triangle))",-10.673595774232203
"and(three(1,same),three(low))",-10.673595774232203
"and(three(1,same),three(medium))",-10.673595774232203
"and(three(1,same),three(high))",-10.673595774232203
"and(three(1,unique),one(circle))",-10.673595774232203
"and(three(1,unique),one(triangle))",-10.673595774232203
"and(three(1,unique),one(low))",-10.673595774232203
"and(three(1,unique),one(medium))",-10.673595774232203
"and(three(1,unique),one(high))",-10.673595774232203
"and(three(1,unique),one(plain))",-10.673595774232203
"and(three(1,unique),one(stripes))",-10.673595774232203
"and(three(1,unique),one(dots))",-10.673595774232203
"and(three(1,unique),two(square))",-10.673595774232203
"and(three(1,unique),two(circle))",-10.673595774232203
"and(three(1,unique),two(triangle))",-10.673595774232203
"and(three(1,unique),two(low))",-10.673595774232203
"and(three(1,unique),two(medium))",-10.673595774232203
"and(three(1,unique),two(high))",-10.673595774232203
"and(three(1,unique),two(plain))",-10.673595774232203
"and(three(1,unique),two(stripes))",-10.673595774232203
"and(three(1,unique),two(dots))",-10.673595774232203
"and(three(1,unique),three(square))",-10.673595774232203
"and(three(1,unique),three(circle))",-10.673595774232203
"and(three(1,unique),three(triangle))",-10.673595774232203
"and(three(1,unique),three(low))",-10.673595774232203
"and(three(1,unique),three(medium))",-10.673595774232203
"and(two(circle),three(3,unique))",-10.673595774232203
"and(three(1,unique),one(square))",-10.673595774232203
"and(two(high,(0,2)),three(unique))",-10.673595774232203
"and(two(high,(1,2)),two(same))",-10.673595774232203
"and(one(high),two(3,same))",-10.673595774232203
"and(three(1,same),three(plain))",-10.673595774232203
"and(three(1,same),three(stripes))",-10.673595774232203
"and(three(1,same),three(dots))",-10.673595774232203
"and(two(plain,(0,2)),two(same))",-10.673595774232203
"and(two(plain,(0,1)),three(unique))",-10.673595774232203
"and(two(plain,(0,1)),three(same))",-10.673595774232203
"and(one(high),two(1,same))",-10.673595774232203
"and(one(high),two(1,unique))",-10.673595774232203
"and(one(high),two(2,same))",-10.673595774232203
"and(one(high),two(2,unique))",-10.673595774232203
"and(one(high),two(3,unique))",-10.673595774232203
"and(two(high,(1,2)),two(unique))",-10.673595774232203
"and(one(high),three(1,same))",-10.673595774232203
"and(one(high),three(1,unique))",-10.673595774232203
"and(one(high),three(2,same))",-10.673595774232203
"and(one(high),three(2,unique))",-10.673595774232203
"and(one(high),three(3,same))",-10.673595774232203
"and(one(high),three(3,unique))",-10.673595774232203
"and(two(plain,(0,1)),two(unique))",-10.673595774232203
"and(two(plain,(0,1)),two(same))",-10.673595774232203
"and(two(high,(1,2)),three(unique))",-10.673595774232203
"and(two(high,(1,2)),three(same))",-10.673595774232203
"and(two(triangle),three(3,same))",-10.673595774232203
"and(three(medium),two(same,(0,2)))",-10.673595774232203
"and(two(stripes,(0,2)),two(unique))",-10.673595774232203
"and(two(3,unique),two(stripes))",-10.673595774232203
"and(two(3,unique),two(low))",-10.673595774232203
"and(two(3,unique),two(medium))",-10.673595774232203
"and(two(3,unique),two(high))",-10.673595774232203
"and(two(same,(0,1)),one(square))",-10.673595774232203
"and(two(same,(0,1)),one(circle))",-10.673595774232203
"and(two(triangle),two(same,(0,1)))",-10.673595774232203
"and(two(triangle),two(same,(0,2)))",-10.673595774232203
"and(two(triangle),two(same,(1,2)))",-10.673595774232203
"and(two(triangle),two(unique,(0,1)))",-10.673595774232203
"and(two(3,unique),two(plain))",-10.673595774232203
"and(two(3,unique),two(dots))",-10.673595774232203
"and(two(dots,(0,1)),three(same))",-10.673595774232203
"and(two(3,unique),three(square))",-10.673595774232203
"and(two(3,unique),three(circle))",-10.673595774232203
"and(two(3,unique),three(triangle))",-10.673595774232203
"and(two(3,unique),three(low))",-10.673595774232203
"and(two(3,unique),three(medium))",-10.673595774232203
"and(two(3,unique),three(high))",-10.673595774232203
"and(two(3,unique),three(plain))",-10.673595774232203
"and(two(3,unique),three(stripes))",-10.673595774232203
"and(two(3,unique),three(dots))",-10.673595774232203
"and(one(medium),two(unique,(1,2)))",-10.673595774232203
"and(two(3,unique),two(triangle))",-10.673595774232203
"and(two(3,unique),two(circle))",-10.673595774232203
"and(two(3,unique),two(square))",-10.673595774232203
"and(two(dots,(1,2)),three(unique))",-10.673595774232203
"and(two(3,unique),one(dots))",-10.673595774232203
"and(two(3,unique),one(stripes))",-10.673595774232203
"and(two(3,unique),one(plain))",-10.673595774232203
"and(two(3,unique),one(high))",-10.673595774232203
"and(two(3,unique),one(medium))",-10.673595774232203
"and(two(3,unique),one(low))",-10.673595774232203
"and(two(3,unique),one(triangle))",-10.673595774232203
"and(two(3,unique),one(circle))",-10.673595774232203
"and(two(3,unique),one(square))",-10.673595774232203
"and(one(medium),two(unique,(0,2)))",-10.673595774232203
"and(one(medium),two(unique,(0,1)))",-10.673595774232203
"and(one(medium),two(same,(1,2)))",-10.673595774232203
"and(two(stripes,(0,2)),three(same))",-10.673595774232203
"and(one(medium),two(same,(0,2)))",-10.673595774232203
"and(one(medium),two(same,(0,1)))",-10.673595774232203
"and(two(dots,(0,2)),two(unique))",-10.673595774232203
"and(two(dots,(0,2)),three(same))",-10.673595774232203
"and(two(dots,(0,2)),three(unique))",-10.673595774232203
"and(two(dots,(1,2)),two(same))",-10.673595774232203
"and(two(dots,(1,2)),two(unique))",-10.673595774232203
"and(two(dots,(1,2)),three(same))",-10.673595774232203
"and(two(dots,(0,1)),three(unique))",-10.673595774232203
"and(two(dots,(0,2)),two(same))",-10.673595774232203
"and(two(same,(0,1)),one(triangle))",-10.673595774232203
"and(two(same,(0,1)),one(medium))",-10.673595774232203
"and(two(same,(0,1)),one(high))",-10.673595774232203
"and(two(triangle),two(unique,(1,2)))",-10.673595774232203
"and(two(triangle),two(unique,(0,2)))",-10.673595774232203
"and(two(same,(0,1)),one(plain))",-10.673595774232203
"and(two(same,(0,1)),one(stripes))",-10.673595774232203
"and(two(same,(0,1)),one(dots))",-10.673595774232203
"and(two(same,(0,1)),two(square))",-10.673595774232203
"and(two(3,same),three(dots))",-10.673595774232203
"and(two(3,same),three(stripes))",-10.673595774232203
"and(two(3,same),three(plain))",-10.673595774232203
"and(two(3,same),three(high))",-10.673595774232203
"and(two(3,same),three(medium))",-10.673595774232203
"and(two(3,same),three(low))",-10.673595774232203
"and(two(same,(0,1)),one(low))",-10.673595774232203
"and(two(3,same),three(triangle))",-10.673595774232203
"and(two(3,same),three(circle))",-10.673595774232203
"and(two(3,same),three(square))",-10.673595774232203
"and(two(3,same),two(dots))",-10.673595774232203
"and(two(dots,(0,1)),two(unique))",-10.673595774232203
"and(two(dots,(0,1)),two(same))",-10.673595774232203
"and(two(stripes,(1,2)),three(unique))",-10.673595774232203
"and(two(stripes,(1,2)),three(same))",-10.673595774232203
"and(two(stripes,(1,2)),two(unique))",-10.673595774232203
"and(two(stripes,(1,2)),two(same))",-10.673595774232203
"and(two(stripes,(0,2)),three(unique))",-10.673595774232203
"and(one(square),one(circle))",-11.079060882340366
"and(three(high),one(square))",-11.079060882340366
"and(three(high),one(circle))",-11.079060882340366
"and(three(high),three(medium))",-11.079060882340366
"and(three(high),three(low))",-11.079060882340366
"and(three(high),one(triangle))",-11.079060882340366
"and(three(high),three(triangle))",-11.079060882340366
"and(three(plain),one(circle))",-11.079060882340366
"and(three(high),three(circle))",-11.079060882340366
"and(three(high),three(square))",-11.079060882340366
"and(three(high),two(dots))",-11.079060882340366
"and(three(high),two(stripes))",-11.079060882340366
"and(three(high),two(plain))",-11.079060882340366
"and(three(high),two(high))",-11.079060882340366
"and(three(high),two(medium))",-11.079060882340366
"and(three(high),two(low))",-11.079060882340366
"and(three(high),two(triangle))",-11.079060882340366
"and(three(high),two(circle))",-11.079060882340366
"and(three(high),two(square))",-11.079060882340366
"and(three(high),one(dots))",-11.079060882340366
"and(three(high),one(stripes))",-11.079060882340366
"and(three(high),three(high))",-11.079060882340366
"and(three(high),three(plain))",-11.079060882340366
"and(three(high),three(stripes))",-11.079060882340366
"and(three(high),three(dots))",-11.079060882340366
"and(three(high),one(plain))",-11.079060882340366
"and(three(high),one(high))",-11.079060882340366
"and(three(high),one(medium))",-11.079060882340366
"and(three(high),one(low))",-11.079060882340366
"and(three(plain),one(square))",-11.079060882340366
"and(three(plain),two(dots))",-11.079060882340366
"and(three(plain),one(triangle))",-11.079060882340366
"and(three(stripes),two(square))",-11.079060882340366
"and(three(dots),one(high))",-11.079060882340366
"and(three(dots),one(plain))",-11.079060882340366
"and(three(dots),one(stripes))",-11.079060882340366
"and(three(dots),one(dots))",-11.079060882340366
"and(three(dots),two(square))",-11.079060882340366
"and(three(stripes),two(triangle))",-11.079060882340366
"and(three(stripes),two(circle))",-11.079060882340366
"and(three(stripes),one(dots))",-11.079060882340366
"and(three(stripes),two(low))",-11.079060882340366
"and(three(stripes),one(stripes))",-11.079060882340366
"and(three(stripes),one(plain))",-11.079060882340366
"and(three(dots),two(circle))",-11.079060882340366
"and(three(stripes),one(medium))",-11.079060882340366
"and(three(stripes),one(low))",-11.079060882340366
"and(three(stripes),one(triangle))",-11.079060882340366
"and(three(stripes),one(circle))",-11.079060882340366
"and(three(dots),one(medium))",-11.079060882340366
"and(three(stripes),two(medium))",-11.079060882340366
"and(three(plain),one(low))",-11.079060882340366
"and(three(stripes),three(high))",-11.079060882340366
"and(three(dots),one(square))",-11.079060882340366
"and(three(dots),one(circle))",-11.079060882340366
"and(three(dots),one(triangle))",-11.079060882340366
"and(three(dots),one(low))",-11.079060882340366
"and(three(stripes),three(dots))",-11.079060882340366
"and(three(stripes),three(stripes))",-11.079060882340366
"and(three(stripes),three(plain))",-11.079060882340366
"and(three(stripes),three(medium))",-11.079060882340366
"and(three(stripes),two(high))",-11.079060882340366
"and(three(stripes),three(low))",-11.079060882340366
"and(three(stripes),three(triangle))",-11.079060882340366
"and(three(stripes),three(circle))",-11.079060882340366
"and(three(stripes),three(square))",-11.079060882340366
"and(three(stripes),two(dots))",-11.079060882340366
"and(three(stripes),two(stripes))",-11.079060882340366
"and(three(stripes),two(plain))",-11.079060882340366
"and(three(stripes),one(square))",-11.079060882340366
"and(three(dots),two(triangle))",-11.079060882340366
"and(three(dots),two(low))",-11.079060882340366
"and(three(plain),two(low))",-11.079060882340366
"and(three(plain),three(triangle))",-11.079060882340366
"and(three(plain),three(circle))",-11.079060882340366
"and(three(plain),three(square))",-11.079060882340366
"and(three(plain),two(stripes))",-11.079060882340366
"and(three(plain),two(plain))",-11.079060882340366
"and(three(plain),two(high))",-11.079060882340366
"and(three(plain),two(medium))",-11.079060882340366
"and(three(plain),two(triangle))",-11.079060882340366
"and(three(dots),two(medium))",-11.079060882340366
"and(three(plain),two(circle))",-11.079060882340366
"and(three(plain),two(square))",-11.079060882340366
"and(three(plain),one(dots))",-11.079060882340366
"and(three(plain),one(stripes))",-11.079060882340366
"and(three(plain),one(plain))",-11.079060882340366
"and(three(plain),one(high))",-11.079060882340366
"and(three(plain),one(medium))",-11.079060882340366
"and(three(plain),three(low))",-11.079060882340366
"and(three(plain),three(medium))",-11.079060882340366
"and(three(plain),three(high))",-11.079060882340366
"and(three(plain),three(plain))",-11.079060882340366
"and(three(dots),two(high))",-11.079060882340366
"and(three(dots),two(plain))",-11.079060882340366
"and(three(dots),two(stripes))",-11.079060882340366
"and(three(dots),two(dots))",-11.079060882340366
"and(three(dots),three(square))",-11.079060882340366
"and(three(dots),three(circle))",-11.079060882340366
"and(three(dots),three(triangle))",-11.079060882340366
"and(three(dots),three(low))",-11.079060882340366
"and(three(dots),three(medium))",-11.079060882340366
"and(three(dots),three(high))",-11.079060882340366
"and(three(dots),three(plain))",-11.079060882340366
"and(three(dots),three(stripes))",-11.079060882340366
"and(three(dots),three(dots))",-11.079060882340366
"and(three(plain),three(dots))",-11.079060882340366
"and(three(plain),three(stripes))",-11.079060882340366
"and(three(stripes),one(high))",-11.079060882340366
"and(one(square),one(square))",-11.079060882340366
"and(one(dots),three(stripes))",-11.079060882340366
"and(one(medium),two(square))",-11.079060882340366
"and(one(medium),two(triangle))",-11.079060882340366
"and(one(medium),two(low))",-11.079060882340366
"and(one(medium),two(medium))",-11.079060882340366
"and(one(medium),two(high))",-11.079060882340366
"and(one(medium),two(plain))",-11.079060882340366
"and(one(medium),two(stripes))",-11.079060882340366
"and(one(medium),two(dots))",-11.079060882340366
"and(one(medium),three(square))",-11.079060882340366
"and(one(medium),three(circle))",-11.079060882340366
"and(one(medium),three(triangle))",-11.079060882340366
"and(one(medium),three(low))",-11.079060882340366
"and(one(medium),three(medium))",-11.079060882340366
"and(one(medium),three(high))",-11.079060882340366
"and(one(medium),three(plain))",-11.079060882340366
"and(one(medium),three(stripes))",-11.079060882340366
"and(one(medium),three(dots))",-11.079060882340366
"and(two(plain),three(dots))",-11.079060882340366
"and(two(plain),three(stripes))",-11.079060882340366
"and(two(plain),three(plain))",-11.079060882340366
"and(two(plain),three(high))",-11.079060882340366
"and(two(plain),three(medium))",-11.079060882340366
"and(two(plain),three(low))",-11.079060882340366
"and(two(plain),three(triangle))",-11.079060882340366
"and(two(plain),three(circle))",-11.079060882340366
"and(two(plain),three(square))",-11.079060882340366
"and(one(medium),two(circle))",-11.079060882340366
"and(one(medium),one(dots))",-11.079060882340366
"and(two(stripes),three(circle))",-11.079060882340366
"and(one(medium),one(stripes))",-11.079060882340366
"and(two(stripes),two(dots))",-11.079060882340366
"and(two(stripes),two(stripes))",-11.079060882340366
"and(two(stripes),two(plain))",-11.079060882340366
"and(two(stripes),two(high))",-11.079060882340366
"and(two(stripes),two(medium))",-11.079060882340366
"and(two(stripes),two(low))",-11.079060882340366
"and(two(stripes),two(triangle))",-11.079060882340366
"and(two(stripes),two(circle))",-11.079060882340366
"and(two(stripes),two(square))",-11.079060882340366
"and(two(stripes),one(dots))",-11.079060882340366
"and(two(stripes),one(stripes))",-11.079060882340366
"and(two(stripes),one(plain))",-11.079060882340366
"and(two(stripes),one(high))",-11.079060882340366
"and(two(stripes),one(medium))",-11.079060882340366
"and(two(stripes),one(low))",-11.079060882340366
"and(two(stripes),one(triangle))",-11.079060882340366
"and(two(stripes),one(circle))",-11.079060882340366
"and(two(stripes),one(square))",-11.079060882340366
"and(one(medium),one(square))",-11.079060882340366
"and(one(medium),one(circle))",-11.079060882340366
"and(one(medium),one(triangle))",-11.079060882340366
"and(one(medium),one(low))",-11.079060882340366
"and(one(medium),one(medium))",-11.079060882340366
"and(one(medium),one(high))",-11.079060882340366
"and(one(medium),one(plain))",-11.079060882340366
"and(two(plain),two(dots))",-11.079060882340366
"and(two(plain),two(stripes))",-11.079060882340366
"and(two(plain),two(plain))",-11.079060882340366
"and(two(plain),two(high))",-11.079060882340366
"and(two(high),two(low))",-11.079060882340366
"and(two(high),two(triangle))",-11.079060882340366
"and(two(high),two(circle))",-11.079060882340366
"and(two(high),two(square))",-11.079060882340366
"and(two(high),one(dots))",-11.079060882340366
"and(two(high),one(stripes))",-11.079060882340366
"and(two(high),one(plain))",-11.079060882340366
"and(two(high),one(high))",-11.079060882340366
"and(two(high),one(medium))",-11.079060882340366
"and(two(high),one(low))",-11.079060882340366
"and(two(high),one(triangle))",-11.079060882340366
"and(two(high),one(circle))",-11.079060882340366
"and(two(high),one(square))",-11.079060882340366
"and(two(medium),three(dots))",-11.079060882340366
"and(two(medium),three(stripes))",-11.079060882340366
"and(two(medium),three(plain))",-11.079060882340366
"and(two(medium),three(high))",-11.079060882340366
"and(two(medium),three(medium))",-11.079060882340366
"and(two(medium),three(low))",-11.079060882340366
"and(two(medium),three(triangle))",-11.079060882340366
"and(two(medium),three(circle))",-11.079060882340366
"and(two(medium),three(square))",-11.079060882340366
"and(two(medium),two(dots))",-11.079060882340366
"and(two(medium),two(stripes))",-11.079060882340366
"and(two(medium),two(plain))",-11.079060882340366
"and(two(high),two(medium))",-11.079060882340366
"and(two(high),two(high))",-11.079060882340366
"and(two(high),two(plain))",-11.079060882340366
"and(two(plain),one(triangle))",-11.079060882340366
"and(two(plain),two(medium))",-11.079060882340366
"and(two(plain),two(low))",-11.079060882340366
"and(two(plain),two(triangle))",-11.079060882340366
"and(two(plain),two(circle))",-11.079060882340366
"and(two(plain),two(square))",-11.079060882340366
"and(two(plain),one(dots))",-11.079060882340366
"and(two(plain),one(stripes))",-11.079060882340366
"and(two(plain),one(plain))",-11.079060882340366
"and(two(plain),one(high))",-11.079060882340366
"and(two(plain),one(medium))",-11.079060882340366
"and(two(plain),one(low))",-11.079060882340366
"and(two(plain),one(circle))",-11.079060882340366
"and(two(high),two(stripes))",-11.079060882340366
"and(two(plain),one(square))",-11.079060882340366
"and(two(high),three(dots))",-11.079060882340366
"and(two(high),three(stripes))",-11.079060882340366
"and(two(high),three(plain))",-11.079060882340366
"and(two(high),three(high))",-11.079060882340366
"and(two(high),three(medium))",-11.079060882340366
"and(two(high),three(low))",-11.079060882340366
"and(two(high),three(triangle))",-11.079060882340366
"and(two(high),three(circle))",-11.079060882340366
"and(two(high),three(square))",-11.079060882340366
"and(two(high),two(dots))",-11.079060882340366
"and(two(stripes),three(square))",-11.079060882340366
"and(two(stripes),three(triangle))",-11.079060882340366
"and(one(low),one(square))",-11.079060882340366
"and(three(circle),two(triangle))",-11.079060882340366
"and(three(circle),two(square))",-11.079060882340366
"and(three(circle),one(dots))",-11.079060882340366
"and(three(circle),one(stripes))",-11.079060882340366
"and(three(circle),one(plain))",-11.079060882340366
"and(three(circle),one(high))",-11.079060882340366
"and(three(circle),one(medium))",-11.079060882340366
"and(three(circle),one(low))",-11.079060882340366
"and(three(circle),one(triangle))",-11.079060882340366
"and(three(circle),one(circle))",-11.079060882340366
"and(three(circle),one(square))",-11.079060882340366
"and(one(low),two(high))",-11.079060882340366
"and(one(low),two(plain))",-11.079060882340366
"and(one(low),two(stripes))",-11.079060882340366
"and(one(low),two(dots))",-11.079060882340366
"and(one(low),three(square))",-11.079060882340366
"and(one(low),three(circle))",-11.079060882340366
"and(one(low),three(triangle))",-11.079060882340366
"and(one(low),three(low))",-11.079060882340366
"and(one(low),three(medium))",-11.079060882340366
"and(one(low),three(high))",-11.079060882340366
"and(one(low),three(plain))",-11.079060882340366
"and(one(low),three(stripes))",-11.079060882340366
"and(one(low),three(dots))",-11.079060882340366
"and(three(square),three(dots))",-11.079060882340366
"and(three(square),three(stripes))",-11.079060882340366
"and(three(circle),two(circle))",-11.079060882340366
"and(three(circle),two(low))",-11.079060882340366
"and(two(stripes),three(low))",-11.079060882340366
"and(three(circle),two(medium))",-11.079060882340366
"and(one(low),one(triangle))",-11.079060882340366
"and(one(low),one(low))",-11.079060882340366
"and(one(low),one(medium))",-11.079060882340366
"and(one(low),one(high))",-11.079060882340366
"and(one(low),one(plain))",-11.079060882340366
"and(one(low),one(stripes))",-11.079060882340366
"and(one(low),one(dots))",-11.079060882340366
"and(one(low),two(square))",-11.079060882340366
"and(one(low),two(circle))",-11.079060882340366
"and(one(low),two(triangle))",-11.079060882340366
"and(one(low),two(low))",-11.079060882340366
"and(one(low),two(medium))",-11.079060882340366
"and(three(circle),three(dots))",-11.079060882340366
"and(three(circle),three(stripes))",-11.079060882340366
"and(three(circle),three(plain))",-11.079060882340366
"and(three(circle),three(high))",-11.079060882340366
"and(three(circle),three(medium))",-11.079060882340366
"and(three(circle),three(low))",-11.079060882340366
"and(three(circle),three(triangle))",-11.079060882340366
"and(three(circle),three(circle))",-11.079060882340366
"and(three(circle),three(square))",-11.079060882340366
"and(three(circle),two(dots))",-11.079060882340366
"and(three(circle),two(stripes))",-11.079060882340366
"and(three(circle),two(plain))",-11.079060882340366
"and(three(circle),two(high))",-11.079060882340366
"and(three(square),three(plain))",-11.079060882340366
"and(three(square),three(high))",-11.079060882340366
"and(three(square),three(medium))",-11.079060882340366
"and(three(square),three(low))",-11.079060882340366
"and(two(dots),three(circle))",-11.079060882340366
"and(two(dots),three(square))",-11.079060882340366
"and(two(dots),two(dots))",-11.079060882340366
"and(two(dots),two(stripes))",-11.079060882340366
"and(two(dots),two(plain))",-11.079060882340366
"and(two(dots),two(high))",-11.079060882340366
"and(two(dots),two(medium))",-11.079060882340366
"and(two(dots),two(low))",-11.079060882340366
"and(two(dots),two(triangle))",-11.079060882340366
"and(two(dots),two(circle))",-11.079060882340366
"and(two(dots),two(square))",-11.079060882340366
"and(two(dots),one(dots))",-11.079060882340366
"and(two(dots),one(stripes))",-11.079060882340366
"and(two(dots),one(plain))",-11.079060882340366
"and(two(dots),one(high))",-11.079060882340366
"and(two(dots),one(medium))",-11.079060882340366
"and(two(dots),one(low))",-11.079060882340366
"and(two(dots),one(triangle))",-11.079060882340366
"and(two(dots),one(circle))",-11.079060882340366
"and(two(dots),one(square))",-11.079060882340366
"and(two(stripes),three(dots))",-11.079060882340366
"and(two(stripes),three(stripes))",-11.079060882340366
"and(two(stripes),three(plain))",-11.079060882340366
"and(two(stripes),three(high))",-11.079060882340366
"and(two(stripes),three(medium))",-11.079060882340366
"and(two(dots),three(triangle))",-11.079060882340366
"and(two(dots),three(low))",-11.079060882340366
"and(two(dots),three(medium))",-11.079060882340366
"and(three(square),two(square))",-11.079060882340366
"and(three(square),three(triangle))",-11.079060882340366
"and(three(square),three(circle))",-11.079060882340366
"and(three(square),three(square))",-11.079060882340366
"and(three(square),two(dots))",-11.079060882340366
"and(three(square),two(stripes))",-11.079060882340366
"and(three(square),two(plain))",-11.079060882340366
"and(three(square),two(high))",-11.079060882340366
"and(three(square),two(medium))",-11.079060882340366
"and(three(square),two(low))",-11.079060882340366
"and(three(square),two(triangle))",-11.079060882340366
"and(three(square),two(circle))",-11.079060882340366
"and(three(square),one(dots))",-11.079060882340366
"and(two(dots),three(high))",-11.079060882340366
"and(three(square),one(stripes))",-11.079060882340366
"and(three(square),one(plain))",-11.079060882340366
"and(three(square),one(high))",-11.079060882340366
"and(three(square),one(medium))",-11.079060882340366
"and(three(square),one(low))",-11.079060882340366
"and(three(square),one(triangle))",-11.079060882340366
"and(three(square),one(circle))",-11.079060882340366
"and(three(square),one(square))",-11.079060882340366
"and(two(dots),three(dots))",-11.079060882340366
"and(two(dots),three(stripes))",-11.079060882340366
"and(two(dots),three(plain))",-11.079060882340366
"and(two(medium),two(high))",-11.079060882340366
"and(two(medium),two(medium))",-11.079060882340366
"and(two(medium),two(low))",-11.079060882340366
"and(one(dots),three(circle))",-11.079060882340366
"and(one(dots),two(dots))",-11.079060882340366
"and(one(dots),two(stripes))",-11.079060882340366
"and(one(dots),two(plain))",-11.079060882340366
"and(one(dots),two(high))",-11.079060882340366
"and(one(dots),two(medium))",-11.079060882340366
"and(one(dots),two(low))",-11.079060882340366
"and(one(dots),two(triangle))",-11.079060882340366
"and(one(dots),two(circle))",-11.079060882340366
"and(one(dots),two(square))",-11.079060882340366
"and(one(dots),one(dots))",-11.079060882340366
"and(one(dots),one(stripes))",-11.079060882340366
"and(one(dots),one(plain))",-11.079060882340366
"and(one(dots),one(high))",-11.079060882340366
"and(one(dots),one(medium))",-11.079060882340366
"and(one(dots),one(low))",-11.079060882340366
"and(one(dots),one(triangle))",-11.079060882340366
"and(one(dots),one(circle))",-11.079060882340366
"and(one(dots),one(square))",-11.079060882340366
"and(one(high),two(dots))",-11.079060882340366
"and(one(high),three(square))",-11.079060882340366
"and(one(high),three(circle))",-11.079060882340366
"and(one(high),three(triangle))",-11.079060882340366
"and(one(high),three(low))",-11.079060882340366
"and(one(high),three(medium))",-11.079060882340366
"and(one(high),three(high))",-11.079060882340366
"and(one(dots),three(square))",-11.079060882340366
"and(one(dots),three(triangle))",-11.079060882340366
"and(two(medium),two(triangle))",-11.079060882340366
"and(one(dots),three(low))",-11.079060882340366
"and(two(square),two(stripes))",-11.079060882340366
"and(two(square),two(plain))",-11.079060882340366
"and(two(square),two(high))",-11.079060882340366
"and(two(square),two(medium))",-11.079060882340366
"and(two(square),two(low))",-11.079060882340366
"and(two(square),two(triangle))",-11.079060882340366
"and(two(square),two(circle))",-11.079060882340366
"and(two(square),two(square))",-11.079060882340366
"and(two(square),one(dots))",-11.079060882340366
"and(two(square),one(stripes))",-11.079060882340366
"and(two(square),one(plain))",-11.079060882340366
"and(two(square),one(high))",-11.079060882340366
"and(two(square),one(medium))",-11.079060882340366
"and(two(square),one(low))",-11.079060882340366
"and(two(square),one(triangle))",-11.079060882340366
"and(two(square),one(circle))",-11.079060882340366
"and(two(square),one(square))",-11.079060882340366
"and(one(high),two(medium))",-11.079060882340366
"and(one(high),two(high))",-11.079060882340366
"and(one(high),two(plain))",-11.079060882340366
"and(one(high),two(stripes))",-11.079060882340366
"and(one(dots),three(dots))",-11.079060882340366
"and(one(dots),three(plain))",-11.079060882340366
"and(one(dots),three(high))",-11.079060882340366
"and(one(dots),three(medium))",-11.079060882340366
"and(one(high),three(plain))",-11.079060882340366
"and(one(plain),three(dots))",-11.079060882340366
"and(one(plain),three(stripes))",-11.079060882340366
"and(one(plain),three(plain))",-11.079060882340366
"and(one(plain),one(stripes))",-11.079060882340366
"and(one(plain),one(plain))",-11.079060882340366
"and(one(plain),one(high))",-11.079060882340366
"and(one(plain),one(medium))",-11.079060882340366
"and(one(stripes),three(high))",-11.079060882340366
"and(one(stripes),three(medium))",-11.079060882340366
"and(one(stripes),three(low))",-11.079060882340366
"and(one(stripes),three(triangle))",-11.079060882340366
"and(one(stripes),one(stripes))",-11.079060882340366
"and(one(stripes),one(dots))",-11.079060882340366
"and(one(stripes),two(square))",-11.079060882340366
"and(one(stripes),two(circle))",-11.079060882340366
"and(one(stripes),three(circle))",-11.079060882340366
"and(one(stripes),three(square))",-11.079060882340366
"and(one(stripes),two(dots))",-11.079060882340366
"and(one(stripes),two(stripes))",-11.079060882340366
"and(one(plain),one(low))",-11.079060882340366
"and(one(plain),one(triangle))",-11.079060882340366
"and(one(plain),one(circle))",-11.079060882340366
"and(one(plain),one(square))",-11.079060882340366
"and(one(stripes),two(triangle))",-11.079060882340366
"and(one(stripes),two(plain))",-11.079060882340366
"and(one(stripes),two(high))",-11.079060882340366
"and(one(stripes),two(medium))",-11.079060882340366
"and(one(stripes),two(low))",-11.079060882340366
"and(one(stripes),three(plain))",-11.079060882340366
"and(one(stripes),three(stripes))",-11.079060882340366
"and(one(stripes),three(dots))",-11.079060882340366
"and(one(stripes),one(circle))",-11.079060882340366
"and(one(high),three(stripes))",-11.079060882340366
"and(one(high),three(dots))",-11.079060882340366
"and(one(plain),three(high))",-11.079060882340366
"and(one(plain),three(medium))",-11.079060882340366
"and(one(plain),three(low))",-11.079060882340366
"and(one(plain),three(triangle))",-11.079060882340366
"and(one(plain),three(circle))",-11.079060882340366
"and(one(plain),three(square))",-11.079060882340366
"and(one(plain),two(dots))",-11.079060882340366
"and(one(plain),two(stripes))",-11.079060882340366
"and(one(stripes),one(square))",-11.079060882340366
"and(one(stripes),one(triangle))",-11.079060882340366
"and(one(stripes),one(plain))",-11.079060882340366
"and(one(plain),two(plain))",-11.079060882340366
"and(one(plain),two(high))",-11.079060882340366
"and(one(plain),two(medium))",-11.079060882340366
"and(one(plain),two(low))",-11.079060882340366
"and(one(plain),two(triangle))",-11.079060882340366
"and(one(plain),two(circle))",-11.079060882340366
"and(one(plain),two(square))",-11.079060882340366
"and(one(plain),one(dots))",-11.079060882340366
"and(one(stripes),one(low))",-11.079060882340366
"and(one(stripes),one(medium))",-11.079060882340366
"and(one(stripes),one(high))",-11.079060882340366
"and(two(square),two(dots))",-11.079060882340366
"and(two(square),three(square))",-11.079060882340366
"and(two(square),three(circle))",-11.079060882340366
"and(two(triangle),two(plain))",-11.079060882340366
"and(two(low),two(circle))",-11.079060882340366
"and(two(low),two(square))",-11.079060882340366
"and(two(low),one(dots))",-11.079060882340366
"and(two(low),one(stripes))",-11.079060882340366
"and(two(low),one(plain))",-11.079060882340366
"and(two(low),one(high))",-11.079060882340366
"and(two(low),one(medium))",-11.079060882340366
"and(two(low),one(low))",-11.079060882340366
"and(two(low),one(triangle))",-11.079060882340366
"and(two(low),one(circle))",-11.079060882340366
"and(two(low),one(square))",-11.079060882340366
"and(one(high),one(circle))",-11.079060882340366
"and(one(high),one(triangle))",-11.079060882340366
"and(one(high),one(low))",-11.079060882340366
"and(one(high),one(medium))",-11.079060882340366
"and(two(triangle),three(dots))",-11.079060882340366
"and(two(triangle),three(stripes))",-11.079060882340366
"and(two(triangle),three(plain))",-11.079060882340366
"and(two(triangle),three(high))",-11.079060882340366
"and(two(triangle),three(medium))",-11.079060882340366
"and(two(triangle),three(low))",-11.079060882340366
"and(two(triangle),three(triangle))",-11.079060882340366
"and(two(triangle),three(circle))",-11.079060882340366
"and(two(triangle),three(square))",-11.079060882340366
"and(two(triangle),two(dots))",-11.079060882340366
"and(two(low),two(triangle))",-11.079060882340366
"and(two(low),two(low))",-11.079060882340366
"and(two(low),two(medium))",-11.079060882340366
"and(one(high),one(square))",-11.079060882340366
"and(two(medium),two(circle))",-11.079060882340366
"and(two(medium),two(square))",-11.079060882340366
"and(two(medium),one(dots))",-11.079060882340366
"and(two(medium),one(stripes))",-11.079060882340366
"and(two(medium),one(plain))",-11.079060882340366
"and(two(medium),one(high))",-11.079060882340366
"and(two(medium),one(medium))",-11.079060882340366
"and(two(medium),one(low))",-11.079060882340366
"and(two(medium),one(triangle))",-11.079060882340366
"and(two(medium),one(circle))",-11.079060882340366
"and(two(medium),one(square))",-11.079060882340366
"and(two(low),three(dots))",-11.079060882340366
"and(two(low),two(high))",-11.079060882340366
"and(two(low),three(stripes))",-11.079060882340366
"and(two(low),three(plain))",-11.079060882340366
"and(two(low),three(high))",-11.079060882340366
"and(two(low),three(medium))",-11.079060882340366
"and(two(low),three(low))",-11.079060882340366
"and(two(low),three(triangle))",-11.079060882340366
"and(two(low),three(circle))",-11.079060882340366
"and(two(low),three(square))",-11.079060882340366
"and(two(low),two(dots))",-11.079060882340366
"and(two(low),two(stripes))",-11.079060882340366
"and(two(low),two(plain))",-11.079060882340366
"and(two(triangle),two(stripes))",-11.079060882340366
"and(two(triangle),two(high))",-11.079060882340366
"and(two(square),three(triangle))",-11.079060882340366
"and(two(triangle),two(low))",-11.079060882340366
"and(two(circle),two(high))",-11.079060882340366
"and(two(circle),two(medium))",-11.079060882340366
"and(two(circle),two(low))",-11.079060882340366
"and(two(circle),two(triangle))",-11.079060882340366
"and(two(circle),two(circle))",-11.079060882340366
"and(two(circle),two(square))",-11.079060882340366
"and(two(circle),one(dots))",-11.079060882340366
"and(two(circle),one(stripes))",-11.079060882340366
"and(two(circle),one(plain))",-11.079060882340366
"and(two(circle),one(high))",-11.079060882340366
"and(two(circle),one(medium))",-11.079060882340366
"and(two(circle),one(low))",-11.079060882340366
"and(two(circle),one(triangle))",-11.079060882340366
"and(two(circle),one(circle))",-11.079060882340366
"and(two(circle),one(square))",-11.079060882340366
"and(one(high),two(square))",-11.079060882340366
"and(one(high),two(circle))",-11.079060882340366
"and(one(high),two(triangle))",-11.079060882340366
"and(one(high),two(low))",-11.079060882340366
"and(two(square),three(dots))",-11.079060882340366
"and(two(square),three(stripes))",-11.079060882340366
"and(two(square),three(plain))",-11.079060882340366
"and(two(square),three(high))",-11.079060882340366
"and(two(square),three(medium))",-11.079060882340366
"and(two(square),three(low))",-11.079060882340366
"and(two(circle),two(plain))",-11.079060882340366
"and(two(circle),two(stripes))",-11.079060882340366
"and(two(circle),two(dots))",-11.079060882340366
"and(two(triangle),one(square))",-11.079060882340366
"and(two(triangle),two(triangle))",-11.079060882340366
"and(two(triangle),two(circle))",-11.079060882340366
"and(two(triangle),two(square))",-11.079060882340366
"and(two(triangle),one(dots))",-11.079060882340366
"and(two(triangle),one(stripes))",-11.079060882340366
"and(two(triangle),one(plain))",-11.079060882340366
"and(two(triangle),one(high))",-11.079060882340366
"and(two(triangle),one(medium))",-11.079060882340366
"and(two(triangle),one(low))",-11.079060882340366
"and(two(triangle),one(triangle))",-11.079060882340366
"and(two(triangle),one(circle))",-11.079060882340366
"and(one(high),one(high))",-11.079060882340366
"and(two(circle),three(square))",-11.079060882340366
"and(one(high),one(plain))",-11.079060882340366
"and(one(high),one(stripes))",-11.079060882340366
"and(one(high),one(dots))",-11.079060882340366
"and(two(circle),three(dots))",-11.079060882340366
"and(two(circle),three(stripes))",-11.079060882340366
"and(two(circle),three(plain))",-11.079060882340366
"and(two(circle),three(high))",-11.079060882340366
"and(two(circle),three(medium))",-11.079060882340366
"and(two(circle),three(low))",-11.079060882340366
"and(two(circle),three(triangle))",-11.079060882340366
"and(two(circle),three(circle))",-11.079060882340366
"and(one(low),one(circle))",-11.079060882340366
"and(two(triangle),two(medium))",-11.079060882340366
"and(one(triangle),three(low))",-11.079060882340366
"and(one(circle),two(plain))",-11.079060882340366
"and(three(triangle),three(high))",-11.079060882340366
"and(three(triangle),three(plain))",-11.079060882340366
"and(three(triangle),three(stripes))",-11.079060882340366
"and(three(triangle),three(dots))",-11.079060882340366
"and(three(medium),three(dots))",-11.079060882340366
"and(one(square),three(triangle))",-11.079060882340366
"and(one(circle),three(square))",-11.079060882340366
"and(one(square),one(triangle))",-11.079060882340366
"and(one(square),one(low))",-11.079060882340366
"and(one(circle),two(dots))",-11.079060882340366
"and(one(circle),two(stripes))",-11.079060882340366
"and(one(square),three(low))",-11.079060882340366
"and(one(circle),three(stripes))",-11.079060882340366
"and(one(square),one(medium))",-11.079060882340366
"and(one(square),one(stripes))",-11.079060882340366
"and(three(low),one(square))",-11.079060882340366
"and(one(square),one(dots))",-11.079060882340366
"and(one(square),two(high))",-11.079060882340366
"and(one(square),two(medium))",-11.079060882340366
"and(one(square),two(low))",-11.079060882340366
"and(one(square),two(triangle))",-11.079060882340366
"and(one(square),three(high))",-11.079060882340366
"and(one(square),two(square))",-11.079060882340366
"and(one(square),two(circle))",-11.079060882340366
"and(three(triangle),three(medium))",-11.079060882340366
"and(three(triangle),three(low))",-11.079060882340366
"and(three(triangle),three(triangle))",-11.079060882340366
"and(three(triangle),three(circle))",-11.079060882340366
"and(one(circle),three(high))",-11.079060882340366
"and(one(circle),three(medium))",-11.079060882340366
"and(one(circle),three(low))",-11.079060882340366
"and(one(circle),three(triangle))",-11.079060882340366
"and(one(circle),three(circle))",-11.079060882340366
"and(three(triangle),one(circle))",-11.079060882340366
"and(three(triangle),one(triangle))",-11.079060882340366
"and(three(triangle),one(low))",-11.079060882340366
"and(three(triangle),one(medium))",-11.079060882340366
"and(three(triangle),one(high))",-11.079060882340366
"and(three(triangle),one(plain))",-11.079060882340366
"and(three(triangle),one(stripes))",-11.079060882340366
"and(three(triangle),one(dots))",-11.079060882340366
"and(three(triangle),two(square))",-11.079060882340366
"and(three(triangle),two(circle))",-11.079060882340366
"and(three(triangle),two(triangle))",-11.079060882340366
"and(three(triangle),two(low))",-11.079060882340366
"and(three(triangle),two(medium))",-11.079060882340366
"and(three(triangle),two(high))",-11.079060882340366
"and(three(triangle),two(plain))",-11.079060882340366
"and(three(triangle),two(stripes))",-11.079060882340366
"and(three(triangle),two(dots))",-11.079060882340366
"and(three(triangle),three(square))",-11.079060882340366
"and(one(square),three(plain))",-11.079060882340366
"and(one(square),three(stripes))",-11.079060882340366
"and(one(square),three(dots))",-11.079060882340366
"and(one(triangle),three(stripes))",-11.079060882340366
"and(one(triangle),three(high))",-11.079060882340366
"and(one(triangle),three(medium))",-11.079060882340366
"and(one(triangle),three(triangle))",-11.079060882340366
"and(one(triangle),three(circle))",-11.079060882340366
"and(one(triangle),three(square))",-11.079060882340366
"and(one(triangle),two(dots))",-11.079060882340366
"and(one(triangle),two(stripes))",-11.079060882340366
"and(one(triangle),two(plain))",-11.079060882340366
"and(one(triangle),two(high))",-11.079060882340366
"and(one(triangle),two(medium))",-11.079060882340366
"and(one(triangle),two(low))",-11.079060882340366
"and(one(triangle),two(triangle))",-11.079060882340366
"and(one(triangle),two(circle))",-11.079060882340366
"and(one(triangle),two(square))",-11.079060882340366
"and(one(triangle),one(dots))",-11.079060882340366
"and(one(triangle),one(stripes))",-11.079060882340366
"and(one(triangle),one(plain))",-11.079060882340366
"and(one(triangle),one(high))",-11.079060882340366
"and(one(triangle),one(medium))",-11.079060882340366
"and(one(triangle),one(low))",-11.079060882340366
"and(one(triangle),one(triangle))",-11.079060882340366
"and(one(triangle),one(circle))",-11.079060882340366
"and(one(triangle),one(square))",-11.079060882340366
"and(one(triangle),three(plain))",-11.079060882340366
"and(one(triangle),three(dots))",-11.079060882340366
"and(one(square),one(high))",-11.079060882340366
"and(three(low),three(square))",-11.079060882340366
"and(one(circle),two(high))",-11.079060882340366
"and(one(circle),two(medium))",-11.079060882340366
"and(one(circle),two(low))",-11.079060882340366
"and(one(circle),two(triangle))",-11.079060882340366
"and(one(circle),two(circle))",-11.079060882340366
"and(one(circle),two(square))",-11.079060882340366
"and(one(circle),one(dots))",-11.079060882340366
"and(one(circle),one(stripes))",-11.079060882340366
"and(one(circle),one(plain))",-11.079060882340366
"and(one(circle),one(high))",-11.079060882340366
"and(one(circle),one(medium))",-11.079060882340366
"and(one(circle),one(low))",-11.079060882340366
"and(one(circle),one(triangle))",-11.079060882340366
"and(one(circle),one(circle))",-11.079060882340366
"and(one(circle),one(square))",-11.079060882340366
"and(three(low),three(dots))",-11.079060882340366
"and(three(low),three(stripes))",-11.079060882340366
"and(three(low),three(plain))",-11.079060882340366
"and(three(low),three(high))",-11.079060882340366
"and(three(low),three(medium))",-11.079060882340366
"and(three(low),three(low))",-11.079060882340366
"and(three(low),three(triangle))",-11.079060882340366
"and(three(low),three(circle))",-11.079060882340366
"and(one(circle),three(plain))",-11.079060882340366
"and(one(square),three(medium))",-11.079060882340366
"and(three(low),two(plain))",-11.079060882340366
"and(three(low),two(high))",-11.079060882340366
"and(three(low),one(circle))",-11.079060882340366
"and(three(low),one(low))",-11.079060882340366
"and(three(low),one(medium))",-11.079060882340366
"and(three(low),one(high))",-11.079060882340366
"and(three(low),one(plain))",-11.079060882340366
"and(three(low),one(stripes))",-11.079060882340366
"and(three(low),one(dots))",-11.079060882340366
"and(three(low),two(square))",-11.079060882340366
"and(three(low),two(circle))",-11.079060882340366
"and(three(low),two(triangle))",-11.079060882340366
"and(three(low),two(low))",-11.079060882340366
"and(three(low),two(medium))",-11.079060882340366
"and(three(low),two(stripes))",-11.079060882340366
"and(three(medium),two(square))",-11.079060882340366
"and(three(low),two(dots))",-11.079060882340366
"and(three(medium),three(plain))",-11.079060882340366
"and(three(medium),three(high))",-11.079060882340366
"and(one(square),three(circle))",-11.079060882340366
"and(three(medium),two(circle))",-11.079060882340366
"and(one(square),two(dots))",-11.079060882340366
"and(one(square),two(stripes))",-11.079060882340366
"and(one(square),two(plain))",-11.079060882340366
"and(three(medium),two(triangle))",-11.079060882340366
"and(three(medium),two(low))",-11.079060882340366
"and(three(medium),two(medium))",-11.079060882340366
"and(three(medium),two(high))",-11.079060882340366
"and(three(medium),three(stripes))",-11.079060882340366
"and(three(low),one(triangle))",-11.079060882340366
"and(three(medium),one(dots))",-11.079060882340366
"and(three(medium),two(plain))",-11.079060882340366
"and(three(medium),three(medium))",-11.079060882340366
"and(three(medium),three(square))",-11.079060882340366
"and(three(medium),two(dots))",-11.079060882340366
"and(three(medium),two(stripes))",-11.079060882340366
"and(one(square),three(square))",-11.079060882340366
"and(three(medium),one(square))",-11.079060882340366
"and(three(medium),one(circle))",-11.079060882340366
"and(three(medium),one(triangle))",-11.079060882340366
"and(three(medium),one(low))",-11.079060882340366
"and(three(medium),one(stripes))",-11.079060882340366
"and(three(medium),one(high))",-11.079060882340366
"and(one(circle),three(dots))",-11.079060882340366
"and(three(medium),one(medium))",-11.079060882340366
"and(three(triangle),one(square))",-11.079060882340366
"and(three(medium),three(triangle))",-11.079060882340366
"and(three(medium),one(plain))",-11.079060882340366
"and(three(medium),three(circle))",-11.079060882340366
"and(one(square),one(plain))",-11.079060882340366
"and(three(medium),three(low))",-11.079060882340366
"and(two(stripes,(0,1)),two(1,same))",-11.772208062900313
"and(three(3,unique),one(triangle,(1)))",-11.772208062900313
"and(three(3,unique),one(triangle,(0)))",-11.772208062900313
"and(three(3,unique),one(circle,(2)))",-11.772208062900313
"and(three(3,unique),one(circle,(1)))",-11.772208062900313
"and(three(3,unique),one(circle,(0)))",-11.772208062900313
"and(two(triangle,(1,2)),two(1,unique))",-11.772208062900313
"and(three(3,unique),one(triangle,(2)))",-11.772208062900313
"and(two(stripes,(0,1)),two(1,unique))",-11.772208062900313
"and(three(3,unique),one(low,(0)))",-11.772208062900313
"and(three(3,unique),one(square,(2)))",-11.772208062900313
"and(three(3,unique),one(square,(1)))",-11.772208062900313
"and(three(3,unique),one(square,(0)))",-11.772208062900313
"and(two(circle,(0,1)),two(same,(1,2)))",-11.772208062900313
"and(two(triangle,(1,2)),two(1,same))",-11.772208062900313
"and(one(high,(1)),two(unique,(0,2)))",-11.772208062900313
"and(one(medium,(1)),two(2,same))",-11.772208062900313
"and(one(medium,(1)),two(1,unique))",-11.772208062900313
"and(one(dots,(0)),two(2,same))",-11.772208062900313
"and(one(dots,(0)),two(1,unique))",-11.772208062900313
"and(one(dots,(0)),two(1,same))",-11.772208062900313
"and(two(triangle,(1,2)),three(2,same))",-11.772208062900313
"and(two(triangle,(1,2)),three(1,unique))",-11.772208062900313
"and(two(triangle,(1,2)),three(1,same))",-11.772208062900313
"and(two(triangle,(1,2)),two(3,unique))",-11.772208062900313
"and(two(triangle,(1,2)),two(3,same))",-11.772208062900313
"and(two(triangle,(1,2)),two(2,unique))",-11.772208062900313
"and(two(triangle,(1,2)),two(2,same))",-11.772208062900313
"and(two(triangle,(1,2)),two(unique,(0,2)))",-11.772208062900313
"and(two(triangle,(1,2)),two(unique,(1,2)))",-11.772208062900313
"and(two(circle,(0,1)),two(unique,(1,2)))",-11.772208062900313
"and(one(medium,(0)),two(unique,(1,2)))",-11.772208062900313
"and(one(medium,(0)),two(unique,(0,2)))",-11.772208062900313
"and(one(medium,(0)),two(unique,(0,1)))",-11.772208062900313
"and(one(medium,(0)),two(same,(1,2)))",-11.772208062900313
"and(one(medium,(0)),two(same,(0,2)))",-11.772208062900313
"and(three(3,unique),one(low,(2)))",-11.772208062900313
"and(one(medium,(0)),two(same,(0,1)))",-11.772208062900313
"and(two(circle,(0,1)),two(unique,(0,2)))",-11.772208062900313
"and(two(circle,(0,1)),two(unique,(0,1)))",-11.772208062900313
"and(one(medium,(1)),two(1,same))",-11.772208062900313
"and(three(3,unique),one(low,(1)))",-11.772208062900313
"and(three(3,unique),one(dots,(1)))",-11.772208062900313
"and(two(stripes,(0,1)),two(2,same))",-11.772208062900313
"and(three(2,unique),two(low,(1,2)))",-11.772208062900313
"and(three(2,unique),two(stripes,(0,1)))",-11.772208062900313
"and(three(2,unique),two(plain,(1,2)))",-11.772208062900313
"and(three(2,unique),two(plain,(0,2)))",-11.772208062900313
"and(three(2,unique),two(plain,(0,1)))",-11.772208062900313
"and(three(2,unique),two(high,(1,2)))",-11.772208062900313
"and(three(2,unique),two(high,(0,2)))",-11.772208062900313
"and(three(2,unique),two(high,(0,1)))",-11.772208062900313
"and(three(2,unique),two(medium,(1,2)))",-11.772208062900313
"and(three(2,unique),two(medium,(0,2)))",-11.772208062900313
"and(three(2,unique),two(medium,(0,1)))",-11.772208062900313
"and(three(2,unique),two(low,(0,2)))",-11.772208062900313
"and(three(3,unique),one(medium,(0)))",-11.772208062900313
"and(three(2,unique),two(low,(0,1)))",-11.772208062900313
"and(three(2,unique),two(triangle,(1,2)))",-11.772208062900313
"and(three(2,unique),two(triangle,(0,2)))",-11.772208062900313
"and(three(2,unique),two(triangle,(0,1)))",-11.772208062900313
"and(three(2,unique),two(circle,(1,2)))",-11.772208062900313
"and(three(2,unique),two(circle,(0,2)))",-11.772208062900313
"and(three(2,unique),two(circle,(0,1)))",-11.772208062900313
"and(three(2,unique),two(square,(1,2)))",-11.772208062900313
"and(three(2,unique),two(square,(0,2)))",-11.772208062900313
"and(three(2,unique),two(square,(0,1)))",-11.772208062900313
"and(three(2,unique),two(stripes,(0,2)))",-11.772208062900313
"and(three(2,unique),two(stripes,(1,2)))",-11.772208062900313
"and(three(2,unique),two(dots,(0,1)))",-11.772208062900313
"and(three(2,unique),two(dots,(0,2)))",-11.772208062900313
"and(three(3,unique),one(medium,(1)))",-11.772208062900313
"and(three(3,unique),one(medium,(2)))",-11.772208062900313
"and(three(3,unique),one(high,(0)))",-11.772208062900313
"and(three(3,unique),one(high,(1)))",-11.772208062900313
"and(three(3,unique),one(high,(2)))",-11.772208062900313
"and(three(3,unique),one(plain,(0)))",-11.772208062900313
"and(three(3,unique),one(plain,(1)))",-11.772208062900313
"and(three(3,unique),one(plain,(2)))",-11.772208062900313
"and(three(3,unique),one(stripes,(0)))",-11.772208062900313
"and(three(3,unique),one(stripes,(1)))",-11.772208062900313
"and(three(3,unique),one(stripes,(2)))",-11.772208062900313
"and(three(3,unique),one(dots,(0)))",-11.772208062900313
"and(one(dots,(0)),two(3,same))",-11.772208062900313
"and(three(3,unique),one(dots,(2)))",-11.772208062900313
"and(three(3,unique),two(square,(0,1)))",-11.772208062900313
"and(three(3,unique),two(square,(0,2)))",-11.772208062900313
"and(three(3,unique),two(square,(1,2)))",-11.772208062900313
"and(three(3,unique),two(circle,(0,1)))",-11.772208062900313
"and(three(3,unique),two(circle,(0,2)))",-11.772208062900313
"and(three(3,unique),two(circle,(1,2)))",-11.772208062900313
"and(three(2,unique),two(dots,(1,2)))",-11.772208062900313
"and(one(dots,(0)),two(2,unique))",-11.772208062900313
"and(two(triangle,(1,2)),three(2,unique))",-11.772208062900313
"and(one(dots,(0)),two(3,unique))",-11.772208062900313
"and(two(plain,(1,2)),three(1,unique))",-11.772208062900313
"and(two(plain,(1,2)),two(3,unique))",-11.772208062900313
"and(two(plain,(1,2)),two(3,same))",-11.772208062900313
"and(three(3,same),two(triangle,(1,2)))",-11.772208062900313
"and(two(plain,(1,2)),two(2,unique))",-11.772208062900313
"and(three(2,unique),one(dots,(1)))",-11.772208062900313
"and(three(3,same),two(triangle,(0,2)))",-11.772208062900313
"and(three(3,same),two(triangle,(0,1)))",-11.772208062900313
"and(three(3,same),two(circle,(1,2)))",-11.772208062900313
"and(three(3,same),two(circle,(0,2)))",-11.772208062900313
"and(three(3,same),two(circle,(0,1)))",-11.772208062900313
"and(three(3,same),two(square,(1,2)))",-11.772208062900313
"and(three(3,same),two(square,(0,2)))",-11.772208062900313
"and(three(3,same),two(square,(0,1)))",-11.772208062900313
"and(three(3,same),one(dots,(2)))",-11.772208062900313
"and(three(3,same),one(dots,(1)))",-11.772208062900313
"and(three(3,same),one(dots,(0)))",-11.772208062900313
"and(three(3,same),one(stripes,(2)))",-11.772208062900313
"and(two(plain,(1,2)),two(2,same))",-11.772208062900313
"and(two(plain,(1,2)),two(1,unique))",-11.772208062900313
"and(two(plain,(1,2)),two(1,same))",-11.772208062900313
"and(two(triangle,(1,2)),two(same,(1,2)))",-11.772208062900313
"and(two(plain,(1,2)),three(1,same))",-11.772208062900313
"and(three(3,same),two(low,(0,1)))",-11.772208062900313
"and(one(dots,(0)),three(1,same))",-11.772208062900313
"and(three(3,same),two(low,(0,2)))",-11.772208062900313
"and(one(high,(1)),two(same,(1,2)))",-11.772208062900313
"and(one(high,(1)),two(same,(0,2)))",-11.772208062900313
"and(one(high,(1)),two(same,(0,1)))",-11.772208062900313
"and(two(triangle,(1,2)),two(same,(0,2)))",-11.772208062900313
"and(three(3,same),two(dots,(1,2)))",-11.772208062900313
"and(three(3,same),two(dots,(0,2)))",-11.772208062900313
"and(one(high,(1)),two(unique,(1,2)))",-11.772208062900313
"and(three(3,same),two(dots,(0,1)))",-11.772208062900313
"and(three(3,same),two(stripes,(1,2)))",-11.772208062900313
"and(three(3,same),two(stripes,(0,2)))",-11.772208062900313
"and(three(3,same),two(stripes,(0,1)))",-11.772208062900313
"and(three(3,same),two(plain,(1,2)))",-11.772208062900313
"and(three(3,same),two(plain,(0,2)))",-11.772208062900313
"and(three(3,same),two(plain,(0,1)))",-11.772208062900313
"and(three(3,same),two(high,(1,2)))",-11.772208062900313
"and(three(3,same),two(high,(0,2)))",-11.772208062900313
"and(three(3,same),two(high,(0,1)))",-11.772208062900313
"and(three(3,same),two(medium,(1,2)))",-11.772208062900313
"and(three(3,same),two(medium,(0,2)))",-11.772208062900313
"and(three(3,same),two(medium,(0,1)))",-11.772208062900313
"and(three(3,same),two(low,(1,2)))",-11.772208062900313
"and(three(3,same),one(stripes,(1)))",-11.772208062900313
"and(three(3,same),one(stripes,(0)))",-11.772208062900313
"and(three(3,same),one(plain,(2)))",-11.772208062900313
"and(three(3,same),one(plain,(1)))",-11.772208062900313
"and(two(plain,(1,2)),three(2,same))",-11.772208062900313
"and(two(plain,(1,2)),three(2,unique))",-11.772208062900313
"and(two(plain,(1,2)),three(3,same))",-11.772208062900313
"and(two(plain,(1,2)),three(3,unique))",-11.772208062900313
"and(two(triangle,(1,2)),two(unique,(0,1)))",-11.772208062900313
"and(two(plain,(1,2)),two(same,(0,1)))",-11.772208062900313
"and(two(plain,(1,2)),two(same,(0,2)))",-11.772208062900313
"and(two(plain,(1,2)),two(same,(1,2)))",-11.772208062900313
"and(two(plain,(1,2)),two(unique,(0,1)))",-11.772208062900313
"and(two(plain,(1,2)),two(unique,(0,2)))",-11.772208062900313
"and(two(plain,(1,2)),two(unique,(1,2)))",-11.772208062900313
"and(one(dots,(0)),two(unique,(0,2)))",-11.772208062900313
"and(one(dots,(0)),two(unique,(0,1)))",-11.772208062900313
"and(one(dots,(0)),two(same,(1,2)))",-11.772208062900313
"and(one(dots,(0)),two(same,(0,2)))",-11.772208062900313
"and(one(dots,(0)),two(same,(0,1)))",-11.772208062900313
"and(one(dots,(0)),three(3,unique))",-11.772208062900313
"and(one(dots,(0)),three(3,same))",-11.772208062900313
"and(one(dots,(0)),three(2,unique))",-11.772208062900313
"and(one(dots,(0)),three(2,same))",-11.772208062900313
"and(one(dots,(0)),three(1,unique))",-11.772208062900313
"and(one(high,(1)),two(unique,(0,1)))",-11.772208062900313
"and(one(dots,(0)),two(unique,(1,2)))",-11.772208062900313
"and(two(triangle,(1,2)),three(3,same))",-11.772208062900313
"and(three(3,same),one(low,(0)))",-11.772208062900313
"and(three(3,same),one(plain,(0)))",-11.772208062900313
"and(three(3,same),one(high,(2)))",-11.772208062900313
"and(three(3,same),one(high,(1)))",-11.772208062900313
"and(three(3,same),one(high,(0)))",-11.772208062900313
"and(three(3,same),one(medium,(2)))",-11.772208062900313
"and(three(3,same),one(medium,(1)))",-11.772208062900313
"and(three(3,same),one(medium,(0)))",-11.772208062900313
"and(three(3,same),one(low,(2)))",-11.772208062900313
"and(three(3,same),one(low,(1)))",-11.772208062900313
"and(three(3,same),one(triangle,(2)))",-11.772208062900313
"and(two(triangle,(1,2)),three(3,unique))",-11.772208062900313
"and(three(3,same),one(triangle,(1)))",-11.772208062900313
"and(three(3,same),one(triangle,(0)))",-11.772208062900313
"and(three(3,same),one(circle,(2)))",-11.772208062900313
"and(three(3,same),one(circle,(1)))",-11.772208062900313
"and(three(3,same),one(circle,(0)))",-11.772208062900313
"and(three(3,same),one(square,(2)))",-11.772208062900313
"and(three(3,same),one(square,(1)))",-11.772208062900313
"and(three(3,same),one(square,(0)))",-11.772208062900313
"and(two(triangle,(1,2)),two(same,(0,1)))",-11.772208062900313
"and(three(2,unique),one(dots,(2)))",-11.772208062900313
"and(one(high,(0)),two(same,(0,1)))",-11.772208062900313
"and(three(2,unique),one(dots,(0)))",-11.772208062900313
"and(three(1,unique),one(stripes,(1)))",-11.772208062900313
"and(three(1,unique),two(triangle,(1,2)))",-11.772208062900313
"and(three(1,unique),two(triangle,(0,2)))",-11.772208062900313
"and(three(1,unique),two(triangle,(0,1)))",-11.772208062900313
"and(three(1,unique),two(circle,(1,2)))",-11.772208062900313
"and(three(1,unique),two(circle,(0,2)))",-11.772208062900313
"and(three(1,unique),two(circle,(0,1)))",-11.772208062900313
"and(three(1,unique),two(square,(1,2)))",-11.772208062900313
"and(three(1,unique),two(square,(0,2)))",-11.772208062900313
"and(three(1,unique),two(square,(0,1)))",-11.772208062900313
"and(three(1,unique),one(dots,(2)))",-11.772208062900313
"and(three(1,unique),one(dots,(1)))",-11.772208062900313
"and(three(1,unique),one(dots,(0)))",-11.772208062900313
"and(three(1,unique),one(stripes,(2)))",-11.772208062900313
"and(three(1,unique),one(stripes,(0)))",-11.772208062900313
"and(three(1,unique),one(triangle,(0)))",-11.772208062900313
"and(three(1,unique),one(plain,(2)))",-11.772208062900313
"and(three(1,unique),one(plain,(1)))",-11.772208062900313
"and(three(1,unique),one(plain,(0)))",-11.772208062900313
"and(three(1,unique),one(high,(2)))",-11.772208062900313
"and(three(1,unique),one(high,(1)))",-11.772208062900313
"and(three(1,unique),one(high,(0)))",-11.772208062900313
"and(three(1,unique),one(medium,(2)))",-11.772208062900313
"and(three(1,unique),one(medium,(1)))",-11.772208062900313
"and(three(1,unique),one(medium,(0)))",-11.772208062900313
"and(three(1,unique),one(low,(2)))",-11.772208062900313
"and(three(1,unique),one(low,(1)))",-11.772208062900313
"and(three(1,unique),one(low,(0)))",-11.772208062900313
"and(three(1,unique),one(triangle,(2)))",-11.772208062900313
"and(three(1,unique),two(low,(0,1)))",-11.772208062900313
"and(three(1,unique),two(low,(0,2)))",-11.772208062900313
"and(three(1,unique),two(low,(1,2)))",-11.772208062900313
"and(three(1,unique),two(medium,(0,1)))",-11.772208062900313
"and(two(stripes,(0,2)),two(3,unique))",-11.772208062900313
"and(two(stripes,(0,2)),three(1,same))",-11.772208062900313
"and(two(stripes,(0,2)),three(1,unique))",-11.772208062900313
"and(two(stripes,(0,2)),three(2,same))",-11.772208062900313
"and(two(stripes,(0,2)),three(2,unique))",-11.772208062900313
"and(two(stripes,(0,2)),three(3,same))",-11.772208062900313
"and(two(stripes,(0,2)),three(3,unique))",-11.772208062900313
"and(two(stripes,(0,2)),two(same,(0,1)))",-11.772208062900313
"and(two(stripes,(0,2)),two(same,(0,2)))",-11.772208062900313
"and(two(stripes,(0,2)),two(same,(1,2)))",-11.772208062900313
"and(two(stripes,(0,2)),two(unique,(0,1)))",-11.772208062900313
"and(two(stripes,(0,2)),two(unique,(0,2)))",-11.772208062900313
"and(two(stripes,(0,2)),two(unique,(1,2)))",-11.772208062900313
"and(three(1,unique),two(dots,(1,2)))",-11.772208062900313
"and(three(1,unique),two(dots,(0,2)))",-11.772208062900313
"and(three(1,unique),two(dots,(0,1)))",-11.772208062900313
"and(three(1,unique),two(stripes,(1,2)))",-11.772208062900313
"and(three(1,unique),two(stripes,(0,2)))",-11.772208062900313
"and(three(1,unique),two(stripes,(0,1)))",-11.772208062900313
"and(three(1,unique),two(plain,(1,2)))",-11.772208062900313
"and(three(1,unique),two(plain,(0,2)))",-11.772208062900313
"and(three(1,unique),two(plain,(0,1)))",-11.772208062900313
"and(three(1,unique),two(high,(1,2)))",-11.772208062900313
"and(three(1,unique),two(high,(0,2)))",-11.772208062900313
"and(three(1,unique),two(high,(0,1)))",-11.772208062900313
"and(three(1,unique),two(medium,(1,2)))",-11.772208062900313
"and(three(1,unique),two(medium,(0,2)))",-11.772208062900313
"and(three(1,unique),one(triangle,(1)))",-11.772208062900313
"and(three(1,unique),one(circle,(2)))",-11.772208062900313
"and(two(stripes,(0,2)),two(2,unique))",-11.772208062900313
"and(two(unique,(1,2)),two(low,(0,1)))",-11.772208062900313
"and(one(stripes,(2)),three(2,unique))",-11.772208062900313
"and(one(stripes,(2)),three(2,same))",-11.772208062900313
"and(one(stripes,(2)),three(1,unique))",-11.772208062900313
"and(one(stripes,(2)),three(1,same))",-11.772208062900313
"and(one(stripes,(2)),two(3,unique))",-11.772208062900313
"and(one(stripes,(2)),two(3,same))",-11.772208062900313
"and(one(stripes,(2)),two(2,unique))",-11.772208062900313
"and(one(stripes,(2)),two(2,same))",-11.772208062900313
"and(one(stripes,(2)),two(1,unique))",-11.772208062900313
"and(one(stripes,(2)),two(1,same))",-11.772208062900313
"and(two(triangle,(0,2)),two(unique,(0,2)))",-11.772208062900313
"and(two(triangle,(0,2)),two(unique,(0,1)))",-11.772208062900313
"and(two(triangle,(0,2)),two(same,(1,2)))",-11.772208062900313
"and(two(unique,(1,2)),two(triangle,(1,2)))",-11.772208062900313
"and(three(1,unique),one(circle,(1)))",-11.772208062900313
"and(three(1,same),two(dots,(1,2)))",-11.772208062900313
"and(three(1,same),two(dots,(0,2)))",-11.772208062900313
"and(three(1,same),two(dots,(0,1)))",-11.772208062900313
"and(three(1,same),two(stripes,(1,2)))",-11.772208062900313
"and(three(1,same),two(stripes,(0,2)))",-11.772208062900313
"and(three(1,same),two(stripes,(0,1)))",-11.772208062900313
"and(three(1,same),two(plain,(1,2)))",-11.772208062900313
"and(three(1,same),two(plain,(0,2)))",-11.772208062900313
"and(three(1,same),two(plain,(0,1)))",-11.772208062900313
"and(three(1,same),two(high,(1,2)))",-11.772208062900313
"and(three(1,same),two(high,(0,2)))",-11.772208062900313
"and(three(1,same),two(high,(0,1)))",-11.772208062900313
"and(three(1,same),two(medium,(1,2)))",-11.772208062900313
"and(one(stripes,(2)),three(3,same))",-11.772208062900313
"and(one(stripes,(2)),three(3,unique))",-11.772208062900313
"and(one(stripes,(2)),two(same,(0,1)))",-11.772208062900313
"and(one(stripes,(2)),two(same,(0,2)))",-11.772208062900313
"and(three(1,unique),one(circle,(0)))",-11.772208062900313
"and(three(1,unique),one(square,(2)))",-11.772208062900313
"and(three(1,unique),one(square,(1)))",-11.772208062900313
"and(three(1,unique),one(square,(0)))",-11.772208062900313
"and(one(plain,(0)),two(1,same))",-11.772208062900313
"and(two(unique,(1,2)),two(dots,(1,2)))",-11.772208062900313
"and(two(unique,(1,2)),two(dots,(0,2)))",-11.772208062900313
"and(two(unique,(1,2)),two(dots,(0,1)))",-11.772208062900313
"and(two(unique,(1,2)),two(stripes,(1,2)))",-11.772208062900313
"and(two(unique,(1,2)),two(stripes,(0,2)))",-11.772208062900313
"and(two(unique,(1,2)),two(stripes,(0,1)))",-11.772208062900313
"and(two(unique,(1,2)),two(plain,(1,2)))",-11.772208062900313
"and(two(unique,(1,2)),two(plain,(0,2)))",-11.772208062900313
"and(two(unique,(1,2)),two(plain,(0,1)))",-11.772208062900313
"and(two(unique,(1,2)),two(high,(1,2)))",-11.772208062900313
"and(two(unique,(1,2)),two(high,(0,2)))",-11.772208062900313
"and(two(unique,(1,2)),two(high,(0,1)))",-11.772208062900313
"and(two(unique,(1,2)),two(medium,(1,2)))",-11.772208062900313
"and(two(unique,(1,2)),two(medium,(0,2)))",-11.772208062900313
"and(two(unique,(1,2)),two(medium,(0,1)))",-11.772208062900313
"and(two(unique,(1,2)),two(low,(1,2)))",-11.772208062900313
"and(two(unique,(1,2)),two(low,(0,2)))",-11.772208062900313
"and(two(triangle,(0,2)),two(unique,(1,2)))",-11.772208062900313
"and(one(stripes,(2)),two(unique,(1,2)))",-11.772208062900313
"and(one(stripes,(2)),two(unique,(0,2)))",-11.772208062900313
"and(one(stripes,(2)),two(unique,(0,1)))",-11.772208062900313
"and(one(stripes,(2)),two(same,(1,2)))",-11.772208062900313
"and(two(stripes,(0,2)),two(3,same))",-11.772208062900313
"and(two(stripes,(0,2)),two(2,same))",-11.772208062900313
"and(three(2,unique),one(stripes,(2)))",-11.772208062900313
"and(one(medium,(1)),three(1,unique))",-11.772208062900313
"and(two(stripes,(0,1)),three(3,same))",-11.772208062900313
"and(two(stripes,(0,1)),three(3,unique))",-11.772208062900313
"and(two(stripes,(0,1)),two(same,(0,1)))",-11.772208062900313
"and(one(low,(0)),three(3,unique))",-11.772208062900313
"and(two(stripes,(0,1)),two(same,(0,2)))",-11.772208062900313
"and(two(stripes,(0,1)),two(same,(1,2)))",-11.772208062900313
"and(two(stripes,(0,1)),two(unique,(0,1)))",-11.772208062900313
"and(two(stripes,(0,1)),two(unique,(0,2)))",-11.772208062900313
"and(two(stripes,(0,1)),two(unique,(1,2)))",-11.772208062900313
"and(one(medium,(1)),two(2,unique))",-11.772208062900313
"and(one(medium,(1)),two(3,same))",-11.772208062900313
"and(one(medium,(1)),two(3,unique))",-11.772208062900313
"and(one(medium,(1)),three(1,same))",-11.772208062900313
"and(one(medium,(1)),three(2,same))",-11.772208062900313
"and(three(2,same),two(medium,(0,2)))",-11.772208062900313
"and(one(medium,(1)),three(2,unique))",-11.772208062900313
"and(three(2,same),two(dots,(1,2)))",-11.772208062900313
"and(three(2,same),two(dots,(0,2)))",-11.772208062900313
"and(three(2,same),two(dots,(0,1)))",-11.772208062900313
"and(three(2,same),two(stripes,(1,2)))",-11.772208062900313
"and(three(2,same),two(stripes,(0,2)))",-11.772208062900313
"and(three(2,same),two(stripes,(0,1)))",-11.772208062900313
"and(three(2,same),two(plain,(1,2)))",-11.772208062900313
"and(three(2,same),two(plain,(0,2)))",-11.772208062900313
"and(three(2,same),two(plain,(0,1)))",-11.772208062900313
"and(three(2,same),two(high,(1,2)))",-11.772208062900313
"and(three(2,same),two(high,(0,2)))",-11.772208062900313
"and(three(2,same),two(high,(0,1)))",-11.772208062900313
"and(two(stripes,(0,1)),three(2,unique))",-11.772208062900313
"and(two(stripes,(0,1)),three(2,same))",-11.772208062900313
"and(two(stripes,(0,1)),three(1,unique))",-11.772208062900313
"and(three(3,unique),two(triangle,(0,2)))",-11.772208062900313
"and(three(2,unique),one(stripes,(1)))",-11.772208062900313
"and(three(2,unique),one(stripes,(0)))",-11.772208062900313
"and(three(2,unique),one(plain,(2)))",-11.772208062900313
"and(three(2,unique),one(plain,(1)))",-11.772208062900313
"and(three(2,unique),one(plain,(0)))",-11.772208062900313
"and(three(2,unique),one(high,(2)))",-11.772208062900313
"and(three(2,unique),one(high,(1)))",-11.772208062900313
"and(three(2,unique),one(high,(0)))",-11.772208062900313
"and(three(2,unique),one(medium,(2)))",-11.772208062900313
"and(three(2,unique),one(medium,(1)))",-11.772208062900313
"and(three(2,unique),one(medium,(0)))",-11.772208062900313
"and(three(2,unique),one(low,(2)))",-11.772208062900313
"and(three(2,unique),one(low,(1)))",-11.772208062900313
"and(three(2,unique),one(low,(0)))",-11.772208062900313
"and(three(2,unique),one(triangle,(2)))",-11.772208062900313
"and(three(2,unique),one(triangle,(1)))",-11.772208062900313
"and(three(2,unique),one(triangle,(0)))",-11.772208062900313
"and(three(2,unique),one(circle,(2)))",-11.772208062900313
"and(three(2,unique),one(circle,(1)))",-11.772208062900313
"and(three(2,unique),one(circle,(0)))",-11.772208062900313
"and(three(2,unique),one(square,(2)))",-11.772208062900313
"and(three(2,unique),one(square,(1)))",-11.772208062900313
"and(three(2,unique),one(square,(0)))",-11.772208062900313
"and(two(stripes,(0,1)),two(2,unique))",-11.772208062900313
"and(two(stripes,(0,1)),two(3,same))",-11.772208062900313
"and(two(stripes,(0,1)),two(3,unique))",-11.772208062900313
"and(two(stripes,(0,1)),three(1,same))",-11.772208062900313
"and(three(2,same),two(medium,(1,2)))",-11.772208062900313
"and(three(2,same),two(medium,(0,1)))",-11.772208062900313
"and(two(stripes,(0,2)),two(1,unique))",-11.772208062900313
"and(one(low,(0)),three(1,same))",-11.772208062900313
"and(three(2,same),one(triangle,(0)))",-11.772208062900313
"and(three(2,same),one(circle,(2)))",-11.772208062900313
"and(three(2,same),one(circle,(1)))",-11.772208062900313
"and(three(2,same),one(circle,(0)))",-11.772208062900313
"and(three(2,same),one(square,(2)))",-11.772208062900313
"and(three(2,same),one(square,(1)))",-11.772208062900313
"and(three(2,same),one(square,(0)))",-11.772208062900313
"and(one(medium,(1)),three(3,same))",-11.772208062900313
"and(one(medium,(1)),three(3,unique))",-11.772208062900313
"and(one(low,(0)),three(3,same))",-11.772208062900313
"and(one(low,(0)),three(2,unique))",-11.772208062900313
"and(one(low,(0)),three(2,same))",-11.772208062900313
"and(one(low,(0)),three(1,unique))",-11.772208062900313
"and(one(low,(0)),two(3,unique))",-11.772208062900313
"and(three(2,same),two(low,(1,2)))",-11.772208062900313
"and(one(low,(0)),two(3,same))",-11.772208062900313
"and(one(low,(0)),two(2,unique))",-11.772208062900313
"and(one(low,(0)),two(2,same))",-11.772208062900313
"and(one(low,(0)),two(1,unique))",-11.772208062900313
"and(one(low,(0)),two(1,same))",-11.772208062900313
"and(one(triangle,(0)),two(same,(0,1)))",-11.772208062900313
"and(one(plain,(1)),two(same,(1,2)))",-11.772208062900313
"and(one(triangle,(0)),two(same,(0,2)))",-11.772208062900313
"and(one(triangle,(0)),two(same,(1,2)))",-11.772208062900313
"and(one(triangle,(0)),two(unique,(0,1)))",-11.772208062900313
"and(one(triangle,(0)),two(unique,(0,2)))",-11.772208062900313
"and(one(triangle,(0)),two(unique,(1,2)))",-11.772208062900313
"and(two(stripes,(0,2)),two(1,same))",-11.772208062900313
"and(three(2,same),one(triangle,(1)))",-11.772208062900313
"and(three(2,same),one(triangle,(2)))",-11.772208062900313
"and(three(2,same),one(low,(0)))",-11.772208062900313
"and(three(2,same),one(low,(1)))",-11.772208062900313
"and(three(2,same),two(low,(0,2)))",-11.772208062900313
"and(three(2,same),two(low,(0,1)))",-11.772208062900313
"and(three(2,same),two(triangle,(1,2)))",-11.772208062900313
"and(three(2,same),two(triangle,(0,2)))",-11.772208062900313
"and(three(2,same),two(triangle,(0,1)))",-11.772208062900313
"and(three(2,same),two(circle,(1,2)))",-11.772208062900313
"and(three(2,same),two(circle,(0,2)))",-11.772208062900313
"and(three(2,same),two(circle,(0,1)))",-11.772208062900313
"and(three(2,same),two(square,(1,2)))",-11.772208062900313
"and(three(2,same),two(square,(0,2)))",-11.772208062900313
"and(three(2,same),two(square,(0,1)))",-11.772208062900313
"and(three(2,same),one(dots,(2)))",-11.772208062900313
"and(three(2,same),one(dots,(1)))",-11.772208062900313
"and(three(2,same),one(dots,(0)))",-11.772208062900313
"and(three(2,same),one(stripes,(2)))",-11.772208062900313
"and(three(2,same),one(stripes,(1)))",-11.772208062900313
"and(three(2,same),one(stripes,(0)))",-11.772208062900313
"and(three(2,same),one(plain,(2)))",-11.772208062900313
"and(three(2,same),one(plain,(1)))",-11.772208062900313
"and(three(2,same),one(plain,(0)))",-11.772208062900313
"and(three(2,same),one(high,(2)))",-11.772208062900313
"and(three(2,same),one(high,(1)))",-11.772208062900313
"and(three(2,same),one(high,(0)))",-11.772208062900313
"and(three(2,same),one(medium,(2)))",-11.772208062900313
"and(three(2,same),one(medium,(1)))",-11.772208062900313
"and(three(2,same),one(medium,(0)))",-11.772208062900313
"and(three(2,same),one(low,(2)))",-11.772208062900313
"and(three(3,unique),two(triangle,(0,1)))",-11.772208062900313
"and(two(plain,(0,2)),two(2,same))",-11.772208062900313
"and(three(3,unique),two(triangle,(1,2)))",-11.772208062900313
"and(three(3,unique),two(low,(0,1)))",-11.772208062900313
"and(two(medium,(0,2)),two(unique,(0,1)))",-11.772208062900313
"and(two(medium,(0,2)),two(unique,(0,2)))",-11.772208062900313
"and(two(medium,(0,2)),two(unique,(1,2)))",-11.772208062900313
"and(two(low,(0,2)),two(3,unique))",-11.772208062900313
"and(two(low,(0,2)),two(3,same))",-11.772208062900313
"and(two(low,(0,2)),two(2,unique))",-11.772208062900313
"and(two(low,(0,2)),two(2,same))",-11.772208062900313
"and(two(low,(0,2)),two(1,unique))",-11.772208062900313
"and(two(low,(0,2)),two(1,same))",-11.772208062900313
"and(two(square,(1,2)),two(same,(0,1)))",-11.772208062900313
"and(two(square,(1,2)),two(same,(0,2)))",-11.772208062900313
"and(two(square,(1,2)),two(same,(1,2)))",-11.772208062900313
"and(two(square,(1,2)),two(unique,(0,1)))",-11.772208062900313
"and(two(square,(1,2)),two(unique,(0,2)))",-11.772208062900313
"and(two(square,(1,2)),two(unique,(1,2)))",-11.772208062900313
"and(one(circle,(0)),three(3,unique))",-11.772208062900313
"and(one(circle,(0)),three(3,same))",-11.772208062900313
"and(one(circle,(0)),three(2,unique))",-11.772208062900313
"and(one(circle,(0)),three(2,same))",-11.772208062900313
"and(one(circle,(0)),three(1,unique))",-11.772208062900313
"and(one(circle,(0)),three(1,same))",-11.772208062900313
"and(one(circle,(0)),two(3,unique))",-11.772208062900313
"and(one(circle,(0)),two(3,same))",-11.772208062900313
"and(one(circle,(0)),two(2,unique))",-11.772208062900313
"and(one(circle,(0)),two(2,same))",-11.772208062900313
"and(one(circle,(0)),two(1,unique))",-11.772208062900313
"and(one(circle,(0)),two(1,same))",-11.772208062900313
"and(two(square,(0,1)),two(unique,(1,2)))",-11.772208062900313
"and(one(high,(2)),two(unique,(0,1)))",-11.772208062900313
"and(two(medium,(0,2)),two(same,(1,2)))",-11.772208062900313
"and(two(medium,(0,2)),two(same,(0,2)))",-11.772208062900313
"and(two(medium,(0,2)),two(same,(0,1)))",-11.772208062900313
"and(two(low,(0,2)),three(2,unique))",-11.772208062900313
"and(two(square,(0,2)),two(1,same))",-11.772208062900313
"and(one(high,(2)),three(3,unique))",-11.772208062900313
"and(one(high,(2)),two(same,(0,1)))",-11.772208062900313
"and(one(high,(2)),two(same,(0,2)))",-11.772208062900313
"and(one(high,(2)),two(same,(1,2)))",-11.772208062900313
"and(two(low,(0,2)),three(3,unique))",-11.772208062900313
"and(one(low,(1)),two(same,(0,1)))",-11.772208062900313
"and(one(low,(1)),two(same,(0,2)))",-11.772208062900313
"and(one(low,(1)),two(same,(1,2)))",-11.772208062900313
"and(one(low,(1)),two(unique,(0,1)))",-11.772208062900313
"and(one(low,(1)),two(unique,(0,2)))",-11.772208062900313
"and(one(low,(1)),two(unique,(1,2)))",-11.772208062900313
"and(two(low,(0,2)),three(3,same))",-11.772208062900313
"and(two(low,(0,2)),three(2,same))",-11.772208062900313
"and(two(medium,(0,2)),three(3,unique))",-11.772208062900313
"and(two(low,(0,2)),three(1,unique))",-11.772208062900313
"and(two(low,(0,2)),three(1,same))",-11.772208062900313
"and(two(medium,(0,2)),two(1,same))",-11.772208062900313
"and(two(medium,(0,2)),two(1,unique))",-11.772208062900313
"and(two(medium,(0,2)),two(2,same))",-11.772208062900313
"and(two(medium,(0,2)),two(2,unique))",-11.772208062900313
"and(two(medium,(0,2)),two(3,same))",-11.772208062900313
"and(two(medium,(0,2)),two(3,unique))",-11.772208062900313
"and(two(medium,(0,2)),three(1,same))",-11.772208062900313
"and(two(medium,(0,2)),three(1,unique))",-11.772208062900313
"and(two(medium,(0,2)),three(2,same))",-11.772208062900313
"and(two(medium,(0,2)),three(2,unique))",-11.772208062900313
"and(two(medium,(0,2)),three(3,same))",-11.772208062900313
"and(one(high,(2)),two(unique,(0,2)))",-11.772208062900313
"and(one(high,(2)),two(unique,(1,2)))",-11.772208062900313
"and(two(square,(0,1)),two(unique,(0,2)))",-11.772208062900313
"and(two(square,(0,1)),two(3,unique))",-11.772208062900313
"and(one(low,(2)),three(2,unique))",-11.772208062900313
"and(one(low,(2)),three(3,same))",-11.772208062900313
"and(one(low,(2)),three(3,unique))",-11.772208062900313
"and(two(square,(0,1)),two(unique,(0,1)))",-11.772208062900313
"and(two(square,(0,1)),two(same,(1,2)))",-11.772208062900313
"and(two(square,(0,1)),two(same,(0,2)))",-11.772208062900313
"and(two(square,(0,1)),two(same,(0,1)))",-11.772208062900313
"and(two(square,(0,1)),three(3,unique))",-11.772208062900313
"and(two(square,(0,1)),three(3,same))",-11.772208062900313
"and(two(square,(0,1)),three(2,unique))",-11.772208062900313
"and(two(square,(0,1)),three(2,same))",-11.772208062900313
"and(two(square,(0,1)),three(1,unique))",-11.772208062900313
"and(two(square,(0,1)),three(1,same))",-11.772208062900313
"and(two(square,(0,1)),two(3,same))",-11.772208062900313
"and(one(low,(2)),three(1,unique))",-11.772208062900313
"and(two(square,(0,1)),two(2,unique))",-11.772208062900313
"and(two(square,(0,1)),two(2,same))",-11.772208062900313
"and(two(square,(0,1)),two(1,unique))",-11.772208062900313
"and(two(square,(0,1)),two(1,same))",-11.772208062900313
"and(one(low,(0)),two(unique,(1,2)))",-11.772208062900313
"and(one(low,(0)),two(unique,(0,2)))",-11.772208062900313
"and(one(low,(0)),two(unique,(0,1)))",-11.772208062900313
"and(one(low,(0)),two(same,(1,2)))",-11.772208062900313
"and(one(low,(0)),two(same,(0,2)))",-11.772208062900313
"and(one(low,(0)),two(same,(0,1)))",-11.772208062900313
"and(two(high,(0,1)),two(1,same))",-11.772208062900313
"and(two(high,(0,1)),two(1,unique))",-11.772208062900313
"and(two(high,(0,1)),two(2,same))",-11.772208062900313
"and(one(low,(2)),three(2,same))",-11.772208062900313
"and(one(low,(2)),three(1,same))",-11.772208062900313
"and(one(low,(2)),two(1,same))",-11.772208062900313
"and(two(medium,(1,2)),three(2,unique))",-11.772208062900313
"and(one(low,(2)),two(1,unique))",-11.772208062900313
"and(one(low,(2)),two(2,same))",-11.772208062900313
"and(one(low,(2)),two(2,unique))",-11.772208062900313
"and(one(low,(2)),two(3,same))",-11.772208062900313
"and(two(medium,(1,2)),two(1,same))",-11.772208062900313
"and(two(medium,(1,2)),two(1,unique))",-11.772208062900313
"and(two(medium,(1,2)),two(2,same))",-11.772208062900313
"and(two(medium,(1,2)),two(2,unique))",-11.772208062900313
"and(two(medium,(1,2)),two(3,same))",-11.772208062900313
"and(two(medium,(1,2)),two(3,unique))",-11.772208062900313
"and(two(medium,(1,2)),three(1,same))",-11.772208062900313
"and(two(medium,(1,2)),three(1,unique))",-11.772208062900313
"and(two(medium,(1,2)),three(2,same))",-11.772208062900313
"and(two(medium,(1,2)),three(3,same))",-11.772208062900313
"and(one(low,(2)),two(3,unique))",-11.772208062900313
"and(two(medium,(1,2)),three(3,unique))",-11.772208062900313
"and(two(medium,(1,2)),two(same,(0,1)))",-11.772208062900313
"and(two(medium,(1,2)),two(same,(0,2)))",-11.772208062900313
"and(one(square,(2)),two(unique,(1,2)))",-11.772208062900313
"and(one(square,(2)),two(unique,(0,2)))",-11.772208062900313
"and(one(square,(2)),two(unique,(0,1)))",-11.772208062900313
"and(one(square,(2)),two(same,(1,2)))",-11.772208062900313
"and(one(square,(2)),two(same,(0,2)))",-11.772208062900313
"and(one(square,(2)),two(same,(0,1)))",-11.772208062900313
"and(two(medium,(1,2)),two(same,(1,2)))",-11.772208062900313
"and(two(medium,(1,2)),two(unique,(0,1)))",-11.772208062900313
"and(two(medium,(1,2)),two(unique,(0,2)))",-11.772208062900313
"and(two(medium,(1,2)),two(unique,(1,2)))",-11.772208062900313
"and(two(square,(0,2)),two(1,unique))",-11.772208062900313
"and(two(square,(0,2)),two(2,same))",-11.772208062900313
"and(two(square,(0,2)),two(2,unique))",-11.772208062900313
"and(two(low,(1,2)),two(unique,(0,2)))",-11.772208062900313
"and(two(low,(1,2)),two(2,unique))",-11.772208062900313
"and(two(low,(1,2)),two(3,same))",-11.772208062900313
"and(two(low,(1,2)),two(3,unique))",-11.772208062900313
"and(two(low,(1,2)),three(1,same))",-11.772208062900313
"and(two(low,(1,2)),three(1,unique))",-11.772208062900313
"and(two(low,(1,2)),three(2,same))",-11.772208062900313
"and(two(low,(1,2)),three(2,unique))",-11.772208062900313
"and(two(low,(1,2)),three(3,same))",-11.772208062900313
"and(two(low,(1,2)),three(3,unique))",-11.772208062900313
"and(two(low,(1,2)),two(same,(0,1)))",-11.772208062900313
"and(two(low,(1,2)),two(same,(0,2)))",-11.772208062900313
"and(two(low,(1,2)),two(same,(1,2)))",-11.772208062900313
"and(two(low,(1,2)),two(unique,(0,1)))",-11.772208062900313
"and(two(low,(1,2)),two(unique,(1,2)))",-11.772208062900313
"and(two(low,(1,2)),two(1,unique))",-11.772208062900313
"and(one(high,(2)),three(3,same))",-11.772208062900313
"and(two(square,(1,2)),three(1,same))",-11.772208062900313
"and(two(square,(1,2)),three(1,unique))",-11.772208062900313
"and(two(square,(1,2)),three(2,same))",-11.772208062900313
"and(two(square,(1,2)),three(2,unique))",-11.772208062900313
"and(two(square,(1,2)),three(3,same))",-11.772208062900313
"and(two(square,(1,2)),three(3,unique))",-11.772208062900313
"and(two(low,(0,2)),two(unique,(1,2)))",-11.772208062900313
"and(two(low,(0,2)),two(unique,(0,2)))",-11.772208062900313
"and(two(low,(0,2)),two(unique,(0,1)))",-11.772208062900313
"and(two(low,(0,2)),two(same,(1,2)))",-11.772208062900313
"and(two(low,(0,2)),two(same,(0,2)))",-11.772208062900313
"and(two(low,(0,2)),two(same,(0,1)))",-11.772208062900313
"and(two(low,(1,2)),two(2,same))",-11.772208062900313
"and(two(low,(1,2)),two(1,same))",-11.772208062900313
"and(one(high,(2)),two(1,unique))",-11.772208062900313
"and(one(low,(1)),two(3,unique))",-11.772208062900313
"and(two(square,(1,2)),two(2,unique))",-11.772208062900313
"and(two(square,(1,2)),two(2,same))",-11.772208062900313
"and(two(square,(1,2)),two(1,unique))",-11.772208062900313
"and(two(square,(1,2)),two(1,same))",-11.772208062900313
"and(one(high,(2)),two(2,unique))",-11.772208062900313
"and(one(high,(2)),two(3,same))",-11.772208062900313
"and(one(high,(2)),two(3,unique))",-11.772208062900313
"and(one(high,(2)),three(1,same))",-11.772208062900313
"and(one(low,(1)),two(1,same))",-11.772208062900313
"and(one(low,(1)),two(1,unique))",-11.772208062900313
"and(one(low,(1)),two(2,same))",-11.772208062900313
"and(one(low,(1)),two(2,unique))",-11.772208062900313
"and(one(low,(1)),two(3,same))",-11.772208062900313
"and(one(circle,(1)),two(unique,(1,2)))",-11.772208062900313
"and(one(high,(2)),three(2,unique))",-11.772208062900313
"and(one(circle,(1)),two(unique,(0,2)))",-11.772208062900313
"and(one(circle,(1)),two(unique,(0,1)))",-11.772208062900313
"and(one(circle,(1)),two(same,(1,2)))",-11.772208062900313
"and(one(circle,(1)),two(same,(0,2)))",-11.772208062900313
"and(one(circle,(1)),two(same,(0,1)))",-11.772208062900313
"and(one(low,(1)),three(1,same))",-11.772208062900313
"and(one(low,(1)),three(1,unique))",-11.772208062900313
"and(one(low,(1)),three(2,same))",-11.772208062900313
"and(one(low,(1)),three(2,unique))",-11.772208062900313
"and(one(low,(1)),three(3,same))",-11.772208062900313
"and(one(low,(1)),three(3,unique))",-11.772208062900313
"and(one(high,(2)),three(1,unique))",-11.772208062900313
"and(one(high,(2)),three(2,same))",-11.772208062900313
"and(one(high,(2)),two(2,same))",-11.772208062900313
"and(one(high,(2)),two(1,same))",-11.772208062900313
"and(two(square,(0,2)),two(3,same))",-11.772208062900313
"and(two(square,(0,2)),two(same,(0,2)))",-11.772208062900313
"and(two(medium,(0,1)),three(1,same))",-11.772208062900313
"and(two(medium,(0,1)),three(1,unique))",-11.772208062900313
"and(two(medium,(0,1)),three(2,same))",-11.772208062900313
"and(two(medium,(0,1)),three(2,unique))",-11.772208062900313
"and(two(medium,(0,1)),three(3,same))",-11.772208062900313
"and(two(medium,(0,1)),three(3,unique))",-11.772208062900313
"and(two(medium,(0,1)),two(same,(0,1)))",-11.772208062900313
"and(two(medium,(0,1)),two(same,(0,2)))",-11.772208062900313
"and(two(medium,(0,1)),two(same,(1,2)))",-11.772208062900313
"and(two(medium,(0,1)),two(unique,(0,1)))",-11.772208062900313
"and(two(medium,(0,1)),two(unique,(0,2)))",-11.772208062900313
"and(two(medium,(0,1)),two(unique,(1,2)))",-11.772208062900313
"and(two(square,(0,2)),two(same,(1,2)))",-11.772208062900313
"and(two(square,(0,2)),two(same,(0,1)))",-11.772208062900313
"and(two(medium,(0,1)),two(3,same))",-11.772208062900313
"and(two(square,(0,2)),three(3,unique))",-11.772208062900313
"and(two(square,(0,2)),three(3,same))",-11.772208062900313
"and(two(square,(0,2)),three(2,unique))",-11.772208062900313
"and(two(square,(0,2)),three(2,same))",-11.772208062900313
"and(two(square,(0,2)),three(1,unique))",-11.772208062900313
"and(two(square,(0,2)),three(1,same))",-11.772208062900313
"and(one(circle,(0)),two(unique,(1,2)))",-11.772208062900313
"and(one(circle,(0)),two(unique,(0,2)))",-11.772208062900313
"and(one(circle,(0)),two(unique,(0,1)))",-11.772208062900313
"and(one(circle,(0)),two(same,(1,2)))",-11.772208062900313
"and(one(circle,(0)),two(same,(0,2)))",-11.772208062900313
"and(one(circle,(0)),two(same,(0,1)))",-11.772208062900313
"and(two(square,(0,2)),two(3,unique))",-11.772208062900313
"and(two(medium,(0,1)),two(3,unique))",-11.772208062900313
"and(two(medium,(0,1)),two(2,unique))",-11.772208062900313
"and(one(circle,(2)),two(1,same))",-11.772208062900313
"and(one(circle,(1)),three(2,same))",-11.772208062900313
"and(one(circle,(2)),two(1,unique))",-11.772208062900313
"and(one(circle,(2)),two(2,same))",-11.772208062900313
"and(one(circle,(2)),two(2,unique))",-11.772208062900313
"and(one(circle,(2)),two(3,same))",-11.772208062900313
"and(one(circle,(2)),two(3,unique))",-11.772208062900313
"and(one(circle,(2)),three(1,same))",-11.772208062900313
"and(one(circle,(2)),three(1,unique))",-11.772208062900313
"and(one(circle,(2)),three(2,same))",-11.772208062900313
"and(one(circle,(2)),three(2,unique))",-11.772208062900313
"and(one(circle,(2)),three(3,same))",-11.772208062900313
"and(one(circle,(1)),three(3,unique))",-11.772208062900313
"and(one(circle,(1)),three(3,same))",-11.772208062900313
"and(one(circle,(1)),three(2,unique))",-11.772208062900313
"and(one(circle,(1)),three(1,unique))",-11.772208062900313
"and(two(medium,(0,1)),two(2,same))",-11.772208062900313
"and(one(circle,(1)),three(1,same))",-11.772208062900313
"and(one(circle,(1)),two(3,unique))",-11.772208062900313
"and(one(circle,(1)),two(3,same))",-11.772208062900313
"and(one(circle,(1)),two(2,unique))",-11.772208062900313
"and(one(circle,(1)),two(2,same))",-11.772208062900313
"and(one(circle,(1)),two(1,unique))",-11.772208062900313
"and(one(circle,(1)),two(1,same))",-11.772208062900313
"and(one(circle,(2)),three(3,unique))",-11.772208062900313
"and(two(square,(0,2)),two(unique,(1,2)))",-11.772208062900313
"and(two(square,(0,2)),two(unique,(0,2)))",-11.772208062900313
"and(two(square,(0,2)),two(unique,(0,1)))",-11.772208062900313
"and(two(medium,(0,1)),two(1,same))",-11.772208062900313
"and(two(medium,(0,1)),two(1,unique))",-11.772208062900313
"and(two(high,(0,1)),two(2,unique))",-11.772208062900313
"and(two(high,(0,1)),two(3,same))",-11.772208062900313
"and(two(high,(0,1)),two(3,unique))",-11.772208062900313
"and(one(dots,(1)),two(same,(0,2)))",-11.772208062900313
"and(two(plain,(0,1)),three(2,same))",-11.772208062900313
"and(two(plain,(0,1)),three(2,unique))",-11.772208062900313
"and(two(plain,(0,1)),three(3,same))",-11.772208062900313
"and(two(plain,(0,1)),three(3,unique))",-11.772208062900313
"and(two(plain,(0,1)),two(same,(0,1)))",-11.772208062900313
"and(two(plain,(0,1)),two(same,(0,2)))",-11.772208062900313
"and(two(plain,(0,1)),two(same,(1,2)))",-11.772208062900313
"and(two(plain,(0,1)),two(unique,(0,1)))",-11.772208062900313
"and(two(plain,(0,1)),two(unique,(0,2)))",-11.772208062900313
"and(two(plain,(0,1)),two(unique,(1,2)))",-11.772208062900313
"and(one(dots,(1)),two(unique,(0,2)))",-11.772208062900313
"and(one(dots,(1)),two(unique,(0,1)))",-11.772208062900313
"and(one(dots,(1)),two(same,(1,2)))",-11.772208062900313
"and(one(dots,(1)),two(same,(0,1)))",-11.772208062900313
"and(two(plain,(0,1)),three(1,same))",-11.772208062900313
"and(one(dots,(1)),three(3,unique))",-11.772208062900313
"and(one(dots,(1)),three(3,same))",-11.772208062900313
"and(one(dots,(1)),three(2,unique))",-11.772208062900313
"and(one(dots,(1)),three(2,same))",-11.772208062900313
"and(one(dots,(1)),three(1,unique))",-11.772208062900313
"and(one(dots,(1)),three(1,same))",-11.772208062900313
"and(one(dots,(1)),two(3,unique))",-11.772208062900313
"and(one(dots,(1)),two(3,same))",-11.772208062900313
"and(one(dots,(1)),two(2,unique))",-11.772208062900313
"and(one(dots,(1)),two(2,same))",-11.772208062900313
"and(one(dots,(1)),two(1,unique))",-11.772208062900313
"and(one(dots,(1)),two(1,same))",-11.772208062900313
"and(one(triangle,(0)),two(1,same))",-11.772208062900313
"and(two(plain,(0,1)),three(1,unique))",-11.772208062900313
"and(two(plain,(0,1)),two(3,unique))",-11.772208062900313
"and(one(triangle,(0)),two(2,same))",-11.772208062900313
"and(one(square,(0)),two(same,(1,2)))",-11.772208062900313
"and(one(medium,(0)),two(2,unique))",-11.772208062900313
"and(one(medium,(0)),two(3,same))",-11.772208062900313
"and(one(medium,(0)),two(3,unique))",-11.772208062900313
"and(one(medium,(0)),three(1,same))",-11.772208062900313
"and(one(medium,(0)),three(1,unique))",-11.772208062900313
"and(one(medium,(0)),three(2,same))",-11.772208062900313
"and(one(medium,(0)),three(2,unique))",-11.772208062900313
"and(one(medium,(0)),three(3,same))",-11.772208062900313
"and(one(medium,(0)),three(3,unique))",-11.772208062900313
"and(two(circle,(0,1)),two(1,same))",-11.772208062900313
"and(one(square,(0)),two(unique,(1,2)))",-11.772208062900313
"and(one(square,(0)),two(unique,(0,2)))",-11.772208062900313
"and(one(square,(0)),two(unique,(0,1)))",-11.772208062900313
"and(one(square,(0)),two(same,(0,2)))",-11.772208062900313
"and(two(plain,(0,1)),two(3,same))",-11.772208062900313
"and(one(square,(0)),two(same,(0,1)))",-11.772208062900313
"and(two(circle,(0,1)),two(1,unique))",-11.772208062900313
"and(two(circle,(0,1)),two(2,same))",-11.772208062900313
"and(two(circle,(0,1)),two(2,unique))",-11.772208062900313
"and(two(circle,(0,1)),two(3,same))",-11.772208062900313
"and(two(circle,(0,1)),two(3,unique))",-11.772208062900313
"and(two(circle,(0,1)),three(1,same))",-11.772208062900313
"and(two(circle,(0,1)),three(1,unique))",-11.772208062900313
"and(one(dots,(1)),two(unique,(1,2)))",-11.772208062900313
"and(two(plain,(0,1)),two(1,same))",-11.772208062900313
"and(two(plain,(0,1)),two(1,unique))",-11.772208062900313
"and(two(plain,(0,1)),two(2,same))",-11.772208062900313
"and(two(plain,(0,1)),two(2,unique))",-11.772208062900313
"and(one(triangle,(0)),two(1,unique))",-11.772208062900313
"and(one(square,(0)),three(3,unique))",-11.772208062900313
"and(one(medium,(0)),two(1,unique))",-11.772208062900313
"and(three(3,unique),two(dots,(0,1)))",-11.772208062900313
"and(one(triangle,(0)),three(1,unique))",-11.772208062900313
"and(one(triangle,(0)),three(2,same))",-11.772208062900313
"and(one(triangle,(0)),three(2,unique))",-11.772208062900313
"and(one(triangle,(0)),three(3,same))",-11.772208062900313
"and(one(triangle,(0)),three(3,unique))",-11.772208062900313
"and(two(circle,(0,1)),three(2,same))",-11.772208062900313
"and(two(circle,(0,1)),three(2,unique))",-11.772208062900313
"and(two(circle,(0,1)),three(3,same))",-11.772208062900313
"and(two(circle,(0,1)),three(3,unique))",-11.772208062900313
"and(two(circle,(0,1)),two(same,(0,1)))",-11.772208062900313
"and(two(circle,(0,1)),two(same,(0,2)))",-11.772208062900313
"and(three(3,unique),two(dots,(1,2)))",-11.772208062900313
"and(three(3,unique),two(dots,(0,2)))",-11.772208062900313
"and(three(3,unique),two(stripes,(1,2)))",-11.772208062900313
"and(two(plain,(0,2)),two(unique,(1,2)))",-11.772208062900313
"and(three(3,unique),two(stripes,(0,2)))",-11.772208062900313
"and(three(3,unique),two(stripes,(0,1)))",-11.772208062900313
"and(three(3,unique),two(plain,(1,2)))",-11.772208062900313
"and(three(3,unique),two(plain,(0,2)))",-11.772208062900313
"and(three(3,unique),two(plain,(0,1)))",-11.772208062900313
"and(three(3,unique),two(high,(1,2)))",-11.772208062900313
"and(three(3,unique),two(high,(0,2)))",-11.772208062900313
"and(three(3,unique),two(high,(0,1)))",-11.772208062900313
"and(three(3,unique),two(medium,(1,2)))",-11.772208062900313
"and(three(3,unique),two(medium,(0,2)))",-11.772208062900313
"and(three(3,unique),two(medium,(0,1)))",-11.772208062900313
"and(three(3,unique),two(low,(1,2)))",-11.772208062900313
"and(three(3,unique),two(low,(0,2)))",-11.772208062900313
"and(one(triangle,(0)),three(1,same))",-11.772208062900313
"and(two(plain,(0,2)),two(unique,(0,2)))",-11.772208062900313
"and(one(square,(0)),three(3,same))",-11.772208062900313
"and(two(plain,(0,2)),two(1,same))",-11.772208062900313
"and(one(square,(0)),three(2,unique))",-11.772208062900313
"and(one(square,(0)),three(2,same))",-11.772208062900313
"and(one(square,(0)),three(1,unique))",-11.772208062900313
"and(one(square,(0)),three(1,same))",-11.772208062900313
"and(one(square,(0)),two(3,unique))",-11.772208062900313
"and(one(square,(0)),two(3,same))",-11.772208062900313
"and(one(square,(0)),two(2,unique))",-11.772208062900313
"and(one(square,(0)),two(2,same))",-11.772208062900313
"and(one(square,(0)),two(1,unique))",-11.772208062900313
"and(one(square,(0)),two(1,same))",-11.772208062900313
"and(one(triangle,(0)),two(2,unique))",-11.772208062900313
"and(one(triangle,(0)),two(3,same))",-11.772208062900313
"and(one(triangle,(0)),two(3,unique))",-11.772208062900313
"and(two(plain,(0,2)),two(1,unique))",-11.772208062900313
"and(two(plain,(0,2)),two(unique,(0,1)))",-11.772208062900313
"and(three(1,same),two(medium,(0,1)))",-11.772208062900313
"and(two(plain,(0,2)),two(2,unique))",-11.772208062900313
"and(two(plain,(0,2)),two(3,same))",-11.772208062900313
"and(two(plain,(0,2)),two(3,unique))",-11.772208062900313
"and(two(plain,(0,2)),three(1,same))",-11.772208062900313
"and(two(plain,(0,2)),three(1,unique))",-11.772208062900313
"and(two(plain,(0,2)),three(2,same))",-11.772208062900313
"and(two(plain,(0,2)),three(2,unique))",-11.772208062900313
"and(two(plain,(0,2)),three(3,same))",-11.772208062900313
"and(two(plain,(0,2)),three(3,unique))",-11.772208062900313
"and(two(plain,(0,2)),two(same,(0,1)))",-11.772208062900313
"and(two(plain,(0,2)),two(same,(0,2)))",-11.772208062900313
"and(two(plain,(0,2)),two(same,(1,2)))",-11.772208062900313
"and(one(medium,(0)),two(2,same))",-11.772208062900313
"and(one(medium,(0)),two(1,same))",-11.772208062900313
"and(two(high,(0,1)),three(1,same))",-11.772208062900313
"and(one(low,(2)),two(same,(0,1)))",-11.772208062900313
"and(two(low,(0,1)),three(2,same))",-11.772208062900313
"and(two(low,(0,1)),three(1,unique))",-11.772208062900313
"and(one(circle,(2)),two(same,(0,1)))",-11.772208062900313
"and(one(circle,(2)),two(same,(0,2)))",-11.772208062900313
"and(one(circle,(2)),two(same,(1,2)))",-11.772208062900313
"and(one(circle,(2)),two(unique,(0,1)))",-11.772208062900313
"and(one(dots,(2)),two(unique,(1,2)))",-11.772208062900313
"and(one(dots,(2)),two(unique,(0,2)))",-11.772208062900313
"and(one(dots,(2)),two(unique,(0,1)))",-11.772208062900313
"and(one(dots,(2)),two(same,(1,2)))",-11.772208062900313
"and(one(dots,(2)),two(same,(0,2)))",-11.772208062900313
"and(one(dots,(2)),two(same,(0,1)))",-11.772208062900313
"and(one(dots,(2)),three(3,unique))",-11.772208062900313
"and(two(high,(0,2)),two(1,same))",-11.772208062900313
"and(two(low,(0,1)),three(3,same))",-11.772208062900313
"and(one(square,(1)),two(unique,(1,2)))",-11.772208062900313
"and(one(square,(1)),two(unique,(0,2)))",-11.772208062900313
"and(one(square,(1)),two(unique,(0,1)))",-11.772208062900313
"and(one(square,(1)),two(same,(1,2)))",-11.772208062900313
"and(one(square,(1)),two(same,(0,2)))",-11.772208062900313
"and(one(square,(1)),two(same,(0,1)))",-11.772208062900313
"and(two(high,(0,2)),two(1,unique))",-11.772208062900313
"and(two(high,(0,2)),two(2,same))",-11.772208062900313
"and(two(high,(0,2)),two(2,unique))",-11.772208062900313
"and(two(high,(0,2)),two(3,same))",-11.772208062900313
"and(two(high,(0,2)),two(3,unique))",-11.772208062900313
"and(two(high,(0,2)),three(1,same))",-11.772208062900313
"and(two(high,(0,2)),three(1,unique))",-11.772208062900313
"and(two(low,(0,1)),three(2,unique))",-11.772208062900313
"and(two(low,(0,1)),three(3,unique))",-11.772208062900313
"and(two(high,(0,2)),three(2,unique))",-11.772208062900313
"and(one(square,(2)),three(2,unique))",-11.772208062900313
"and(two(high,(0,1)),three(1,unique))",-11.772208062900313
"and(two(high,(0,1)),three(2,same))",-11.772208062900313
"and(two(high,(0,1)),three(2,unique))",-11.772208062900313
"and(two(high,(0,1)),three(3,same))",-11.772208062900313
"and(two(high,(0,1)),three(3,unique))",-11.772208062900313
"and(two(high,(0,1)),two(same,(0,1)))",-11.772208062900313
"and(two(high,(0,1)),two(same,(0,2)))",-11.772208062900313
"and(two(high,(0,1)),two(same,(1,2)))",-11.772208062900313
"and(two(high,(0,1)),two(unique,(0,1)))",-11.772208062900313
"and(two(high,(0,1)),two(unique,(0,2)))",-11.772208062900313
"and(two(high,(0,1)),two(unique,(1,2)))",-11.772208062900313
"and(one(square,(2)),three(3,unique))",-11.772208062900313
"and(one(square,(2)),three(3,same))",-11.772208062900313
"and(one(square,(2)),three(2,same))",-11.772208062900313
"and(two(low,(0,1)),two(same,(0,1)))",-11.772208062900313
"and(one(square,(2)),three(1,unique))",-11.772208062900313
"and(one(square,(2)),three(1,same))",-11.772208062900313
"and(one(square,(2)),two(3,unique))",-11.772208062900313
"and(one(square,(2)),two(3,same))",-11.772208062900313
"and(one(square,(2)),two(2,unique))",-11.772208062900313
"and(one(square,(2)),two(2,same))",-11.772208062900313
"and(one(square,(2)),two(1,unique))",-11.772208062900313
"and(one(square,(2)),two(1,same))",-11.772208062900313
"and(two(low,(0,1)),two(unique,(1,2)))",-11.772208062900313
"and(two(low,(0,1)),two(unique,(0,2)))",-11.772208062900313
"and(two(low,(0,1)),two(unique,(0,1)))",-11.772208062900313
"and(two(low,(0,1)),two(same,(1,2)))",-11.772208062900313
"and(two(low,(0,1)),two(same,(0,2)))",-11.772208062900313
"and(two(high,(0,2)),three(2,same))",-11.772208062900313
"and(two(high,(0,2)),three(3,same))",-11.772208062900313
"and(two(high,(1,2)),two(unique,(1,2)))",-11.772208062900313
"and(one(square,(1)),two(2,unique))",-11.772208062900313
"and(two(high,(1,2)),two(1,unique))",-11.772208062900313
"and(two(high,(1,2)),two(2,same))",-11.772208062900313
"and(two(high,(1,2)),two(2,unique))",-11.772208062900313
"and(two(high,(1,2)),two(3,same))",-11.772208062900313
"and(two(high,(1,2)),two(3,unique))",-11.772208062900313
"and(one(square,(1)),three(3,unique))",-11.772208062900313
"and(one(square,(1)),three(3,same))",-11.772208062900313
"and(one(square,(1)),three(2,unique))",-11.772208062900313
"and(one(square,(1)),three(2,same))",-11.772208062900313
"and(one(square,(1)),three(1,unique))",-11.772208062900313
"and(one(square,(1)),three(1,same))",-11.772208062900313
"and(one(square,(1)),two(3,unique))",-11.772208062900313
"and(one(square,(1)),two(3,same))",-11.772208062900313
"and(one(square,(1)),two(2,same))",-11.772208062900313
"and(two(low,(0,1)),two(1,same))",-11.772208062900313
"and(one(square,(1)),two(1,unique))",-11.772208062900313
"and(one(square,(1)),two(1,same))",-11.772208062900313
"and(two(high,(1,2)),three(1,same))",-11.772208062900313
"and(two(high,(1,2)),three(1,unique))",-11.772208062900313
"and(two(high,(1,2)),three(2,same))",-11.772208062900313
"and(two(high,(1,2)),three(2,unique))",-11.772208062900313
"and(two(high,(1,2)),three(3,same))",-11.772208062900313
"and(two(high,(1,2)),three(3,unique))",-11.772208062900313
"and(two(high,(1,2)),two(same,(0,1)))",-11.772208062900313
"and(two(high,(1,2)),two(same,(0,2)))",-11.772208062900313
"and(two(high,(1,2)),two(same,(1,2)))",-11.772208062900313
"and(two(high,(1,2)),two(unique,(0,1)))",-11.772208062900313
"and(two(high,(1,2)),two(unique,(0,2)))",-11.772208062900313
"and(two(high,(1,2)),two(1,same))",-11.772208062900313
"and(two(low,(0,1)),two(1,unique))",-11.772208062900313
"and(two(high,(0,2)),three(3,unique))",-11.772208062900313
"and(one(dots,(2)),three(2,same))",-11.772208062900313
"and(two(high,(0,2)),two(same,(0,1)))",-11.772208062900313
"and(two(high,(0,2)),two(same,(0,2)))",-11.772208062900313
"and(two(high,(0,2)),two(same,(1,2)))",-11.772208062900313
"and(two(high,(0,2)),two(unique,(0,1)))",-11.772208062900313
"and(two(high,(0,2)),two(unique,(0,2)))",-11.772208062900313
"and(two(high,(0,2)),two(unique,(1,2)))",-11.772208062900313
"and(one(low,(2)),two(same,(0,2)))",-11.772208062900313
"and(one(low,(2)),two(same,(1,2)))",-11.772208062900313
"and(one(low,(2)),two(unique,(0,1)))",-11.772208062900313
"and(one(low,(2)),two(unique,(0,2)))",-11.772208062900313
"and(one(low,(2)),two(unique,(1,2)))",-11.772208062900313
"and(one(dots,(2)),three(3,same))",-11.772208062900313
"and(one(dots,(2)),three(2,unique))",-11.772208062900313
"and(one(dots,(2)),three(1,unique))",-11.772208062900313
"and(two(low,(0,1)),two(2,same))",-11.772208062900313
"and(one(dots,(2)),three(1,same))",-11.772208062900313
"and(one(dots,(2)),two(3,unique))",-11.772208062900313
"and(one(dots,(2)),two(3,same))",-11.772208062900313
"and(one(dots,(2)),two(2,unique))",-11.772208062900313
"and(one(dots,(2)),two(2,same))",-11.772208062900313
"and(one(dots,(2)),two(1,unique))",-11.772208062900313
"and(one(dots,(2)),two(1,same))",-11.772208062900313
"and(one(circle,(2)),two(unique,(0,2)))",-11.772208062900313
"and(one(circle,(2)),two(unique,(1,2)))",-11.772208062900313
"and(two(low,(0,1)),three(1,same))",-11.772208062900313
"and(two(low,(0,1)),two(3,unique))",-11.772208062900313
"and(two(low,(0,1)),two(3,same))",-11.772208062900313
"and(two(low,(0,1)),two(2,unique))",-11.772208062900313
"and(three(1,same),two(medium,(0,2)))",-11.772208062900313
"and(three(1,same),one(medium,(1)))",-11.772208062900313
"and(three(1,same),two(low,(1,2)))",-11.772208062900313
"and(two(same,(0,1)),one(plain,(2)))",-11.772208062900313
"and(two(same,(0,1)),one(triangle,(1)))",-11.772208062900313
"and(two(same,(0,1)),one(triangle,(2)))",-11.772208062900313
"and(two(same,(0,1)),one(low,(0)))",-11.772208062900313
"and(two(same,(0,1)),one(low,(1)))",-11.772208062900313
"and(two(same,(0,1)),one(low,(2)))",-11.772208062900313
"and(two(same,(0,1)),one(medium,(0)))",-11.772208062900313
"and(two(same,(0,1)),one(medium,(1)))",-11.772208062900313
"and(two(same,(0,1)),one(medium,(2)))",-11.772208062900313
"and(two(same,(0,1)),one(high,(0)))",-11.772208062900313
"and(two(same,(0,1)),one(high,(1)))",-11.772208062900313
"and(two(same,(0,1)),one(high,(2)))",-11.772208062900313
"and(two(same,(0,1)),one(plain,(0)))",-11.772208062900313
"and(two(same,(0,1)),one(plain,(1)))",-11.772208062900313
"and(two(same,(0,1)),one(stripes,(0)))",-11.772208062900313
"and(two(same,(0,1)),one(circle,(2)))",-11.772208062900313
"and(two(same,(0,1)),one(stripes,(1)))",-11.772208062900313
"and(two(same,(0,1)),one(stripes,(2)))",-11.772208062900313
"and(two(same,(0,1)),one(dots,(0)))",-11.772208062900313
"and(two(same,(0,1)),one(dots,(1)))",-11.772208062900313
"and(two(same,(0,1)),one(dots,(2)))",-11.772208062900313
"and(two(same,(0,1)),two(square,(0,1)))",-11.772208062900313
"and(two(same,(0,1)),two(square,(0,2)))",-11.772208062900313
"and(two(same,(0,1)),two(square,(1,2)))",-11.772208062900313
"and(two(same,(0,1)),two(circle,(0,1)))",-11.772208062900313
"and(two(unique,(0,2)),two(stripes,(1,2)))",-11.772208062900313
"and(two(unique,(0,2)),two(stripes,(0,2)))",-11.772208062900313
"and(two(unique,(0,2)),two(stripes,(0,1)))",-11.772208062900313
"and(two(unique,(0,2)),two(plain,(1,2)))",-11.772208062900313
"and(two(same,(0,1)),one(triangle,(0)))",-11.772208062900313
"and(two(same,(0,1)),one(circle,(1)))",-11.772208062900313
"and(two(1,same),one(circle,(0)))",-11.772208062900313
"and(two(circle,(0,2)),three(3,same))",-11.772208062900313
"and(two(1,same),one(square,(1)))",-11.772208062900313
"and(two(1,same),one(square,(0)))",-11.772208062900313
"and(one(stripes,(0)),two(3,same))",-11.772208062900313
"and(one(stripes,(0)),two(2,unique))",-11.772208062900313
"and(one(stripes,(0)),two(2,same))",-11.772208062900313
"and(one(stripes,(0)),two(1,unique))",-11.772208062900313
"and(one(medium,(2)),two(same,(0,1)))",-11.772208062900313
"and(one(medium,(2)),two(same,(0,2)))",-11.772208062900313
"and(one(medium,(2)),two(same,(1,2)))",-11.772208062900313
"and(one(medium,(2)),two(unique,(0,1)))",-11.772208062900313
"and(one(medium,(2)),two(unique,(0,2)))",-11.772208062900313
"and(one(medium,(2)),two(unique,(1,2)))",-11.772208062900313
"and(one(stripes,(0)),two(1,same))",-11.772208062900313
"and(two(circle,(0,2)),three(3,unique))",-11.772208062900313
"and(two(same,(0,1)),one(circle,(0)))",-11.772208062900313
"and(two(circle,(0,2)),two(same,(0,1)))",-11.772208062900313
"and(two(circle,(0,2)),two(same,(0,2)))",-11.772208062900313
"and(two(circle,(0,2)),two(same,(1,2)))",-11.772208062900313
"and(two(circle,(0,2)),two(unique,(0,1)))",-11.772208062900313
"and(two(circle,(0,2)),two(unique,(0,2)))",-11.772208062900313
"and(one(triangle,(1)),two(same,(0,1)))",-11.772208062900313
"and(one(triangle,(1)),two(same,(0,2)))",-11.772208062900313
"and(one(triangle,(1)),two(same,(1,2)))",-11.772208062900313
"and(one(triangle,(1)),two(unique,(0,1)))",-11.772208062900313
"and(one(triangle,(1)),two(unique,(0,2)))",-11.772208062900313
"and(two(same,(0,1)),one(square,(0)))",-11.772208062900313
"and(two(same,(0,1)),one(square,(1)))",-11.772208062900313
"and(two(same,(0,1)),one(square,(2)))",-11.772208062900313
"and(two(unique,(0,2)),two(plain,(0,2)))",-11.772208062900313
"and(two(unique,(0,2)),two(plain,(0,1)))",-11.772208062900313
"and(two(unique,(0,2)),two(high,(1,2)))",-11.772208062900313
"and(two(unique,(0,2)),one(stripes,(2)))",-11.772208062900313
"and(two(same,(0,1)),two(high,(0,2)))",-11.772208062900313
"and(two(same,(0,1)),two(high,(1,2)))",-11.772208062900313
"and(two(same,(0,1)),two(plain,(0,1)))",-11.772208062900313
"and(two(same,(0,1)),two(plain,(0,2)))",-11.772208062900313
"and(two(same,(0,1)),two(plain,(1,2)))",-11.772208062900313
"and(two(same,(0,1)),two(stripes,(0,1)))",-11.772208062900313
"and(two(same,(0,1)),two(stripes,(0,2)))",-11.772208062900313
"and(two(same,(0,1)),two(stripes,(1,2)))",-11.772208062900313
"and(two(same,(0,1)),two(dots,(0,1)))",-11.772208062900313
"and(two(same,(0,1)),two(dots,(0,2)))",-11.772208062900313
"and(two(same,(0,1)),two(dots,(1,2)))",-11.772208062900313
"and(one(triangle,(1)),two(unique,(1,2)))",-11.772208062900313
"and(two(circle,(0,2)),two(unique,(1,2)))",-11.772208062900313
"and(two(unique,(0,2)),one(stripes,(1)))",-11.772208062900313
"and(two(unique,(0,2)),two(high,(0,2)))",-11.772208062900313
"and(two(unique,(0,2)),one(stripes,(0)))",-11.772208062900313
"and(two(unique,(0,2)),one(plain,(2)))",-11.772208062900313
"and(two(unique,(0,2)),one(plain,(1)))",-11.772208062900313
"and(two(unique,(0,2)),one(plain,(0)))",-11.772208062900313
"and(two(unique,(0,2)),one(high,(2)))",-11.772208062900313
"and(two(unique,(0,2)),one(high,(1)))",-11.772208062900313
"and(two(unique,(0,2)),one(high,(0)))",-11.772208062900313
"and(two(unique,(0,2)),one(medium,(2)))",-11.772208062900313
"and(two(unique,(0,2)),one(medium,(1)))",-11.772208062900313
"and(two(unique,(0,2)),one(medium,(0)))",-11.772208062900313
"and(two(unique,(0,2)),one(low,(2)))",-11.772208062900313
"and(two(unique,(0,2)),one(low,(1)))",-11.772208062900313
"and(two(unique,(0,2)),one(low,(0)))",-11.772208062900313
"and(two(same,(0,1)),two(high,(0,1)))",-11.772208062900313
"and(two(same,(0,1)),two(medium,(1,2)))",-11.772208062900313
"and(two(same,(0,1)),two(medium,(0,2)))",-11.772208062900313
"and(two(same,(0,1)),two(medium,(0,1)))",-11.772208062900313
"and(two(unique,(0,2)),two(high,(0,1)))",-11.772208062900313
"and(two(unique,(0,2)),two(medium,(1,2)))",-11.772208062900313
"and(two(unique,(0,2)),two(medium,(0,2)))",-11.772208062900313
"and(two(unique,(0,2)),two(medium,(0,1)))",-11.772208062900313
"and(two(unique,(0,2)),two(low,(1,2)))",-11.772208062900313
"and(two(unique,(0,2)),two(low,(0,2)))",-11.772208062900313
"and(two(unique,(0,2)),two(low,(0,1)))",-11.772208062900313
"and(two(unique,(0,2)),two(triangle,(1,2)))",-11.772208062900313
"and(two(unique,(0,2)),two(triangle,(0,2)))",-11.772208062900313
"and(two(unique,(0,2)),two(triangle,(0,1)))",-11.772208062900313
"and(two(unique,(0,2)),two(circle,(1,2)))",-11.772208062900313
"and(two(unique,(0,2)),two(circle,(0,2)))",-11.772208062900313
"and(two(unique,(0,2)),two(circle,(0,1)))",-11.772208062900313
"and(two(unique,(0,2)),two(square,(1,2)))",-11.772208062900313
"and(two(unique,(0,2)),two(square,(0,2)))",-11.772208062900313
"and(two(unique,(0,2)),two(square,(0,1)))",-11.772208062900313
"and(two(unique,(0,2)),one(dots,(2)))",-11.772208062900313
"and(two(unique,(0,2)),one(dots,(1)))",-11.772208062900313
"and(two(unique,(0,2)),one(dots,(0)))",-11.772208062900313
"and(two(same,(0,1)),two(circle,(0,2)))",-11.772208062900313
"and(two(same,(0,1)),two(circle,(1,2)))",-11.772208062900313
"and(two(same,(0,1)),two(triangle,(0,1)))",-11.772208062900313
"and(two(same,(0,1)),two(triangle,(0,2)))",-11.772208062900313
"and(two(same,(0,1)),two(triangle,(1,2)))",-11.772208062900313
"and(two(same,(0,1)),two(low,(0,1)))",-11.772208062900313
"and(two(same,(0,1)),two(low,(0,2)))",-11.772208062900313
"and(two(same,(0,1)),two(low,(1,2)))",-11.772208062900313
"and(two(1,same),one(square,(2)))",-11.772208062900313
"and(two(1,same),one(circle,(1)))",-11.772208062900313
"and(two(1,unique),two(high,(1,2)))",-11.772208062900313
"and(two(dots,(1,2)),two(unique,(1,2)))",-11.772208062900313
"and(two(1,unique),one(low,(1)))",-11.772208062900313
"and(two(1,unique),one(low,(0)))",-11.772208062900313
"and(two(1,unique),one(triangle,(2)))",-11.772208062900313
"and(two(1,unique),one(triangle,(1)))",-11.772208062900313
"and(two(1,unique),one(triangle,(0)))",-11.772208062900313
"and(two(1,unique),one(circle,(2)))",-11.772208062900313
"and(two(1,unique),one(circle,(1)))",-11.772208062900313
"and(two(1,unique),one(circle,(0)))",-11.772208062900313
"and(two(1,unique),one(square,(2)))",-11.772208062900313
"and(two(1,unique),one(square,(1)))",-11.772208062900313
"and(two(1,unique),one(square,(0)))",-11.772208062900313
"and(two(dots,(1,2)),two(unique,(0,1)))",-11.772208062900313
"and(two(dots,(1,2)),two(unique,(0,2)))",-11.772208062900313
"and(two(triangle,(0,1)),three(3,unique))",-11.772208062900313
"and(two(1,unique),one(medium,(0)))",-11.772208062900313
"and(two(triangle,(0,1)),three(3,same))",-11.772208062900313
"and(two(triangle,(0,1)),three(2,unique))",-11.772208062900313
"and(two(triangle,(0,1)),three(2,same))",-11.772208062900313
"and(two(triangle,(0,1)),three(1,unique))",-11.772208062900313
"and(two(triangle,(0,1)),three(1,same))",-11.772208062900313
"and(two(triangle,(0,1)),two(3,unique))",-11.772208062900313
"and(one(stripes,(0)),two(unique,(1,2)))",-11.772208062900313
"and(one(stripes,(0)),two(unique,(0,2)))",-11.772208062900313
"and(one(stripes,(0)),two(unique,(0,1)))",-11.772208062900313
"and(one(stripes,(0)),two(same,(1,2)))",-11.772208062900313
"and(one(stripes,(0)),two(same,(0,2)))",-11.772208062900313
"and(one(stripes,(0)),two(same,(0,1)))",-11.772208062900313
"and(one(stripes,(0)),three(3,unique))",-11.772208062900313
"and(two(1,unique),one(low,(2)))",-11.772208062900313
"and(two(1,unique),one(medium,(1)))",-11.772208062900313
"and(two(1,same),one(circle,(2)))",-11.772208062900313
"and(two(1,unique),two(square,(1,2)))",-11.772208062900313
"and(two(1,unique),two(high,(0,1)))",-11.772208062900313
"and(two(1,unique),two(medium,(1,2)))",-11.772208062900313
"and(two(1,unique),two(medium,(0,2)))",-11.772208062900313
"and(two(1,unique),two(medium,(0,1)))",-11.772208062900313
"and(two(1,unique),two(low,(1,2)))",-11.772208062900313
"and(two(1,unique),two(low,(0,2)))",-11.772208062900313
"and(two(1,unique),two(low,(0,1)))",-11.772208062900313
"and(two(1,unique),two(triangle,(1,2)))",-11.772208062900313
"and(two(1,unique),two(triangle,(0,2)))",-11.772208062900313
"and(two(1,unique),two(triangle,(0,1)))",-11.772208062900313
"and(two(1,unique),two(circle,(1,2)))",-11.772208062900313
"and(two(1,unique),two(circle,(0,2)))",-11.772208062900313
"and(two(1,unique),two(circle,(0,1)))",-11.772208062900313
"and(two(1,unique),two(square,(0,2)))",-11.772208062900313
"and(two(1,unique),one(medium,(2)))",-11.772208062900313
"and(two(1,unique),two(square,(0,1)))",-11.772208062900313
"and(two(1,unique),one(dots,(2)))",-11.772208062900313
"and(two(1,unique),one(dots,(1)))",-11.772208062900313
"and(two(1,unique),one(dots,(0)))",-11.772208062900313
"and(two(1,unique),one(stripes,(2)))",-11.772208062900313
"and(two(1,unique),one(stripes,(1)))",-11.772208062900313
"and(two(1,unique),one(stripes,(0)))",-11.772208062900313
"and(two(1,unique),one(plain,(2)))",-11.772208062900313
"and(three(1,same),two(low,(0,2)))",-11.772208062900313
"and(two(1,unique),one(plain,(0)))",-11.772208062900313
"and(two(1,unique),one(high,(2)))",-11.772208062900313
"and(two(1,unique),one(high,(1)))",-11.772208062900313
"and(two(1,unique),one(high,(0)))",-11.772208062900313
"and(one(stripes,(0)),three(3,same))",-11.772208062900313
"and(one(stripes,(0)),three(2,unique))",-11.772208062900313
"and(one(stripes,(0)),three(2,same))",-11.772208062900313
"and(two(1,same),one(plain,(2)))",-11.772208062900313
"and(two(1,same),two(triangle,(0,1)))",-11.772208062900313
"and(two(1,same),two(circle,(1,2)))",-11.772208062900313
"and(two(1,same),two(circle,(0,2)))",-11.772208062900313
"and(two(1,same),two(circle,(0,1)))",-11.772208062900313
"and(two(1,same),two(square,(1,2)))",-11.772208062900313
"and(two(1,same),two(square,(0,2)))",-11.772208062900313
"and(two(1,same),two(square,(0,1)))",-11.772208062900313
"and(two(1,same),one(dots,(2)))",-11.772208062900313
"and(two(1,same),one(dots,(1)))",-11.772208062900313
"and(two(1,same),one(dots,(0)))",-11.772208062900313
"and(two(1,same),one(stripes,(2)))",-11.772208062900313
"and(two(1,same),one(stripes,(1)))",-11.772208062900313
"and(two(1,same),one(stripes,(0)))",-11.772208062900313
"and(two(1,same),one(plain,(1)))",-11.772208062900313
"and(one(stripes,(0)),three(1,unique))",-11.772208062900313
"and(two(1,same),one(plain,(0)))",-11.772208062900313
"and(two(1,same),one(high,(2)))",-11.772208062900313
"and(two(1,same),one(high,(1)))",-11.772208062900313
"and(two(1,same),one(high,(0)))",-11.772208062900313
"and(two(1,same),one(medium,(2)))",-11.772208062900313
"and(two(1,same),one(medium,(1)))",-11.772208062900313
"and(two(1,same),one(medium,(0)))",-11.772208062900313
"and(two(1,same),one(low,(2)))",-11.772208062900313
"and(two(1,same),one(low,(1)))",-11.772208062900313
"and(two(1,same),one(low,(0)))",-11.772208062900313
"and(two(1,same),one(triangle,(2)))",-11.772208062900313
"and(two(1,same),one(triangle,(1)))",-11.772208062900313
"and(two(1,same),one(triangle,(0)))",-11.772208062900313
"and(two(1,same),two(triangle,(0,2)))",-11.772208062900313
"and(two(1,same),two(triangle,(1,2)))",-11.772208062900313
"and(two(1,same),two(low,(0,1)))",-11.772208062900313
"and(two(1,same),two(low,(0,2)))",-11.772208062900313
"and(one(stripes,(0)),three(1,same))",-11.772208062900313
"and(one(stripes,(0)),two(3,unique))",-11.772208062900313
"and(two(triangle,(0,1)),two(3,same))",-11.772208062900313
"and(two(triangle,(0,1)),two(2,unique))",-11.772208062900313
"and(two(triangle,(0,1)),two(2,same))",-11.772208062900313
"and(two(triangle,(0,1)),two(1,unique))",-11.772208062900313
"and(two(triangle,(0,1)),two(1,same))",-11.772208062900313
"and(two(circle,(0,2)),three(2,unique))",-11.772208062900313
"and(two(unique,(0,2)),two(dots,(1,2)))",-11.772208062900313
"and(two(unique,(0,2)),two(dots,(0,2)))",-11.772208062900313
"and(two(unique,(0,2)),two(dots,(0,1)))",-11.772208062900313
"and(two(1,same),two(dots,(1,2)))",-11.772208062900313
"and(two(1,same),two(dots,(0,2)))",-11.772208062900313
"and(two(1,same),two(dots,(0,1)))",-11.772208062900313
"and(two(1,same),two(stripes,(1,2)))",-11.772208062900313
"and(two(1,same),two(stripes,(0,2)))",-11.772208062900313
"and(two(1,same),two(stripes,(0,1)))",-11.772208062900313
"and(two(1,same),two(plain,(1,2)))",-11.772208062900313
"and(two(1,same),two(plain,(0,2)))",-11.772208062900313
"and(two(1,same),two(plain,(0,1)))",-11.772208062900313
"and(two(1,same),two(high,(1,2)))",-11.772208062900313
"and(two(1,same),two(high,(0,2)))",-11.772208062900313
"and(two(1,same),two(high,(0,1)))",-11.772208062900313
"and(two(1,same),two(medium,(1,2)))",-11.772208062900313
"and(two(1,same),two(medium,(0,2)))",-11.772208062900313
"and(two(1,same),two(medium,(0,1)))",-11.772208062900313
"and(two(1,same),two(low,(1,2)))",-11.772208062900313
"and(two(unique,(0,2)),one(triangle,(2)))",-11.772208062900313
"and(two(unique,(0,2)),one(triangle,(1)))",-11.772208062900313
"and(two(unique,(0,2)),one(triangle,(0)))",-11.772208062900313
"and(two(same,(1,2)),two(low,(1,2)))",-11.772208062900313
"and(two(same,(1,2)),one(dots,(1)))",-11.772208062900313
"and(two(same,(1,2)),one(dots,(2)))",-11.772208062900313
"and(two(same,(1,2)),two(square,(0,1)))",-11.772208062900313
"and(two(same,(1,2)),two(square,(0,2)))",-11.772208062900313
"and(two(same,(1,2)),two(square,(1,2)))",-11.772208062900313
"and(two(same,(1,2)),two(circle,(0,1)))",-11.772208062900313
"and(two(same,(1,2)),two(circle,(0,2)))",-11.772208062900313
"and(two(same,(1,2)),two(circle,(1,2)))",-11.772208062900313
"and(two(same,(1,2)),two(triangle,(0,1)))",-11.772208062900313
"and(two(same,(1,2)),two(triangle,(0,2)))",-11.772208062900313
"and(two(same,(1,2)),two(triangle,(1,2)))",-11.772208062900313
"and(two(same,(1,2)),two(low,(0,1)))",-11.772208062900313
"and(two(same,(1,2)),two(low,(0,2)))",-11.772208062900313
"and(two(same,(1,2)),two(medium,(0,1)))",-11.772208062900313
"and(two(same,(1,2)),one(stripes,(2)))",-11.772208062900313
"and(two(same,(1,2)),two(medium,(0,2)))",-11.772208062900313
"and(two(unique,(0,1)),two(circle,(0,2)))",-11.772208062900313
"and(two(unique,(0,1)),two(circle,(0,1)))",-11.772208062900313
"and(two(unique,(0,1)),two(square,(1,2)))",-11.772208062900313
"and(two(unique,(0,1)),two(square,(0,2)))",-11.772208062900313
"and(two(unique,(0,1)),two(square,(0,1)))",-11.772208062900313
"and(two(unique,(0,1)),one(dots,(2)))",-11.772208062900313
"and(two(unique,(0,1)),one(dots,(1)))",-11.772208062900313
"and(two(unique,(0,1)),one(dots,(0)))",-11.772208062900313
"and(two(unique,(0,1)),one(stripes,(2)))",-11.772208062900313
"and(two(unique,(0,1)),one(stripes,(1)))",-11.772208062900313
"and(two(unique,(0,1)),one(stripes,(0)))",-11.772208062900313
"and(two(unique,(0,1)),one(plain,(2)))",-11.772208062900313
"and(two(same,(1,2)),one(dots,(0)))",-11.772208062900313
"and(two(same,(1,2)),one(stripes,(1)))",-11.772208062900313
"and(two(unique,(0,2)),one(circle,(2)))",-11.772208062900313
"and(two(same,(1,2)),one(triangle,(0)))",-11.772208062900313
"and(two(unique,(0,1)),two(low,(1,2)))",-11.772208062900313
"and(two(unique,(0,1)),two(low,(0,2)))",-11.772208062900313
"and(two(unique,(0,1)),two(low,(0,1)))",-11.772208062900313
"and(two(unique,(0,1)),two(triangle,(1,2)))",-11.772208062900313
"and(two(unique,(0,1)),two(triangle,(0,2)))",-11.772208062900313
"and(two(unique,(0,1)),two(triangle,(0,1)))",-11.772208062900313
"and(two(unique,(0,1)),two(circle,(1,2)))",-11.772208062900313
"and(two(same,(1,2)),one(square,(0)))",-11.772208062900313
"and(two(same,(1,2)),one(square,(1)))",-11.772208062900313
"and(two(same,(1,2)),one(square,(2)))",-11.772208062900313
"and(two(same,(1,2)),one(circle,(0)))",-11.772208062900313
"and(two(same,(1,2)),one(circle,(1)))",-11.772208062900313
"and(two(same,(1,2)),one(circle,(2)))",-11.772208062900313
"and(two(same,(1,2)),one(triangle,(1)))",-11.772208062900313
"and(two(same,(1,2)),one(stripes,(0)))",-11.772208062900313
"and(two(same,(1,2)),one(triangle,(2)))",-11.772208062900313
"and(two(same,(1,2)),one(low,(0)))",-11.772208062900313
"and(two(same,(1,2)),one(low,(1)))",-11.772208062900313
"and(two(same,(1,2)),one(low,(2)))",-11.772208062900313
"and(two(same,(1,2)),one(medium,(0)))",-11.772208062900313
"and(two(same,(1,2)),one(medium,(1)))",-11.772208062900313
"and(two(same,(1,2)),one(medium,(2)))",-11.772208062900313
"and(two(same,(1,2)),one(high,(0)))",-11.772208062900313
"and(two(same,(1,2)),one(high,(1)))",-11.772208062900313
"and(two(same,(1,2)),one(high,(2)))",-11.772208062900313
"and(two(same,(1,2)),one(plain,(0)))",-11.772208062900313
"and(two(same,(1,2)),one(plain,(1)))",-11.772208062900313
"and(two(same,(1,2)),one(plain,(2)))",-11.772208062900313
"and(two(unique,(0,1)),one(plain,(1)))",-11.772208062900313
"and(two(unique,(0,1)),one(plain,(0)))",-11.772208062900313
"and(two(unique,(0,1)),one(high,(2)))",-11.772208062900313
"and(two(circle,(1,2)),three(3,unique))",-11.772208062900313
"and(one(plain,(1)),two(same,(0,2)))",-11.772208062900313
"and(one(high,(0)),two(unique,(1,2)))",-11.772208062900313
"and(one(high,(0)),two(unique,(0,2)))",-11.772208062900313
"and(one(high,(0)),two(unique,(0,1)))",-11.772208062900313
"and(one(high,(0)),two(same,(1,2)))",-11.772208062900313
"and(one(high,(0)),two(same,(0,2)))",-11.772208062900313
"and(one(triangle,(2)),three(1,unique))",-11.772208062900313
"and(one(triangle,(2)),three(2,same))",-11.772208062900313
"and(one(triangle,(2)),three(2,unique))",-11.772208062900313
"and(one(triangle,(2)),three(3,same))",-11.772208062900313
"and(one(triangle,(2)),three(3,unique))",-11.772208062900313
"and(two(circle,(1,2)),two(same,(0,2)))",-11.772208062900313
"and(two(circle,(1,2)),two(same,(0,1)))",-11.772208062900313
"and(two(circle,(1,2)),three(3,same))",-11.772208062900313
"and(two(unique,(0,1)),one(high,(1)))",-11.772208062900313
"and(two(circle,(1,2)),three(2,unique))",-11.772208062900313
"and(two(circle,(1,2)),three(2,same))",-11.772208062900313
"and(two(circle,(1,2)),three(1,unique))",-11.772208062900313
"and(two(circle,(1,2)),three(1,same))",-11.772208062900313
"and(two(circle,(1,2)),two(3,unique))",-11.772208062900313
"and(two(circle,(1,2)),two(3,same))",-11.772208062900313
"and(two(circle,(1,2)),two(2,unique))",-11.772208062900313
"and(two(circle,(1,2)),two(2,same))",-11.772208062900313
"and(two(circle,(1,2)),two(1,unique))",-11.772208062900313
"and(two(circle,(1,2)),two(1,same))",-11.772208062900313
"and(one(plain,(1)),two(unique,(1,2)))",-11.772208062900313
"and(one(plain,(1)),two(unique,(0,2)))",-11.772208062900313
"and(one(plain,(1)),two(unique,(0,1)))",-11.772208062900313
"and(one(plain,(1)),two(same,(0,1)))",-11.772208062900313
"and(one(plain,(1)),three(3,unique))",-11.772208062900313
"and(two(unique,(0,1)),one(square,(0)))",-11.772208062900313
"and(two(unique,(0,1)),one(square,(1)))",-11.772208062900313
"and(two(unique,(0,1)),one(high,(0)))",-11.772208062900313
"and(two(unique,(0,1)),one(medium,(2)))",-11.772208062900313
"and(two(unique,(0,1)),one(medium,(1)))",-11.772208062900313
"and(two(unique,(0,1)),one(medium,(0)))",-11.772208062900313
"and(two(unique,(0,1)),one(low,(2)))",-11.772208062900313
"and(two(unique,(0,1)),one(low,(1)))",-11.772208062900313
"and(two(unique,(0,1)),one(low,(0)))",-11.772208062900313
"and(two(unique,(0,1)),one(triangle,(2)))",-11.772208062900313
"and(two(unique,(0,1)),one(triangle,(1)))",-11.772208062900313
"and(two(unique,(0,1)),one(triangle,(0)))",-11.772208062900313
"and(two(unique,(0,1)),one(circle,(2)))",-11.772208062900313
"and(two(same,(1,2)),two(medium,(1,2)))",-11.772208062900313
"and(two(same,(1,2)),two(high,(0,1)))",-11.772208062900313
"and(two(same,(1,2)),two(high,(0,2)))",-11.772208062900313
"and(two(same,(1,2)),two(high,(1,2)))",-11.772208062900313
"and(two(same,(1,2)),two(plain,(0,1)))",-11.772208062900313
"and(two(same,(1,2)),two(plain,(0,2)))",-11.772208062900313
"and(two(same,(1,2)),two(plain,(1,2)))",-11.772208062900313
"and(two(same,(1,2)),two(stripes,(0,1)))",-11.772208062900313
"and(two(same,(1,2)),two(stripes,(0,2)))",-11.772208062900313
"and(two(same,(1,2)),two(stripes,(1,2)))",-11.772208062900313
"and(two(same,(1,2)),two(dots,(0,1)))",-11.772208062900313
"and(two(same,(1,2)),two(dots,(0,2)))",-11.772208062900313
"and(two(same,(1,2)),two(dots,(1,2)))",-11.772208062900313
"and(two(unique,(0,1)),one(circle,(1)))",-11.772208062900313
"and(two(unique,(0,1)),one(circle,(0)))",-11.772208062900313
"and(two(unique,(0,1)),one(square,(2)))",-11.772208062900313
"and(two(unique,(0,1)),two(medium,(0,1)))",-11.772208062900313
"and(two(unique,(0,1)),two(medium,(0,2)))",-11.772208062900313
"and(two(unique,(0,1)),two(medium,(1,2)))",-11.772208062900313
"and(two(same,(0,2)),two(triangle,(1,2)))",-11.772208062900313
"and(two(same,(0,2)),one(stripes,(1)))",-11.772208062900313
"and(two(same,(0,2)),one(stripes,(2)))",-11.772208062900313
"and(two(same,(0,2)),one(dots,(0)))",-11.772208062900313
"and(two(same,(0,2)),one(dots,(1)))",-11.772208062900313
"and(two(same,(0,2)),one(dots,(2)))",-11.772208062900313
"and(two(same,(0,2)),two(square,(0,1)))",-11.772208062900313
"and(two(same,(0,2)),two(square,(0,2)))",-11.772208062900313
"and(two(same,(0,2)),two(square,(1,2)))",-11.772208062900313
"and(two(same,(0,2)),two(circle,(0,1)))",-11.772208062900313
"and(two(same,(0,2)),two(circle,(0,2)))",-11.772208062900313
"and(two(same,(0,2)),two(circle,(1,2)))",-11.772208062900313
"and(two(same,(0,2)),two(triangle,(0,1)))",-11.772208062900313
"and(two(same,(0,2)),two(triangle,(0,2)))",-11.772208062900313
"and(two(circle,(1,2)),two(unique,(1,2)))",-11.772208062900313
"and(two(unique,(0,1)),two(dots,(1,2)))",-11.772208062900313
"and(two(circle,(1,2)),two(unique,(0,2)))",-11.772208062900313
"and(two(circle,(1,2)),two(unique,(0,1)))",-11.772208062900313
"and(two(circle,(1,2)),two(same,(1,2)))",-11.772208062900313
"and(one(plain,(1)),two(1,same))",-11.772208062900313
"and(one(plain,(1)),two(1,unique))",-11.772208062900313
"and(one(plain,(1)),two(2,same))",-11.772208062900313
"and(one(plain,(1)),two(2,unique))",-11.772208062900313
"and(one(plain,(1)),two(3,same))",-11.772208062900313
"and(one(plain,(1)),two(3,unique))",-11.772208062900313
"and(one(plain,(1)),three(1,same))",-11.772208062900313
"and(one(plain,(1)),three(1,unique))",-11.772208062900313
"and(one(plain,(1)),three(2,same))",-11.772208062900313
"and(one(plain,(1)),three(2,unique))",-11.772208062900313
"and(two(same,(0,2)),one(stripes,(0)))",-11.772208062900313
"and(two(same,(0,2)),one(plain,(2)))",-11.772208062900313
"and(two(same,(0,2)),one(plain,(1)))",-11.772208062900313
"and(two(same,(0,2)),one(plain,(0)))",-11.772208062900313
"and(two(unique,(0,2)),one(circle,(1)))",-11.772208062900313
"and(two(unique,(0,2)),one(circle,(0)))",-11.772208062900313
"and(two(unique,(0,2)),one(square,(2)))",-11.772208062900313
"and(two(unique,(0,2)),one(square,(1)))",-11.772208062900313
"and(two(unique,(0,2)),one(square,(0)))",-11.772208062900313
"and(one(high,(0)),two(1,same))",-11.772208062900313
"and(one(high,(0)),two(1,unique))",-11.772208062900313
"and(one(high,(0)),two(2,same))",-11.772208062900313
"and(one(high,(0)),two(2,unique))",-11.772208062900313
"and(two(same,(0,2)),one(square,(0)))",-11.772208062900313
"and(two(same,(0,2)),one(square,(1)))",-11.772208062900313
"and(two(same,(0,2)),one(square,(2)))",-11.772208062900313
"and(two(same,(0,2)),one(circle,(0)))",-11.772208062900313
"and(two(same,(0,2)),one(circle,(1)))",-11.772208062900313
"and(two(same,(0,2)),one(circle,(2)))",-11.772208062900313
"and(two(same,(0,2)),one(triangle,(0)))",-11.772208062900313
"and(two(same,(0,2)),one(triangle,(1)))",-11.772208062900313
"and(two(same,(0,2)),one(triangle,(2)))",-11.772208062900313
"and(two(same,(0,2)),one(low,(0)))",-11.772208062900313
"and(two(same,(0,2)),one(low,(1)))",-11.772208062900313
"and(two(same,(0,2)),one(low,(2)))",-11.772208062900313
"and(two(same,(0,2)),one(medium,(0)))",-11.772208062900313
"and(two(same,(0,2)),one(medium,(1)))",-11.772208062900313
"and(two(same,(0,2)),one(medium,(2)))",-11.772208062900313
"and(two(same,(0,2)),one(high,(0)))",-11.772208062900313
"and(two(same,(0,2)),one(high,(1)))",-11.772208062900313
"and(two(same,(0,2)),one(high,(2)))",-11.772208062900313
"and(one(plain,(1)),three(3,same))",-11.772208062900313
"and(two(unique,(0,1)),two(dots,(0,2)))",-11.772208062900313
"and(two(unique,(0,1)),two(high,(0,1)))",-11.772208062900313
"and(one(plain,(2)),two(3,same))",-11.772208062900313
"and(one(plain,(2)),two(unique,(1,2)))",-11.772208062900313
"and(one(plain,(2)),two(unique,(0,2)))",-11.772208062900313
"and(one(plain,(2)),two(unique,(0,1)))",-11.772208062900313
"and(one(plain,(2)),two(same,(1,2)))",-11.772208062900313
"and(one(plain,(2)),two(same,(0,2)))",-11.772208062900313
"and(one(plain,(2)),two(same,(0,1)))",-11.772208062900313
"and(one(plain,(2)),three(3,unique))",-11.772208062900313
"and(one(plain,(2)),three(3,same))",-11.772208062900313
"and(one(plain,(2)),three(2,unique))",-11.772208062900313
"and(one(plain,(2)),three(2,same))",-11.772208062900313
"and(one(plain,(2)),three(1,unique))",-11.772208062900313
"and(one(plain,(2)),three(1,same))",-11.772208062900313
"and(one(plain,(2)),two(3,unique))",-11.772208062900313
"and(one(plain,(2)),two(2,unique))",-11.772208062900313
"and(two(unique,(0,1)),two(dots,(0,1)))",-11.772208062900313
"and(one(plain,(2)),two(2,same))",-11.772208062900313
"and(one(plain,(2)),two(1,unique))",-11.772208062900313
"and(one(plain,(2)),two(1,same))",-11.772208062900313
"and(one(triangle,(2)),two(1,same))",-11.772208062900313
"and(one(triangle,(2)),two(1,unique))",-11.772208062900313
"and(one(triangle,(2)),two(2,same))",-11.772208062900313
"and(one(triangle,(2)),two(2,unique))",-11.772208062900313
"and(one(triangle,(2)),two(3,same))",-11.772208062900313
"and(one(triangle,(2)),two(3,unique))",-11.772208062900313
"and(one(triangle,(2)),three(1,same))",-11.772208062900313
"and(two(unique,(0,1)),two(plain,(0,1)))",-11.772208062900313
"and(two(unique,(0,1)),two(high,(1,2)))",-11.772208062900313
"and(two(unique,(0,1)),two(high,(0,2)))",-11.772208062900313
"and(one(high,(0)),three(3,unique))",-11.772208062900313
"and(one(high,(0)),three(3,same))",-11.772208062900313
"and(one(high,(0)),three(2,unique))",-11.772208062900313
"and(one(high,(0)),three(2,same))",-11.772208062900313
"and(two(unique,(0,1)),two(stripes,(1,2)))",-11.772208062900313
"and(two(unique,(0,1)),two(stripes,(0,2)))",-11.772208062900313
"and(two(unique,(0,1)),two(stripes,(0,1)))",-11.772208062900313
"and(two(unique,(0,1)),two(plain,(1,2)))",-11.772208062900313
"and(two(unique,(0,1)),two(plain,(0,2)))",-11.772208062900313
"and(two(same,(0,2)),two(low,(0,1)))",-11.772208062900313
"and(two(same,(0,2)),two(low,(0,2)))",-11.772208062900313
"and(two(same,(0,2)),two(low,(1,2)))",-11.772208062900313
"and(two(same,(0,2)),two(medium,(0,1)))",-11.772208062900313
"and(two(same,(0,2)),two(medium,(0,2)))",-11.772208062900313
"and(two(same,(0,2)),two(medium,(1,2)))",-11.772208062900313
"and(two(same,(0,2)),two(high,(0,1)))",-11.772208062900313
"and(two(same,(0,2)),two(high,(0,2)))",-11.772208062900313
"and(two(same,(0,2)),two(high,(1,2)))",-11.772208062900313
"and(two(same,(0,2)),two(plain,(0,1)))",-11.772208062900313
"and(two(same,(0,2)),two(plain,(0,2)))",-11.772208062900313
"and(two(same,(0,2)),two(plain,(1,2)))",-11.772208062900313
"and(two(same,(0,2)),two(stripes,(0,1)))",-11.772208062900313
"and(two(same,(0,2)),two(stripes,(0,2)))",-11.772208062900313
"and(two(same,(0,2)),two(stripes,(1,2)))",-11.772208062900313
"and(two(same,(0,2)),two(dots,(0,1)))",-11.772208062900313
"and(two(same,(0,2)),two(dots,(0,2)))",-11.772208062900313
"and(two(same,(0,2)),two(dots,(1,2)))",-11.772208062900313
"and(one(high,(0)),two(3,same))",-11.772208062900313
"and(one(high,(0)),two(3,unique))",-11.772208062900313
"and(one(high,(0)),three(1,same))",-11.772208062900313
"and(one(high,(0)),three(1,unique))",-11.772208062900313
"and(two(1,unique),two(high,(0,2)))",-11.772208062900313
"and(two(1,unique),one(plain,(1)))",-11.772208062900313
"and(two(1,unique),two(plain,(0,1)))",-11.772208062900313
"and(two(dots,(0,1)),three(1,unique))",-11.772208062900313
"and(two(triangle,(0,2)),two(1,same))",-11.772208062900313
"and(one(triangle,(1)),two(1,same))",-11.772208062900313
"and(two(unique,(1,2)),one(triangle,(0)))",-11.772208062900313
"and(two(unique,(1,2)),one(circle,(2)))",-11.772208062900313
"and(two(unique,(1,2)),one(circle,(1)))",-11.772208062900313
"and(two(unique,(1,2)),one(circle,(0)))",-11.772208062900313
"and(two(dots,(0,1)),two(1,same))",-11.772208062900313
"and(two(dots,(0,1)),two(1,unique))",-11.772208062900313
"and(two(dots,(0,1)),two(2,same))",-11.772208062900313
"and(two(dots,(0,1)),two(2,unique))",-11.772208062900313
"and(two(dots,(0,1)),two(3,same))",-11.772208062900313
"and(two(dots,(0,1)),two(3,unique))",-11.772208062900313
"and(two(dots,(0,1)),three(1,same))",-11.772208062900313
"and(two(dots,(0,1)),three(2,same))",-11.772208062900313
"and(two(3,same),two(stripes,(1,2)))",-11.772208062900313
"and(two(dots,(0,1)),three(2,unique))",-11.772208062900313
"and(two(dots,(0,1)),three(3,same))",-11.772208062900313
"and(two(dots,(0,1)),three(3,unique))",-11.772208062900313
"and(two(dots,(0,1)),two(same,(0,1)))",-11.772208062900313
"and(two(dots,(0,1)),two(same,(0,2)))",-11.772208062900313
"and(two(dots,(0,1)),two(same,(1,2)))",-11.772208062900313
"and(two(dots,(0,1)),two(unique,(0,1)))",-11.772208062900313
"and(two(dots,(0,1)),two(unique,(0,2)))",-11.772208062900313
"and(two(dots,(0,1)),two(unique,(1,2)))",-11.772208062900313
"and(one(triangle,(1)),two(1,unique))",-11.772208062900313
"and(one(triangle,(1)),two(2,same))",-11.772208062900313
"and(two(3,same),two(dots,(1,2)))",-11.772208062900313
"and(two(3,same),two(dots,(0,2)))",-11.772208062900313
"and(two(triangle,(0,2)),two(1,unique))",-11.772208062900313
"and(two(triangle,(0,2)),two(2,same))",-11.772208062900313
"and(two(triangle,(0,2)),two(2,unique))",-11.772208062900313
"and(one(medium,(1)),two(unique,(1,2)))",-11.772208062900313
"and(two(3,unique),one(medium,(2)))",-11.772208062900313
"and(two(3,unique),one(medium,(1)))",-11.772208062900313
"and(two(3,unique),one(medium,(0)))",-11.772208062900313
"and(two(3,unique),one(low,(2)))",-11.772208062900313
"and(two(3,unique),one(low,(1)))",-11.772208062900313
"and(two(3,unique),one(low,(0)))",-11.772208062900313
"and(two(3,unique),one(triangle,(2)))",-11.772208062900313
"and(two(3,unique),one(triangle,(1)))",-11.772208062900313
"and(two(3,unique),one(triangle,(0)))",-11.772208062900313
"and(two(3,unique),one(circle,(2)))",-11.772208062900313
"and(two(3,unique),one(circle,(1)))",-11.772208062900313
"and(two(3,unique),one(circle,(0)))",-11.772208062900313
"and(two(3,unique),one(square,(2)))",-11.772208062900313
"and(two(3,unique),one(square,(1)))",-11.772208062900313
"and(two(3,unique),one(square,(0)))",-11.772208062900313
"and(two(unique,(1,2)),one(low,(0)))",-11.772208062900313
"and(two(unique,(1,2)),one(triangle,(2)))",-11.772208062900313
"and(two(unique,(1,2)),one(triangle,(1)))",-11.772208062900313
"and(two(triangle,(0,2)),three(1,unique))",-11.772208062900313
"and(two(triangle,(0,2)),three(1,same))",-11.772208062900313
"and(two(triangle,(0,2)),two(3,unique))",-11.772208062900313
"and(two(triangle,(0,2)),two(3,same))",-11.772208062900313
"and(one(medium,(1)),two(same,(0,1)))",-11.772208062900313
"and(one(medium,(1)),two(same,(0,2)))",-11.772208062900313
"and(one(medium,(1)),two(same,(1,2)))",-11.772208062900313
"and(one(medium,(1)),two(unique,(0,1)))",-11.772208062900313
"and(one(medium,(1)),two(unique,(0,2)))",-11.772208062900313
"and(two(3,same),two(dots,(0,1)))",-11.772208062900313
"and(two(3,same),two(stripes,(0,2)))",-11.772208062900313
"and(one(plain,(0)),two(1,unique))",-11.772208062900313
"and(two(3,same),one(circle,(0)))",-11.772208062900313
"and(two(3,same),one(high,(1)))",-11.772208062900313
"and(two(3,same),one(high,(0)))",-11.772208062900313
"and(two(3,same),one(medium,(2)))",-11.772208062900313
"and(two(3,same),one(medium,(1)))",-11.772208062900313
"and(two(3,same),one(medium,(0)))",-11.772208062900313
"and(two(3,same),one(low,(2)))",-11.772208062900313
"and(two(3,same),one(low,(1)))",-11.772208062900313
"and(two(3,same),one(low,(0)))",-11.772208062900313
"and(two(3,same),one(triangle,(2)))",-11.772208062900313
"and(two(3,same),one(triangle,(1)))",-11.772208062900313
"and(two(3,same),one(triangle,(0)))",-11.772208062900313
"and(two(3,same),one(circle,(2)))",-11.772208062900313
"and(two(3,same),one(circle,(1)))",-11.772208062900313
"and(two(3,same),one(square,(2)))",-11.772208062900313
"and(two(3,same),two(stripes,(0,1)))",-11.772208062900313
"and(two(3,same),one(square,(1)))",-11.772208062900313
"and(two(3,same),one(square,(0)))",-11.772208062900313
"and(one(triangle,(1)),two(2,unique))",-11.772208062900313
"and(one(triangle,(1)),two(3,same))",-11.772208062900313
"and(one(triangle,(1)),two(3,unique))",-11.772208062900313
"and(two(1,unique),two(plain,(0,2)))",-11.772208062900313
"and(one(triangle,(1)),three(1,same))",-11.772208062900313
"and(one(triangle,(1)),three(1,unique))",-11.772208062900313
"and(one(stripes,(1)),two(unique,(1,2)))",-11.772208062900313
"and(one(stripes,(1)),two(unique,(0,2)))",-11.772208062900313
"and(one(stripes,(1)),two(unique,(0,1)))",-11.772208062900313
"and(two(unique,(1,2)),one(square,(2)))",-11.772208062900313
"and(two(unique,(1,2)),one(square,(1)))",-11.772208062900313
"and(two(3,same),one(high,(2)))",-11.772208062900313
"and(two(3,same),one(plain,(0)))",-11.772208062900313
"and(two(3,same),one(plain,(1)))",-11.772208062900313
"and(two(3,same),one(plain,(2)))",-11.772208062900313
"and(two(3,same),two(plain,(1,2)))",-11.772208062900313
"and(two(3,same),two(plain,(0,2)))",-11.772208062900313
"and(two(3,same),two(plain,(0,1)))",-11.772208062900313
"and(two(3,same),two(high,(1,2)))",-11.772208062900313
"and(two(3,same),two(high,(0,2)))",-11.772208062900313
"and(two(3,same),two(high,(0,1)))",-11.772208062900313
"and(two(3,same),two(medium,(1,2)))",-11.772208062900313
"and(two(3,same),two(medium,(0,2)))",-11.772208062900313
"and(two(3,same),two(medium,(0,1)))",-11.772208062900313
"and(two(3,same),two(low,(1,2)))",-11.772208062900313
"and(two(3,same),two(low,(0,2)))",-11.772208062900313
"and(two(3,same),two(low,(0,1)))",-11.772208062900313
"and(two(3,same),two(triangle,(1,2)))",-11.772208062900313
"and(two(3,same),two(triangle,(0,2)))",-11.772208062900313
"and(two(3,same),two(triangle,(0,1)))",-11.772208062900313
"and(two(3,same),two(circle,(1,2)))",-11.772208062900313
"and(two(3,same),two(circle,(0,2)))",-11.772208062900313
"and(two(3,same),two(circle,(0,1)))",-11.772208062900313
"and(two(3,same),two(square,(1,2)))",-11.772208062900313
"and(two(3,same),two(square,(0,2)))",-11.772208062900313
"and(two(3,same),two(square,(0,1)))",-11.772208062900313
"and(two(3,same),one(dots,(2)))",-11.772208062900313
"and(two(3,same),one(dots,(1)))",-11.772208062900313
"and(two(3,same),one(dots,(0)))",-11.772208062900313
"and(two(3,same),one(stripes,(2)))",-11.772208062900313
"and(two(3,same),one(stripes,(1)))",-11.772208062900313
"and(two(3,same),one(stripes,(0)))",-11.772208062900313
"and(two(3,unique),one(high,(0)))",-11.772208062900313
"and(two(3,unique),one(high,(1)))",-11.772208062900313
"and(two(3,unique),one(high,(2)))",-11.772208062900313
"and(two(stripes,(1,2)),two(3,unique))",-11.772208062900313
"and(three(1,same),one(circle,(2)))",-11.772208062900313
"and(three(1,same),one(circle,(1)))",-11.772208062900313
"and(three(1,same),one(circle,(0)))",-11.772208062900313
"and(three(1,same),one(square,(2)))",-11.772208062900313
"and(three(1,same),one(square,(1)))",-11.772208062900313
"and(three(1,same),one(square,(0)))",-11.772208062900313
"and(two(unique,(1,2)),two(triangle,(0,2)))",-11.772208062900313
"and(two(unique,(1,2)),two(triangle,(0,1)))",-11.772208062900313
"and(two(stripes,(1,2)),two(1,same))",-11.772208062900313
"and(two(stripes,(1,2)),two(1,unique))",-11.772208062900313
"and(two(stripes,(1,2)),two(2,same))",-11.772208062900313
"and(two(stripes,(1,2)),two(2,unique))",-11.772208062900313
"and(two(stripes,(1,2)),two(3,same))",-11.772208062900313
"and(two(stripes,(1,2)),three(1,same))",-11.772208062900313
"and(two(3,unique),one(plain,(0)))",-11.772208062900313
"and(two(stripes,(1,2)),three(1,unique))",-11.772208062900313
"and(two(stripes,(1,2)),three(2,same))",-11.772208062900313
"and(two(stripes,(1,2)),three(2,unique))",-11.772208062900313
"and(two(stripes,(1,2)),three(3,same))",-11.772208062900313
"and(two(stripes,(1,2)),three(3,unique))",-11.772208062900313
"and(two(stripes,(1,2)),two(same,(0,1)))",-11.772208062900313
"and(two(stripes,(1,2)),two(same,(0,2)))",-11.772208062900313
"and(two(stripes,(1,2)),two(same,(1,2)))",-11.772208062900313
"and(two(stripes,(1,2)),two(unique,(0,1)))",-11.772208062900313
"and(two(stripes,(1,2)),two(unique,(0,2)))",-11.772208062900313
"and(two(stripes,(1,2)),two(unique,(1,2)))",-11.772208062900313
"and(two(triangle,(0,2)),two(same,(0,2)))",-11.772208062900313
"and(two(triangle,(0,2)),two(same,(0,1)))",-11.772208062900313
"and(three(1,same),one(triangle,(0)))",-11.772208062900313
"and(three(1,same),one(triangle,(1)))",-11.772208062900313
"and(three(1,same),one(triangle,(2)))",-11.772208062900313
"and(three(1,same),one(low,(0)))",-11.772208062900313
"and(three(1,same),two(low,(0,1)))",-11.772208062900313
"and(three(1,same),two(triangle,(1,2)))",-11.772208062900313
"and(three(1,same),two(triangle,(0,2)))",-11.772208062900313
"and(three(1,same),two(triangle,(0,1)))",-11.772208062900313
"and(three(1,same),two(circle,(1,2)))",-11.772208062900313
"and(three(1,same),two(circle,(0,2)))",-11.772208062900313
"and(three(1,same),two(circle,(0,1)))",-11.772208062900313
"and(three(1,same),two(square,(1,2)))",-11.772208062900313
"and(three(1,same),two(square,(0,2)))",-11.772208062900313
"and(three(1,same),two(square,(0,1)))",-11.772208062900313
"and(three(1,same),one(dots,(2)))",-11.772208062900313
"and(three(1,same),one(dots,(1)))",-11.772208062900313
"and(three(1,same),one(dots,(0)))",-11.772208062900313
"and(three(1,same),one(stripes,(2)))",-11.772208062900313
"and(three(1,same),one(stripes,(1)))",-11.772208062900313
"and(three(1,same),one(stripes,(0)))",-11.772208062900313
"and(three(1,same),one(plain,(2)))",-11.772208062900313
"and(three(1,same),one(plain,(1)))",-11.772208062900313
"and(three(1,same),one(plain,(0)))",-11.772208062900313
"and(three(1,same),one(high,(2)))",-11.772208062900313
"and(three(1,same),one(high,(1)))",-11.772208062900313
"and(three(1,same),one(high,(0)))",-11.772208062900313
"and(three(1,same),one(medium,(2)))",-11.772208062900313
"and(two(square,(1,2)),two(3,unique))",-11.772208062900313
"and(three(1,same),one(medium,(0)))",-11.772208062900313
"and(three(1,same),one(low,(2)))",-11.772208062900313
"and(three(1,same),one(low,(1)))",-11.772208062900313
"and(two(triangle,(0,2)),three(3,unique))",-11.772208062900313
"and(two(triangle,(0,2)),three(3,same))",-11.772208062900313
"and(two(triangle,(0,2)),three(2,unique))",-11.772208062900313
"and(two(3,unique),two(plain,(1,2)))",-11.772208062900313
"and(two(3,unique),two(plain,(0,1)))",-11.772208062900313
"and(two(3,unique),two(high,(1,2)))",-11.772208062900313
"and(two(3,unique),two(high,(0,2)))",-11.772208062900313
"and(two(3,unique),two(high,(0,1)))",-11.772208062900313
"and(two(3,unique),two(medium,(1,2)))",-11.772208062900313
"and(two(3,unique),two(medium,(0,2)))",-11.772208062900313
"and(two(3,unique),two(medium,(0,1)))",-11.772208062900313
"and(two(3,unique),two(low,(1,2)))",-11.772208062900313
"and(two(3,unique),two(low,(0,2)))",-11.772208062900313
"and(two(3,unique),two(low,(0,1)))",-11.772208062900313
"and(two(3,unique),two(triangle,(1,2)))",-11.772208062900313
"and(two(3,unique),two(triangle,(0,2)))",-11.772208062900313
"and(two(3,unique),two(triangle,(0,1)))",-11.772208062900313
"and(two(3,unique),two(circle,(1,2)))",-11.772208062900313
"and(two(3,unique),two(circle,(0,2)))",-11.772208062900313
"and(two(3,unique),two(circle,(0,1)))",-11.772208062900313
"and(two(3,unique),two(square,(1,2)))",-11.772208062900313
"and(two(3,unique),two(square,(0,2)))",-11.772208062900313
"and(two(3,unique),two(square,(0,1)))",-11.772208062900313
"and(two(3,unique),one(dots,(2)))",-11.772208062900313
"and(two(3,unique),one(dots,(1)))",-11.772208062900313
"and(two(3,unique),one(dots,(0)))",-11.772208062900313
"and(two(3,unique),one(stripes,(2)))",-11.772208062900313
"and(two(3,unique),one(stripes,(1)))",-11.772208062900313
"and(two(3,unique),one(stripes,(0)))",-11.772208062900313
"and(two(3,unique),one(plain,(2)))",-11.772208062900313
"and(two(3,unique),one(plain,(1)))",-11.772208062900313
"and(two(3,unique),two(plain,(0,2)))",-11.772208062900313
"and(two(3,unique),two(stripes,(0,1)))",-11.772208062900313
"and(two(unique,(1,2)),two(circle,(1,2)))",-11.772208062900313
"and(two(3,unique),two(stripes,(0,2)))",-11.772208062900313
"and(two(unique,(1,2)),two(circle,(0,2)))",-11.772208062900313
"and(two(unique,(1,2)),two(circle,(0,1)))",-11.772208062900313
"and(two(unique,(1,2)),two(square,(1,2)))",-11.772208062900313
"and(two(unique,(1,2)),two(square,(0,2)))",-11.772208062900313
"and(two(unique,(1,2)),two(square,(0,1)))",-11.772208062900313
"and(two(unique,(1,2)),one(dots,(2)))",-11.772208062900313
"and(two(unique,(1,2)),one(dots,(1)))",-11.772208062900313
"and(two(unique,(1,2)),one(dots,(0)))",-11.772208062900313
"and(two(unique,(1,2)),one(stripes,(2)))",-11.772208062900313
"and(two(unique,(1,2)),one(stripes,(1)))",-11.772208062900313
"and(two(unique,(1,2)),one(stripes,(0)))",-11.772208062900313
"and(two(unique,(1,2)),one(plain,(2)))",-11.772208062900313
"and(two(triangle,(0,2)),three(2,same))",-11.772208062900313
"and(two(unique,(1,2)),one(plain,(1)))",-11.772208062900313
"and(two(unique,(1,2)),one(plain,(0)))",-11.772208062900313
"and(two(unique,(1,2)),one(high,(2)))",-11.772208062900313
"and(two(unique,(1,2)),one(high,(1)))",-11.772208062900313
"and(two(unique,(1,2)),one(high,(0)))",-11.772208062900313
"and(two(unique,(1,2)),one(medium,(2)))",-11.772208062900313
"and(two(unique,(1,2)),one(medium,(1)))",-11.772208062900313
"and(two(unique,(1,2)),one(medium,(0)))",-11.772208062900313
"and(two(unique,(1,2)),one(low,(2)))",-11.772208062900313
"and(two(unique,(1,2)),one(low,(1)))",-11.772208062900313
"and(two(3,unique),two(dots,(1,2)))",-11.772208062900313
"and(two(3,unique),two(dots,(0,2)))",-11.772208062900313
"and(two(3,unique),two(dots,(0,1)))",-11.772208062900313
"and(two(3,unique),two(stripes,(1,2)))",-11.772208062900313
"and(two(unique,(1,2)),one(square,(0)))",-11.772208062900313
"and(two(square,(1,2)),two(3,same))",-11.772208062900313
"and(one(plain,(0)),two(2,same))",-11.772208062900313
"and(two(dots,(0,2)),three(1,unique))",-11.772208062900313
"and(one(medium,(2)),three(2,same))",-11.772208062900313
"and(one(medium,(2)),three(2,unique))",-11.772208062900313
"and(one(medium,(2)),three(3,same))",-11.772208062900313
"and(two(dots,(0,2)),two(1,same))",-11.772208062900313
"and(two(dots,(0,2)),two(1,unique))",-11.772208062900313
"and(one(plain,(0)),two(2,unique))",-11.772208062900313
"and(two(2,same),one(square,(1)))",-11.772208062900313
"and(two(dots,(0,2)),two(2,same))",-11.772208062900313
"and(two(dots,(0,2)),two(2,unique))",-11.772208062900313
"and(two(dots,(0,2)),two(3,same))",-11.772208062900313
"and(two(dots,(0,2)),two(3,unique))",-11.772208062900313
"and(two(dots,(0,2)),three(1,same))",-11.772208062900313
"and(two(dots,(0,2)),three(2,same))",-11.772208062900313
"and(one(stripes,(1)),two(2,same))",-11.772208062900313
"and(two(dots,(0,2)),three(2,unique))",-11.772208062900313
"and(two(dots,(0,2)),three(3,same))",-11.772208062900313
"and(two(dots,(0,2)),three(3,unique))",-11.772208062900313
"and(two(dots,(0,2)),two(same,(0,1)))",-11.772208062900313
"and(two(dots,(0,2)),two(same,(0,2)))",-11.772208062900313
"and(two(dots,(0,2)),two(same,(1,2)))",-11.772208062900313
"and(two(dots,(0,2)),two(unique,(0,1)))",-11.772208062900313
"and(two(dots,(0,2)),two(unique,(0,2)))",-11.772208062900313
"and(two(dots,(0,2)),two(unique,(1,2)))",-11.772208062900313
"and(one(medium,(2)),three(3,unique))",-11.772208062900313
"and(one(stripes,(1)),two(3,unique))",-11.772208062900313
"and(one(stripes,(1)),two(3,same))",-11.772208062900313
"and(one(plain,(0)),two(unique,(0,2)))",-11.772208062900313
"and(one(medium,(2)),three(1,unique))",-11.772208062900313
"and(one(medium,(2)),three(1,same))",-11.772208062900313
"and(one(medium,(2)),two(3,unique))",-11.772208062900313
"and(two(2,unique),one(plain,(1)))",-11.772208062900313
"and(two(2,unique),one(plain,(0)))",-11.772208062900313
"and(two(2,unique),one(high,(2)))",-11.772208062900313
"and(two(2,unique),one(high,(1)))",-11.772208062900313
"and(two(2,unique),one(high,(0)))",-11.772208062900313
"and(two(2,unique),one(medium,(2)))",-11.772208062900313
"and(two(2,unique),one(medium,(1)))",-11.772208062900313
"and(two(2,unique),one(medium,(0)))",-11.772208062900313
"and(two(2,unique),one(low,(2)))",-11.772208062900313
"and(two(2,unique),one(low,(1)))",-11.772208062900313
"and(two(circle,(0,2)),two(2,unique))",-11.772208062900313
"and(two(circle,(0,2)),two(2,same))",-11.772208062900313
"and(two(2,unique),one(low,(0)))",-11.772208062900313
"and(two(2,unique),one(triangle,(2)))",-11.772208062900313
"and(two(2,unique),one(triangle,(1)))",-11.772208062900313
"and(two(2,unique),one(triangle,(0)))",-11.772208062900313
"and(two(2,unique),one(circle,(2)))",-11.772208062900313
"and(two(2,unique),one(circle,(1)))",-11.772208062900313
"and(two(2,unique),one(circle,(0)))",-11.772208062900313
"and(two(2,unique),one(square,(2)))",-11.772208062900313
"and(two(2,unique),one(square,(1)))",-11.772208062900313
"and(two(2,unique),one(square,(0)))",-11.772208062900313
"and(two(circle,(0,2)),two(1,unique))",-11.772208062900313
"and(two(circle,(0,2)),two(1,same))",-11.772208062900313
"and(two(2,same),one(square,(0)))",-11.772208062900313
"and(one(stripes,(1)),two(2,unique))",-11.772208062900313
"and(one(stripes,(1)),two(1,unique))",-11.772208062900313
"and(two(2,same),one(low,(1)))",-11.772208062900313
"and(two(2,same),one(dots,(1)))",-11.772208062900313
"and(two(2,same),two(low,(0,2)))",-11.772208062900313
"and(two(2,same),two(low,(0,1)))",-11.772208062900313
"and(two(2,same),two(triangle,(1,2)))",-11.772208062900313
"and(two(2,same),two(triangle,(0,2)))",-11.772208062900313
"and(two(2,same),two(triangle,(0,1)))",-11.772208062900313
"and(two(2,same),two(circle,(1,2)))",-11.772208062900313
"and(two(2,same),two(circle,(0,2)))",-11.772208062900313
"and(two(2,same),two(circle,(0,1)))",-11.772208062900313
"and(two(2,same),two(square,(1,2)))",-11.772208062900313
"and(two(2,same),two(square,(0,2)))",-11.772208062900313
"and(two(2,same),two(square,(0,1)))",-11.772208062900313
"and(two(2,same),one(dots,(2)))",-11.772208062900313
"and(two(2,same),one(dots,(0)))",-11.772208062900313
"and(one(stripes,(1)),two(1,same))",-11.772208062900313
"and(two(2,same),one(stripes,(2)))",-11.772208062900313
"and(two(2,same),one(stripes,(1)))",-11.772208062900313
"and(two(2,same),one(stripes,(0)))",-11.772208062900313
"and(two(2,same),one(plain,(2)))",-11.772208062900313
"and(two(2,same),one(plain,(1)))",-11.772208062900313
"and(two(2,same),one(plain,(0)))",-11.772208062900313
"and(two(2,same),one(high,(2)))",-11.772208062900313
"and(two(2,same),one(high,(1)))",-11.772208062900313
"and(two(2,same),one(high,(0)))",-11.772208062900313
"and(two(2,same),one(medium,(2)))",-11.772208062900313
"and(two(2,same),one(medium,(1)))",-11.772208062900313
"and(two(2,same),one(medium,(0)))",-11.772208062900313
"and(two(2,same),two(low,(1,2)))",-11.772208062900313
"and(two(2,same),two(medium,(0,1)))",-11.772208062900313
"and(two(2,same),two(medium,(0,2)))",-11.772208062900313
"and(two(2,same),two(medium,(1,2)))",-11.772208062900313
"and(one(triangle,(1)),three(2,same))",-11.772208062900313
"and(one(triangle,(1)),three(2,unique))",-11.772208062900313
"and(one(triangle,(1)),three(3,same))",-11.772208062900313
"and(one(triangle,(1)),three(3,unique))",-11.772208062900313
"and(two(2,same),one(square,(2)))",-11.772208062900313
"and(two(2,same),one(circle,(0)))",-11.772208062900313
"and(two(2,same),one(circle,(1)))",-11.772208062900313
"and(two(2,same),one(circle,(2)))",-11.772208062900313
"and(one(plain,(0)),two(unique,(1,2)))",-11.772208062900313
"and(two(2,same),one(triangle,(0)))",-11.772208062900313
"and(two(2,same),one(triangle,(1)))",-11.772208062900313
"and(two(2,same),one(triangle,(2)))",-11.772208062900313
"and(two(2,same),one(low,(0)))",-11.772208062900313
"and(two(2,same),two(dots,(1,2)))",-11.772208062900313
"and(two(2,same),two(dots,(0,2)))",-11.772208062900313
"and(two(2,same),two(dots,(0,1)))",-11.772208062900313
"and(two(2,same),two(stripes,(1,2)))",-11.772208062900313
"and(two(2,same),two(stripes,(0,2)))",-11.772208062900313
"and(two(2,same),two(stripes,(0,1)))",-11.772208062900313
"and(two(2,same),two(plain,(1,2)))",-11.772208062900313
"and(two(2,same),two(plain,(0,2)))",-11.772208062900313
"and(two(2,same),two(plain,(0,1)))",-11.772208062900313
"and(two(2,same),two(high,(1,2)))",-11.772208062900313
"and(two(2,same),two(high,(0,2)))",-11.772208062900313
"and(two(2,same),two(high,(0,1)))",-11.772208062900313
"and(two(2,unique),one(plain,(2)))",-11.772208062900313
"and(two(circle,(0,2)),two(3,same))",-11.772208062900313
"and(two(circle,(0,2)),two(3,unique))",-11.772208062900313
"and(one(stripes,(1)),three(2,same))",-11.772208062900313
"and(two(triangle,(0,1)),two(same,(0,1)))",-11.772208062900313
"and(two(triangle,(0,1)),two(same,(0,2)))",-11.772208062900313
"and(two(triangle,(0,1)),two(same,(1,2)))",-11.772208062900313
"and(two(triangle,(0,1)),two(unique,(0,1)))",-11.772208062900313
"and(two(triangle,(0,1)),two(unique,(0,2)))",-11.772208062900313
"and(two(triangle,(0,1)),two(unique,(1,2)))",-11.772208062900313
"and(one(triangle,(2)),two(same,(0,1)))",-11.772208062900313
"and(one(triangle,(2)),two(same,(0,2)))",-11.772208062900313
"and(one(triangle,(2)),two(same,(1,2)))",-11.772208062900313
"and(one(triangle,(2)),two(unique,(0,1)))",-11.772208062900313
"and(one(triangle,(2)),two(unique,(0,2)))",-11.772208062900313
"and(one(triangle,(2)),two(unique,(1,2)))",-11.772208062900313
"and(two(circle,(0,2)),three(2,same))",-11.772208062900313
"and(two(circle,(0,2)),three(1,unique))",-11.772208062900313
"and(one(plain,(0)),three(3,same))",-11.772208062900313
"and(one(plain,(0)),three(3,unique))",-11.772208062900313
"and(one(plain,(0)),two(same,(0,1)))",-11.772208062900313
"and(one(plain,(0)),two(same,(0,2)))",-11.772208062900313
"and(one(plain,(0)),two(same,(1,2)))",-11.772208062900313
"and(one(plain,(0)),two(unique,(0,1)))",-11.772208062900313
"and(one(stripes,(1)),two(same,(1,2)))",-11.772208062900313
"and(one(stripes,(1)),two(same,(0,2)))",-11.772208062900313
"and(one(stripes,(1)),two(same,(0,1)))",-11.772208062900313
"and(one(stripes,(1)),three(3,unique))",-11.772208062900313
"and(one(stripes,(1)),three(3,same))",-11.772208062900313
"and(two(dots,(1,2)),two(1,same))",-11.772208062900313
"and(two(dots,(1,2)),two(1,unique))",-11.772208062900313
"and(two(dots,(1,2)),two(2,same))",-11.772208062900313
"and(two(dots,(1,2)),two(same,(0,2)))",-11.772208062900313
"and(one(plain,(0)),two(3,same))",-11.772208062900313
"and(one(plain,(0)),two(3,unique))",-11.772208062900313
"and(two(1,unique),two(plain,(1,2)))",-11.772208062900313
"and(two(1,unique),two(stripes,(0,1)))",-11.772208062900313
"and(one(plain,(0)),three(1,same))",-11.772208062900313
"and(two(1,unique),two(stripes,(0,2)))",-11.772208062900313
"and(two(1,unique),two(stripes,(1,2)))",-11.772208062900313
"and(two(1,unique),two(dots,(0,1)))",-11.772208062900313
"and(two(1,unique),two(dots,(0,2)))",-11.772208062900313
"and(two(1,unique),two(dots,(1,2)))",-11.772208062900313
"and(two(dots,(1,2)),two(same,(1,2)))",-11.772208062900313
"and(two(dots,(1,2)),two(same,(0,1)))",-11.772208062900313
"and(two(dots,(1,2)),two(2,unique))",-11.772208062900313
"and(two(dots,(1,2)),three(3,unique))",-11.772208062900313
"and(two(dots,(1,2)),three(3,same))",-11.772208062900313
"and(two(dots,(1,2)),three(2,unique))",-11.772208062900313
"and(two(dots,(1,2)),three(2,same))",-11.772208062900313
"and(two(dots,(1,2)),three(1,unique))",-11.772208062900313
"and(two(dots,(1,2)),three(1,same))",-11.772208062900313
"and(two(dots,(1,2)),two(3,unique))",-11.772208062900313
"and(one(plain,(0)),three(1,unique))",-11.772208062900313
"and(two(dots,(1,2)),two(3,same))",-11.772208062900313
"and(one(plain,(0)),three(2,same))",-11.772208062900313
"and(one(plain,(0)),three(2,unique))",-11.772208062900313
"and(one(high,(1)),three(3,unique))",-11.772208062900313
"and(one(stripes,(1)),three(2,unique))",-11.772208062900313
"and(one(stripes,(1)),three(1,unique))",-11.772208062900313
"and(one(stripes,(1)),three(1,same))",-11.772208062900313
"and(two(2,unique),two(circle,(1,2)))",-11.772208062900313
"and(two(2,unique),two(circle,(0,2)))",-11.772208062900313
"and(two(2,unique),two(circle,(0,1)))",-11.772208062900313
"and(two(2,unique),two(square,(1,2)))",-11.772208062900313
"and(two(2,unique),two(square,(0,2)))",-11.772208062900313
"and(two(2,unique),two(square,(0,1)))",-11.772208062900313
"and(two(2,unique),one(dots,(2)))",-11.772208062900313
"and(two(2,unique),one(dots,(1)))",-11.772208062900313
"and(two(2,unique),one(dots,(0)))",-11.772208062900313
"and(two(2,unique),one(stripes,(2)))",-11.772208062900313
"and(two(2,unique),one(stripes,(1)))",-11.772208062900313
"and(one(high,(1)),two(1,same))",-11.772208062900313
"and(one(high,(1)),two(1,unique))",-11.772208062900313
"and(two(2,unique),one(stripes,(0)))",-11.772208062900313
"and(one(high,(1)),two(2,same))",-11.772208062900313
"and(one(high,(1)),two(2,unique))",-11.772208062900313
"and(one(high,(1)),two(3,same))",-11.772208062900313
"and(one(high,(1)),two(3,unique))",-11.772208062900313
"and(one(high,(1)),three(1,same))",-11.772208062900313
"and(one(high,(1)),three(1,unique))",-11.772208062900313
"and(one(high,(1)),three(2,same))",-11.772208062900313
"and(one(high,(1)),three(2,unique))",-11.772208062900313
"and(one(high,(1)),three(3,same))",-11.772208062900313
"and(two(2,unique),two(triangle,(0,1)))",-11.772208062900313
"and(two(circle,(0,2)),three(1,same))",-11.772208062900313
"and(two(2,unique),two(stripes,(0,1)))",-11.772208062900313
"and(two(2,unique),two(plain,(0,2)))",-11.772208062900313
"and(one(medium,(2)),two(1,same))",-11.772208062900313
"and(one(medium,(2)),two(1,unique))",-11.772208062900313
"and(one(medium,(2)),two(2,same))",-11.772208062900313
"and(one(medium,(2)),two(2,unique))",-11.772208062900313
"and(one(medium,(2)),two(3,same))",-11.772208062900313
"and(two(2,unique),two(dots,(1,2)))",-11.772208062900313
"and(two(2,unique),two(dots,(0,2)))",-11.772208062900313
"and(two(2,unique),two(dots,(0,1)))",-11.772208062900313
"and(two(2,unique),two(stripes,(1,2)))",-11.772208062900313
"and(two(2,unique),two(stripes,(0,2)))",-11.772208062900313
"and(two(2,unique),two(plain,(1,2)))",-11.772208062900313
"and(two(2,same),one(low,(2)))",-11.772208062900313
"and(two(2,unique),two(plain,(0,1)))",-11.772208062900313
"and(two(2,unique),two(low,(1,2)))",-11.772208062900313
"and(two(2,unique),two(triangle,(0,2)))",-11.772208062900313
"and(two(2,unique),two(high,(0,2)))",-11.772208062900313
"and(two(2,unique),two(high,(0,1)))",-11.772208062900313
"and(two(2,unique),two(triangle,(1,2)))",-11.772208062900313
"and(two(2,unique),two(medium,(1,2)))",-11.772208062900313
"and(two(2,unique),two(medium,(0,2)))",-11.772208062900313
"and(two(2,unique),two(low,(0,1)))",-11.772208062900313
"and(two(2,unique),two(high,(1,2)))",-11.772208062900313
"and(two(2,unique),two(low,(0,2)))",-11.772208062900313
"and(two(2,unique),two(medium,(0,1)))",-11.772208062900313
"and(two(circle,(1,2)),three(high))",-12.177673171008477
"and(two(circle,(1,2)),three(plain))",-12.177673171008477
"and(two(circle,(1,2)),three(medium))",-12.177673171008477
"and(two(circle,(0,2)),one(square))",-12.177673171008477
"and(two(circle,(0,2)),two(high))",-12.177673171008477
"and(two(circle,(0,2)),two(plain))",-12.177673171008477
"and(two(circle,(0,1)),three(stripes))",-12.177673171008477
"and(two(circle,(0,2)),three(dots))",-12.177673171008477
"and(two(circle,(0,2)),three(stripes))",-12.177673171008477
"and(two(circle,(0,2)),two(low))",-12.177673171008477
"and(two(circle,(0,2)),two(medium))",-12.177673171008477
"and(two(circle,(0,1)),two(triangle))",-12.177673171008477
"and(two(circle,(1,2)),one(low))",-12.177673171008477
"and(two(circle,(1,2)),one(medium))",-12.177673171008477
"and(two(circle,(1,2)),one(high))",-12.177673171008477
"and(two(circle,(1,2)),one(plain))",-12.177673171008477
"and(two(circle,(1,2)),one(stripes))",-12.177673171008477
"and(two(circle,(1,2)),one(dots))",-12.177673171008477
"and(two(circle,(1,2)),two(square))",-12.177673171008477
"and(two(circle,(1,2)),two(circle))",-12.177673171008477
"and(two(circle,(1,2)),two(triangle))",-12.177673171008477
"and(two(circle,(1,2)),two(low))",-12.177673171008477
"and(two(circle,(1,2)),two(medium))",-12.177673171008477
"and(two(circle,(1,2)),two(high))",-12.177673171008477
"and(two(circle,(0,2)),two(triangle))",-12.177673171008477
"and(two(circle,(0,2)),two(circle))",-12.177673171008477
"and(two(circle,(0,2)),two(square))",-12.177673171008477
"and(two(circle,(0,1)),two(high))",-12.177673171008477
"and(two(circle,(1,2)),one(circle))",-12.177673171008477
"and(two(circle,(1,2)),one(square))",-12.177673171008477
"and(two(circle,(0,1)),three(square))",-12.177673171008477
"and(two(circle,(0,1)),two(dots))",-12.177673171008477
"and(two(circle,(0,1)),two(stripes))",-12.177673171008477
"and(two(circle,(0,1)),two(plain))",-12.177673171008477
"and(two(circle,(0,1)),two(medium))",-12.177673171008477
"and(two(circle,(0,2)),one(dots))",-12.177673171008477
"and(two(circle,(0,1)),two(low))",-12.177673171008477
"and(two(circle,(0,2)),one(low))",-12.177673171008477
"and(two(circle,(0,2)),one(medium))",-12.177673171008477
"and(two(circle,(0,2)),one(high))",-12.177673171008477
"and(two(circle,(0,2)),one(plain))",-12.177673171008477
"and(two(circle,(0,2)),one(stripes))",-12.177673171008477
"and(two(circle,(1,2)),two(plain))",-12.177673171008477
"and(two(circle,(1,2)),two(stripes))",-12.177673171008477
"and(two(circle,(1,2)),two(dots))",-12.177673171008477
"and(two(circle,(0,2)),two(stripes))",-12.177673171008477
"and(two(circle,(0,1)),one(triangle))",-12.177673171008477
"and(two(circle,(0,1)),three(plain))",-12.177673171008477
"and(two(circle,(0,1)),one(circle))",-12.177673171008477
"and(two(circle,(0,1)),one(square))",-12.177673171008477
"and(two(circle,(0,2)),three(square))",-12.177673171008477
"and(two(circle,(0,2)),two(dots))",-12.177673171008477
"and(two(circle,(0,1)),three(dots))",-12.177673171008477
"and(two(circle,(0,1)),one(medium))",-12.177673171008477
"and(two(circle,(0,2)),three(circle))",-12.177673171008477
"and(two(circle,(0,2)),three(triangle))",-12.177673171008477
"and(two(circle,(0,2)),three(low))",-12.177673171008477
"and(two(circle,(0,2)),three(medium))",-12.177673171008477
"and(two(circle,(0,2)),three(high))",-12.177673171008477
"and(two(circle,(0,2)),three(plain))",-12.177673171008477
"and(two(circle,(0,1)),one(low))",-12.177673171008477
"and(two(circle,(0,1)),one(high))",-12.177673171008477
"and(two(circle,(1,2)),three(square))",-12.177673171008477
"and(two(circle,(0,2)),one(circle))",-12.177673171008477
"and(two(circle,(0,1)),two(circle))",-12.177673171008477
"and(two(circle,(0,1)),two(square))",-12.177673171008477
"and(two(circle,(1,2)),three(circle))",-12.177673171008477
"and(two(circle,(1,2)),three(triangle))",-12.177673171008477
"and(two(circle,(1,2)),three(low))",-12.177673171008477
"and(two(circle,(0,2)),one(triangle))",-12.177673171008477
"and(two(circle,(0,1)),three(circle))",-12.177673171008477
"and(two(circle,(0,1)),one(plain))",-12.177673171008477
"and(two(circle,(0,1)),three(triangle))",-12.177673171008477
"and(two(circle,(0,1)),three(low))",-12.177673171008477
"and(two(circle,(0,1)),three(medium))",-12.177673171008477
"and(two(circle,(0,1)),three(high))",-12.177673171008477
"and(two(circle,(0,1)),one(dots))",-12.177673171008477
"and(two(circle,(0,1)),one(stripes))",-12.177673171008477
"and(two(circle,(1,2)),one(triangle))",-12.177673171008477
"and(one(dots,(0)),two(triangle))",-12.177673171008477
"and(two(square,(1,2)),three(dots))",-12.177673171008477
"and(one(stripes,(1)),one(dots))",-12.177673171008477
"and(one(plain,(1)),one(medium))",-12.177673171008477
"and(one(plain,(1)),one(low))",-12.177673171008477
"and(one(plain,(1)),one(triangle))",-12.177673171008477
"and(one(plain,(1)),one(circle))",-12.177673171008477
"and(one(plain,(1)),one(square))",-12.177673171008477
"and(one(stripes,(1)),three(high))",-12.177673171008477
"and(one(stripes,(1)),three(plain))",-12.177673171008477
"and(one(stripes,(1)),three(stripes))",-12.177673171008477
"and(one(stripes,(1)),three(dots))",-12.177673171008477
"and(one(plain),one(medium,(0)))",-12.177673171008477
"and(one(plain),one(low,(2)))",-12.177673171008477
"and(one(plain),one(low,(1)))",-12.177673171008477
"and(one(plain),one(low,(0)))",-12.177673171008477
"and(one(stripes,(2)),one(square))",-12.177673171008477
"and(one(stripes,(2)),one(circle))",-12.177673171008477
"and(one(stripes,(2)),one(triangle))",-12.177673171008477
"and(one(stripes,(2)),one(low))",-12.177673171008477
"and(one(stripes,(2)),one(medium))",-12.177673171008477
"and(one(stripes,(2)),one(high))",-12.177673171008477
"and(one(plain,(1)),one(high))",-12.177673171008477
"and(one(plain,(1)),one(plain))",-12.177673171008477
"and(one(plain,(1)),one(stripes))",-12.177673171008477
"and(one(stripes,(1)),three(square))",-12.177673171008477
"and(one(stripes,(1)),two(circle))",-12.177673171008477
"and(one(stripes,(1)),two(triangle))",-12.177673171008477
"and(one(stripes,(1)),two(low))",-12.177673171008477
"and(one(stripes,(1)),two(medium))",-12.177673171008477
"and(one(stripes,(1)),two(high))",-12.177673171008477
"and(one(stripes,(1)),two(plain))",-12.177673171008477
"and(one(stripes,(1)),two(stripes))",-12.177673171008477
"and(one(stripes,(1)),two(dots))",-12.177673171008477
"and(one(stripes,(1)),three(circle))",-12.177673171008477
"and(one(plain,(1)),one(dots))",-12.177673171008477
"and(one(stripes,(1)),three(triangle))",-12.177673171008477
"and(one(stripes,(1)),three(low))",-12.177673171008477
"and(one(stripes,(1)),three(medium))",-12.177673171008477
"and(one(plain,(1)),two(medium))",-12.177673171008477
"and(one(plain,(1)),two(low))",-12.177673171008477
"and(one(plain,(1)),two(triangle))",-12.177673171008477
"and(one(plain,(1)),two(circle))",-12.177673171008477
"and(one(plain,(1)),two(square))",-12.177673171008477
"and(one(stripes,(2)),one(plain))",-12.177673171008477
"and(one(stripes,(2)),one(stripes))",-12.177673171008477
"and(one(stripes,(2)),one(dots))",-12.177673171008477
"and(one(dots,(0)),one(stripes))",-12.177673171008477
"and(one(dots,(0)),one(square))",-12.177673171008477
"and(one(dots,(0)),one(circle))",-12.177673171008477
"and(one(dots,(0)),one(triangle))",-12.177673171008477
"and(one(dots,(0)),one(low))",-12.177673171008477
"and(one(dots,(0)),one(medium))",-12.177673171008477
"and(one(dots,(0)),one(high))",-12.177673171008477
"and(one(plain),one(dots,(1)))",-12.177673171008477
"and(one(dots,(0)),one(plain))",-12.177673171008477
"and(one(dots,(0)),one(dots))",-12.177673171008477
"and(one(plain),one(triangle,(0)))",-12.177673171008477
"and(one(dots,(0)),two(square))",-12.177673171008477
"and(one(dots,(0)),two(circle))",-12.177673171008477
"and(one(dots,(0)),two(low))",-12.177673171008477
"and(one(dots,(0)),two(medium))",-12.177673171008477
"and(one(dots,(0)),two(high))",-12.177673171008477
"and(one(dots,(0)),two(plain))",-12.177673171008477
"and(one(dots,(0)),two(stripes))",-12.177673171008477
"and(one(dots,(0)),two(dots))",-12.177673171008477
"and(one(plain),one(circle,(2)))",-12.177673171008477
"and(one(plain),one(triangle,(1)))",-12.177673171008477
"and(one(stripes,(2)),two(square))",-12.177673171008477
"and(one(stripes,(2)),three(square))",-12.177673171008477
"and(one(stripes,(2)),two(circle))",-12.177673171008477
"and(one(stripes,(2)),two(triangle))",-12.177673171008477
"and(one(stripes,(2)),two(low))",-12.177673171008477
"and(one(stripes,(2)),two(medium))",-12.177673171008477
"and(one(stripes,(2)),two(high))",-12.177673171008477
"and(one(stripes,(2)),two(plain))",-12.177673171008477
"and(one(stripes,(2)),two(stripes))",-12.177673171008477
"and(one(stripes,(2)),two(dots))",-12.177673171008477
"and(one(stripes,(2)),three(circle))",-12.177673171008477
"and(one(plain),one(triangle,(2)))",-12.177673171008477
"and(one(stripes,(2)),three(triangle))",-12.177673171008477
"and(one(stripes,(2)),three(low))",-12.177673171008477
"and(one(stripes,(2)),three(medium))",-12.177673171008477
"and(two(circle,(1,2)),three(dots))",-12.177673171008477
"and(one(stripes,(2)),three(high))",-12.177673171008477
"and(one(stripes,(2)),three(plain))",-12.177673171008477
"and(one(stripes,(2)),three(stripes))",-12.177673171008477
"and(one(stripes,(2)),three(dots))",-12.177673171008477
"and(one(stripes,(1)),two(square))",-12.177673171008477
"and(one(stripes,(1)),one(stripes))",-12.177673171008477
"and(two(square,(1,2)),three(stripes))",-12.177673171008477
"and(one(stripes,(1)),one(plain))",-12.177673171008477
"and(one(plain,(2)),three(medium))",-12.177673171008477
"and(one(plain,(2)),three(high))",-12.177673171008477
"and(one(plain,(2)),three(plain))",-12.177673171008477
"and(three(medium),one(low,(0)))",-12.177673171008477
"and(one(plain,(2)),three(dots))",-12.177673171008477
"and(one(plain),one(plain,(2)))",-12.177673171008477
"and(one(plain),one(plain,(1)))",-12.177673171008477
"and(one(plain),one(plain,(0)))",-12.177673171008477
"and(one(plain),one(high,(2)))",-12.177673171008477
"and(one(stripes,(0)),one(square))",-12.177673171008477
"and(one(plain),one(stripes,(0)))",-12.177673171008477
"and(one(plain),one(stripes,(1)))",-12.177673171008477
"and(one(plain),one(stripes,(2)))",-12.177673171008477
"and(one(plain),one(dots,(0)))",-12.177673171008477
"and(one(plain,(1)),three(dots))",-12.177673171008477
"and(one(plain,(1)),three(stripes))",-12.177673171008477
"and(one(plain,(1)),three(plain))",-12.177673171008477
"and(one(plain,(1)),three(high))",-12.177673171008477
"and(one(stripes,(0)),one(circle))",-12.177673171008477
"and(one(plain,(2)),three(low))",-12.177673171008477
"and(one(plain,(2)),three(triangle))",-12.177673171008477
"and(one(plain,(2)),three(circle))",-12.177673171008477
"and(one(plain,(2)),one(dots))",-12.177673171008477
"and(one(plain,(2)),one(square))",-12.177673171008477
"and(one(plain,(2)),one(circle))",-12.177673171008477
"and(one(plain,(2)),one(triangle))",-12.177673171008477
"and(one(plain,(2)),one(low))",-12.177673171008477
"and(one(plain,(2)),one(medium))",-12.177673171008477
"and(one(plain,(2)),one(high))",-12.177673171008477
"and(one(plain,(2)),one(plain))",-12.177673171008477
"and(one(plain,(2)),one(stripes))",-12.177673171008477
"and(one(plain,(2)),two(square))",-12.177673171008477
"and(one(plain,(2)),three(square))",-12.177673171008477
"and(one(plain,(2)),two(circle))",-12.177673171008477
"and(one(plain,(2)),two(triangle))",-12.177673171008477
"and(one(plain,(2)),two(low))",-12.177673171008477
"and(one(plain,(2)),two(medium))",-12.177673171008477
"and(one(plain,(2)),two(high))",-12.177673171008477
"and(one(plain,(2)),two(plain))",-12.177673171008477
"and(one(plain,(2)),two(stripes))",-12.177673171008477
"and(one(plain,(2)),two(dots))",-12.177673171008477
"and(one(stripes,(0)),one(triangle))",-12.177673171008477
"and(one(stripes,(0)),one(low))",-12.177673171008477
"and(one(stripes,(0)),one(medium))",-12.177673171008477
"and(one(plain,(1)),two(dots))",-12.177673171008477
"and(one(stripes,(0)),three(stripes))",-12.177673171008477
"and(one(stripes,(0)),three(dots))",-12.177673171008477
"and(one(plain),one(high,(1)))",-12.177673171008477
"and(one(plain),one(high,(0)))",-12.177673171008477
"and(one(plain),one(medium,(2)))",-12.177673171008477
"and(one(plain),one(medium,(1)))",-12.177673171008477
"and(one(plain,(1)),three(circle))",-12.177673171008477
"and(one(plain,(1)),three(square))",-12.177673171008477
"and(one(plain,(1)),two(stripes))",-12.177673171008477
"and(one(stripes,(0)),three(high))",-12.177673171008477
"and(one(plain,(1)),two(plain))",-12.177673171008477
"and(one(plain,(1)),two(high))",-12.177673171008477
"and(one(stripes,(1)),one(square))",-12.177673171008477
"and(one(stripes,(1)),one(circle))",-12.177673171008477
"and(one(stripes,(1)),one(triangle))",-12.177673171008477
"and(one(stripes,(1)),one(low))",-12.177673171008477
"and(one(stripes,(1)),one(medium))",-12.177673171008477
"and(one(stripes,(1)),one(high))",-12.177673171008477
"and(one(stripes,(0)),three(plain))",-12.177673171008477
"and(one(stripes,(0)),three(medium))",-12.177673171008477
"and(one(stripes,(0)),one(high))",-12.177673171008477
"and(one(stripes,(0)),two(high))",-12.177673171008477
"and(one(stripes,(0)),one(plain))",-12.177673171008477
"and(one(stripes,(0)),one(stripes))",-12.177673171008477
"and(one(stripes,(0)),one(dots))",-12.177673171008477
"and(one(stripes,(0)),two(square))",-12.177673171008477
"and(one(stripes,(0)),two(circle))",-12.177673171008477
"and(one(stripes,(0)),two(triangle))",-12.177673171008477
"and(one(stripes,(0)),two(low))",-12.177673171008477
"and(one(stripes,(0)),two(medium))",-12.177673171008477
"and(one(plain,(1)),three(medium))",-12.177673171008477
"and(one(stripes,(0)),three(low))",-12.177673171008477
"and(one(plain,(1)),three(low))",-12.177673171008477
"and(one(plain,(1)),three(triangle))",-12.177673171008477
"and(one(stripes,(0)),two(plain))",-12.177673171008477
"and(one(stripes,(0)),two(stripes))",-12.177673171008477
"and(one(stripes,(0)),two(dots))",-12.177673171008477
"and(one(stripes,(0)),three(square))",-12.177673171008477
"and(one(stripes,(0)),three(circle))",-12.177673171008477
"and(one(stripes,(0)),three(triangle))",-12.177673171008477
"and(one(dots,(0)),three(square))",-12.177673171008477
"and(one(dots,(0)),three(circle))",-12.177673171008477
"and(one(dots,(0)),three(triangle))",-12.177673171008477
"and(one(dots,(0)),three(low))",-12.177673171008477
"and(two(square,(0,1)),three(triangle))",-12.177673171008477
"and(two(square,(0,1)),three(low))",-12.177673171008477
"and(two(square,(0,1)),three(medium))",-12.177673171008477
"and(two(square,(0,1)),three(high))",-12.177673171008477
"and(two(square,(0,1)),three(plain))",-12.177673171008477
"and(two(square,(0,1)),three(stripes))",-12.177673171008477
"and(two(square,(0,1)),three(dots))",-12.177673171008477
"and(one(plain,(0)),one(low))",-12.177673171008477
"and(one(plain,(0)),one(triangle))",-12.177673171008477
"and(one(plain,(0)),one(circle))",-12.177673171008477
"and(one(plain,(0)),one(square))",-12.177673171008477
"and(two(square,(0,2)),one(square))",-12.177673171008477
"and(two(square,(0,2)),one(circle))",-12.177673171008477
"and(two(square,(0,2)),one(triangle))",-12.177673171008477
"and(two(square,(0,2)),one(low))",-12.177673171008477
"and(two(square,(0,2)),one(medium))",-12.177673171008477
"and(two(square,(0,2)),one(high))",-12.177673171008477
"and(two(square,(0,2)),one(plain))",-12.177673171008477
"and(two(square,(0,2)),one(stripes))",-12.177673171008477
"and(two(square,(0,1)),three(circle))",-12.177673171008477
"and(two(square,(0,1)),three(square))",-12.177673171008477
"and(two(square,(0,1)),two(dots))",-12.177673171008477
"and(two(square,(0,1)),one(plain))",-12.177673171008477
"and(one(plain,(0)),one(high))",-12.177673171008477
"and(one(plain,(0)),one(medium))",-12.177673171008477
"and(two(square,(0,1)),one(square))",-12.177673171008477
"and(two(square,(0,1)),one(circle))",-12.177673171008477
"and(two(square,(0,1)),one(triangle))",-12.177673171008477
"and(two(square,(0,1)),one(low))",-12.177673171008477
"and(two(square,(0,1)),one(medium))",-12.177673171008477
"and(two(square,(0,1)),one(high))",-12.177673171008477
"and(two(square,(0,1)),one(stripes))",-12.177673171008477
"and(two(square,(0,1)),two(stripes))",-12.177673171008477
"and(two(square,(0,1)),one(dots))",-12.177673171008477
"and(two(square,(0,1)),two(square))",-12.177673171008477
"and(two(square,(0,1)),two(circle))",-12.177673171008477
"and(two(square,(0,1)),two(triangle))",-12.177673171008477
"and(two(square,(0,1)),two(low))",-12.177673171008477
"and(two(square,(0,1)),two(medium))",-12.177673171008477
"and(two(square,(0,1)),two(high))",-12.177673171008477
"and(two(square,(0,1)),two(plain))",-12.177673171008477
"and(two(square,(0,2)),one(dots))",-12.177673171008477
"and(two(square,(0,2)),two(square))",-12.177673171008477
"and(two(square,(0,2)),two(circle))",-12.177673171008477
"and(two(square,(1,2)),two(plain))",-12.177673171008477
"and(two(square,(1,2)),one(stripes))",-12.177673171008477
"and(two(square,(1,2)),one(dots))",-12.177673171008477
"and(two(square,(1,2)),two(square))",-12.177673171008477
"and(two(square,(1,2)),two(circle))",-12.177673171008477
"and(two(square,(1,2)),two(triangle))",-12.177673171008477
"and(two(square,(1,2)),two(low))",-12.177673171008477
"and(two(square,(1,2)),two(medium))",-12.177673171008477
"and(two(square,(1,2)),two(high))",-12.177673171008477
"and(two(square,(1,2)),two(stripes))",-12.177673171008477
"and(two(square,(1,2)),one(high))",-12.177673171008477
"and(two(square,(1,2)),two(dots))",-12.177673171008477
"and(two(square,(1,2)),three(square))",-12.177673171008477
"and(two(square,(1,2)),three(circle))",-12.177673171008477
"and(two(square,(1,2)),three(triangle))",-12.177673171008477
"and(two(square,(1,2)),three(low))",-12.177673171008477
"and(two(square,(1,2)),three(medium))",-12.177673171008477
"and(two(square,(1,2)),three(high))",-12.177673171008477
"and(two(square,(1,2)),three(plain))",-12.177673171008477
"and(two(square,(1,2)),one(plain))",-12.177673171008477
"and(two(square,(1,2)),one(medium))",-12.177673171008477
"and(two(square,(0,2)),two(triangle))",-12.177673171008477
"and(two(square,(0,2)),three(triangle))",-12.177673171008477
"and(two(square,(0,2)),two(low))",-12.177673171008477
"and(two(square,(0,2)),two(medium))",-12.177673171008477
"and(two(square,(0,2)),two(high))",-12.177673171008477
"and(two(square,(0,2)),two(plain))",-12.177673171008477
"and(two(square,(0,2)),two(stripes))",-12.177673171008477
"and(two(square,(0,2)),two(dots))",-12.177673171008477
"and(two(square,(0,2)),three(square))",-12.177673171008477
"and(two(square,(0,2)),three(circle))",-12.177673171008477
"and(two(square,(0,2)),three(low))",-12.177673171008477
"and(two(square,(1,2)),one(low))",-12.177673171008477
"and(two(square,(0,2)),three(medium))",-12.177673171008477
"and(two(square,(0,2)),three(high))",-12.177673171008477
"and(two(square,(0,2)),three(plain))",-12.177673171008477
"and(two(square,(0,2)),three(stripes))",-12.177673171008477
"and(two(square,(0,2)),three(dots))",-12.177673171008477
"and(two(square,(1,2)),one(square))",-12.177673171008477
"and(two(square,(1,2)),one(circle))",-12.177673171008477
"and(two(square,(1,2)),one(triangle))",-12.177673171008477
"and(one(plain,(0)),one(plain))",-12.177673171008477
"and(one(plain,(0)),one(stripes))",-12.177673171008477
"and(one(dots,(2)),three(dots))",-12.177673171008477
"and(one(dots,(1)),one(square))",-12.177673171008477
"and(one(plain),one(circle,(0)))",-12.177673171008477
"and(one(plain),one(square,(2)))",-12.177673171008477
"and(one(plain),one(square,(1)))",-12.177673171008477
"and(one(plain,(0)),two(medium))",-12.177673171008477
"and(one(plain,(0)),two(low))",-12.177673171008477
"and(one(plain,(0)),two(triangle))",-12.177673171008477
"and(one(plain,(0)),two(circle))",-12.177673171008477
"and(one(plain,(0)),two(square))",-12.177673171008477
"and(one(dots,(1)),one(circle))",-12.177673171008477
"and(one(dots,(0)),three(dots))",-12.177673171008477
"and(one(dots,(1)),one(triangle))",-12.177673171008477
"and(one(dots,(1)),one(low))",-12.177673171008477
"and(one(dots,(1)),one(medium))",-12.177673171008477
"and(one(dots,(1)),one(high))",-12.177673171008477
"and(one(dots,(1)),one(plain))",-12.177673171008477
"and(one(dots,(1)),one(stripes))",-12.177673171008477
"and(one(dots,(1)),one(dots))",-12.177673171008477
"and(one(dots,(1)),two(square))",-12.177673171008477
"and(one(plain),one(circle,(1)))",-12.177673171008477
"and(one(dots,(0)),three(stripes))",-12.177673171008477
"and(one(dots,(1)),two(triangle))",-12.177673171008477
"and(one(plain,(0)),three(high))",-12.177673171008477
"and(one(dots,(0)),three(medium))",-12.177673171008477
"and(one(dots,(0)),three(high))",-12.177673171008477
"and(one(plain),one(dots,(2)))",-12.177673171008477
"and(one(plain),two(square,(0,1)))",-12.177673171008477
"and(one(plain),two(square,(0,2)))",-12.177673171008477
"and(one(plain,(0)),three(dots))",-12.177673171008477
"and(one(plain,(0)),three(stripes))",-12.177673171008477
"and(one(plain,(0)),three(plain))",-12.177673171008477
"and(one(plain,(0)),three(medium))",-12.177673171008477
"and(one(dots,(0)),three(plain))",-12.177673171008477
"and(one(plain,(0)),three(low))",-12.177673171008477
"and(one(plain,(0)),three(triangle))",-12.177673171008477
"and(one(plain,(0)),three(circle))",-12.177673171008477
"and(one(plain,(0)),three(square))",-12.177673171008477
"and(one(plain,(0)),two(dots))",-12.177673171008477
"and(one(plain,(0)),two(stripes))",-12.177673171008477
"and(one(plain,(0)),two(plain))",-12.177673171008477
"and(one(plain,(0)),two(high))",-12.177673171008477
"and(one(dots,(1)),two(circle))",-12.177673171008477
"and(one(dots,(1)),two(low))",-12.177673171008477
"and(one(dots,(2)),three(stripes))",-12.177673171008477
"and(one(dots,(2)),two(plain))",-12.177673171008477
"and(one(dots,(2)),one(stripes))",-12.177673171008477
"and(one(dots,(2)),one(dots))",-12.177673171008477
"and(one(dots,(2)),two(square))",-12.177673171008477
"and(one(dots,(2)),two(circle))",-12.177673171008477
"and(one(dots,(2)),two(triangle))",-12.177673171008477
"and(one(dots,(2)),two(low))",-12.177673171008477
"and(one(dots,(2)),two(medium))",-12.177673171008477
"and(one(dots,(2)),two(high))",-12.177673171008477
"and(one(dots,(2)),two(stripes))",-12.177673171008477
"and(one(dots,(2)),one(high))",-12.177673171008477
"and(one(dots,(2)),two(dots))",-12.177673171008477
"and(one(dots,(2)),three(square))",-12.177673171008477
"and(one(dots,(2)),three(circle))",-12.177673171008477
"and(one(dots,(2)),three(triangle))",-12.177673171008477
"and(one(dots,(2)),three(low))",-12.177673171008477
"and(one(dots,(2)),three(medium))",-12.177673171008477
"and(one(dots,(2)),three(high))",-12.177673171008477
"and(one(dots,(2)),three(plain))",-12.177673171008477
"and(one(dots,(2)),one(plain))",-12.177673171008477
"and(one(dots,(2)),one(medium))",-12.177673171008477
"and(one(dots,(1)),two(medium))",-12.177673171008477
"and(one(dots,(1)),three(medium))",-12.177673171008477
"and(one(dots,(1)),two(high))",-12.177673171008477
"and(one(dots,(1)),two(plain))",-12.177673171008477
"and(one(dots,(1)),two(stripes))",-12.177673171008477
"and(one(dots,(1)),two(dots))",-12.177673171008477
"and(one(dots,(1)),three(square))",-12.177673171008477
"and(one(dots,(1)),three(circle))",-12.177673171008477
"and(one(dots,(1)),three(triangle))",-12.177673171008477
"and(one(dots,(1)),three(low))",-12.177673171008477
"and(one(dots,(1)),three(high))",-12.177673171008477
"and(one(dots,(2)),one(low))",-12.177673171008477
"and(one(dots,(1)),three(plain))",-12.177673171008477
"and(one(dots,(1)),three(stripes))",-12.177673171008477
"and(one(dots,(1)),three(dots))",-12.177673171008477
"and(one(plain),one(square,(0)))",-12.177673171008477
"and(one(plain,(0)),one(dots))",-12.177673171008477
"and(one(dots,(2)),one(square))",-12.177673171008477
"and(one(dots,(2)),one(circle))",-12.177673171008477
"and(one(dots,(2)),one(triangle))",-12.177673171008477
"and(two(circle,(1,2)),three(stripes))",-12.177673171008477
"and(three(medium),one(triangle,(2)))",-12.177673171008477
"and(one(high),two(dots,(1,2)))",-12.177673171008477
"and(two(dots,(1,2)),one(triangle))",-12.177673171008477
"and(two(dots,(0,2)),three(low))",-12.177673171008477
"and(two(dots,(0,2)),three(medium))",-12.177673171008477
"and(two(dots,(0,2)),three(high))",-12.177673171008477
"and(two(dots,(0,2)),three(plain))",-12.177673171008477
"and(two(dots,(0,2)),three(stripes))",-12.177673171008477
"and(two(dots,(0,2)),three(dots))",-12.177673171008477
"and(one(medium),two(dots,(1,2)))",-12.177673171008477
"and(one(medium),two(dots,(0,2)))",-12.177673171008477
"and(one(medium),two(dots,(0,1)))",-12.177673171008477
"and(two(dots,(1,2)),one(square))",-12.177673171008477
"and(two(dots,(1,2)),one(circle))",-12.177673171008477
"and(two(dots,(1,2)),one(low))",-12.177673171008477
"and(two(dots,(0,2)),three(circle))",-12.177673171008477
"and(two(dots,(1,2)),one(medium))",-12.177673171008477
"and(two(dots,(1,2)),one(high))",-12.177673171008477
"and(two(dots,(1,2)),one(plain))",-12.177673171008477
"and(two(dots,(1,2)),one(stripes))",-12.177673171008477
"and(two(dots,(1,2)),one(dots))",-12.177673171008477
"and(two(dots,(1,2)),two(square))",-12.177673171008477
"and(two(dots,(1,2)),two(circle))",-12.177673171008477
"and(two(dots,(1,2)),two(triangle))",-12.177673171008477
"and(two(dots,(1,2)),two(low))",-12.177673171008477
"and(two(dots,(1,2)),two(medium))",-12.177673171008477
"and(two(dots,(1,2)),two(high))",-12.177673171008477
"and(two(dots,(0,2)),three(triangle))",-12.177673171008477
"and(two(dots,(0,2)),three(square))",-12.177673171008477
"and(two(dots,(1,2)),two(stripes))",-12.177673171008477
"and(two(dots,(0,2)),one(medium))",-12.177673171008477
"and(two(dots,(0,1)),three(triangle))",-12.177673171008477
"and(two(dots,(0,1)),three(low))",-12.177673171008477
"and(two(dots,(0,1)),three(medium))",-12.177673171008477
"and(two(dots,(0,1)),three(high))",-12.177673171008477
"and(two(dots,(0,1)),three(plain))",-12.177673171008477
"and(two(dots,(0,1)),three(stripes))",-12.177673171008477
"and(two(dots,(0,1)),three(dots))",-12.177673171008477
"and(two(dots,(0,2)),one(square))",-12.177673171008477
"and(two(dots,(0,2)),one(circle))",-12.177673171008477
"and(two(dots,(0,2)),one(triangle))",-12.177673171008477
"and(two(dots,(0,2)),one(low))",-12.177673171008477
"and(two(dots,(0,2)),one(high))",-12.177673171008477
"and(two(dots,(0,2)),two(dots))",-12.177673171008477
"and(two(dots,(0,2)),one(plain))",-12.177673171008477
"and(two(dots,(0,2)),one(stripes))",-12.177673171008477
"and(two(dots,(0,2)),one(dots))",-12.177673171008477
"and(two(dots,(0,2)),two(square))",-12.177673171008477
"and(two(dots,(0,2)),two(circle))",-12.177673171008477
"and(two(dots,(0,2)),two(triangle))",-12.177673171008477
"and(two(dots,(0,2)),two(low))",-12.177673171008477
"and(two(dots,(0,2)),two(medium))",-12.177673171008477
"and(two(dots,(0,2)),two(high))",-12.177673171008477
"and(two(dots,(0,2)),two(plain))",-12.177673171008477
"and(two(dots,(0,2)),two(stripes))",-12.177673171008477
"and(two(dots,(1,2)),two(plain))",-12.177673171008477
"and(two(dots,(1,2)),two(dots))",-12.177673171008477
"and(two(dots,(0,1)),three(square))",-12.177673171008477
"and(one(medium),one(plain,(1)))",-12.177673171008477
"and(one(medium),two(circle,(0,1)))",-12.177673171008477
"and(one(medium),two(square,(1,2)))",-12.177673171008477
"and(one(medium),two(square,(0,2)))",-12.177673171008477
"and(one(medium),two(square,(0,1)))",-12.177673171008477
"and(one(medium),one(dots,(2)))",-12.177673171008477
"and(one(medium),one(dots,(1)))",-12.177673171008477
"and(one(medium),one(dots,(0)))",-12.177673171008477
"and(one(medium),one(stripes,(2)))",-12.177673171008477
"and(one(medium),one(stripes,(1)))",-12.177673171008477
"and(one(medium),one(stripes,(0)))",-12.177673171008477
"and(one(medium),one(plain,(2)))",-12.177673171008477
"and(one(medium),one(plain,(0)))",-12.177673171008477
"and(one(medium),two(circle,(1,2)))",-12.177673171008477
"and(one(medium),one(high,(2)))",-12.177673171008477
"and(one(medium),one(high,(1)))",-12.177673171008477
"and(one(medium),one(high,(0)))",-12.177673171008477
"and(one(medium),one(medium,(2)))",-12.177673171008477
"and(one(medium),one(medium,(1)))",-12.177673171008477
"and(one(medium),one(medium,(0)))",-12.177673171008477
"and(one(medium),one(low,(2)))",-12.177673171008477
"and(one(medium),one(low,(1)))",-12.177673171008477
"and(one(medium),one(low,(0)))",-12.177673171008477
"and(one(medium),one(triangle,(2)))",-12.177673171008477
"and(one(medium),one(triangle,(1)))",-12.177673171008477
"and(one(medium),two(circle,(0,2)))",-12.177673171008477
"and(one(medium),two(triangle,(0,1)))",-12.177673171008477
"and(two(dots,(1,2)),three(square))",-12.177673171008477
"and(one(medium),two(plain,(1,2)))",-12.177673171008477
"and(two(dots,(1,2)),three(circle))",-12.177673171008477
"and(two(dots,(1,2)),three(triangle))",-12.177673171008477
"and(two(dots,(1,2)),three(low))",-12.177673171008477
"and(two(dots,(1,2)),three(medium))",-12.177673171008477
"and(two(dots,(1,2)),three(high))",-12.177673171008477
"and(two(dots,(1,2)),three(plain))",-12.177673171008477
"and(two(dots,(1,2)),three(stripes))",-12.177673171008477
"and(two(dots,(1,2)),three(dots))",-12.177673171008477
"and(one(medium),two(stripes,(1,2)))",-12.177673171008477
"and(one(medium),two(stripes,(0,2)))",-12.177673171008477
"and(one(medium),two(stripes,(0,1)))",-12.177673171008477
"and(one(medium),two(plain,(0,2)))",-12.177673171008477
"and(one(medium),two(triangle,(0,2)))",-12.177673171008477
"and(one(medium),two(plain,(0,1)))",-12.177673171008477
"and(one(medium),two(high,(1,2)))",-12.177673171008477
"and(one(medium),two(high,(0,2)))",-12.177673171008477
"and(one(medium),two(high,(0,1)))",-12.177673171008477
"and(one(medium),two(medium,(1,2)))",-12.177673171008477
"and(one(medium),two(medium,(0,2)))",-12.177673171008477
"and(one(medium),two(medium,(0,1)))",-12.177673171008477
"and(one(medium),two(low,(1,2)))",-12.177673171008477
"and(one(medium),two(low,(0,2)))",-12.177673171008477
"and(one(medium),two(low,(0,1)))",-12.177673171008477
"and(one(medium),two(triangle,(1,2)))",-12.177673171008477
"and(two(dots,(0,1)),three(circle))",-12.177673171008477
"and(two(dots,(0,1)),two(dots))",-12.177673171008477
"and(two(plain,(1,2)),two(plain))",-12.177673171008477
"and(two(stripes,(0,2)),one(circle))",-12.177673171008477
"and(two(stripes,(0,1)),two(dots))",-12.177673171008477
"and(two(stripes,(0,1)),three(square))",-12.177673171008477
"and(two(stripes,(0,1)),three(circle))",-12.177673171008477
"and(two(stripes,(0,1)),three(triangle))",-12.177673171008477
"and(two(stripes,(0,1)),three(low))",-12.177673171008477
"and(two(stripes,(0,1)),three(medium))",-12.177673171008477
"and(two(stripes,(0,1)),three(high))",-12.177673171008477
"and(two(stripes,(0,1)),three(plain))",-12.177673171008477
"and(two(stripes,(0,1)),three(stripes))",-12.177673171008477
"and(two(stripes,(0,1)),three(dots))",-12.177673171008477
"and(two(stripes,(0,2)),one(square))",-12.177673171008477
"and(two(stripes,(0,2)),one(triangle))",-12.177673171008477
"and(two(stripes,(0,1)),two(plain))",-12.177673171008477
"and(two(stripes,(0,2)),one(low))",-12.177673171008477
"and(two(stripes,(0,2)),one(medium))",-12.177673171008477
"and(two(stripes,(0,2)),one(high))",-12.177673171008477
"and(two(stripes,(0,2)),one(plain))",-12.177673171008477
"and(two(stripes,(0,2)),one(stripes))",-12.177673171008477
"and(two(stripes,(0,2)),one(dots))",-12.177673171008477
"and(two(stripes,(0,2)),two(square))",-12.177673171008477
"and(two(stripes,(0,2)),two(circle))",-12.177673171008477
"and(two(stripes,(0,2)),two(triangle))",-12.177673171008477
"and(two(stripes,(0,2)),two(low))",-12.177673171008477
"and(two(stripes,(0,2)),two(medium))",-12.177673171008477
"and(two(stripes,(0,1)),two(stripes))",-12.177673171008477
"and(two(stripes,(0,1)),two(high))",-12.177673171008477
"and(two(stripes,(0,2)),two(plain))",-12.177673171008477
"and(two(stripes,(0,1)),one(square))",-12.177673171008477
"and(two(plain,(1,2)),two(dots))",-12.177673171008477
"and(two(plain,(1,2)),three(square))",-12.177673171008477
"and(two(plain,(1,2)),three(circle))",-12.177673171008477
"and(two(plain,(1,2)),three(triangle))",-12.177673171008477
"and(two(plain,(1,2)),three(low))",-12.177673171008477
"and(two(plain,(1,2)),three(medium))",-12.177673171008477
"and(two(plain,(1,2)),three(high))",-12.177673171008477
"and(two(plain,(1,2)),three(plain))",-12.177673171008477
"and(two(plain,(1,2)),three(stripes))",-12.177673171008477
"and(two(plain,(1,2)),three(dots))",-12.177673171008477
"and(one(plain),two(circle,(0,1)))",-12.177673171008477
"and(two(stripes,(0,1)),one(circle))",-12.177673171008477
"and(two(stripes,(0,1)),two(medium))",-12.177673171008477
"and(two(stripes,(0,1)),one(triangle))",-12.177673171008477
"and(two(stripes,(0,1)),one(low))",-12.177673171008477
"and(two(stripes,(0,1)),one(medium))",-12.177673171008477
"and(two(stripes,(0,1)),one(high))",-12.177673171008477
"and(two(stripes,(0,1)),one(plain))",-12.177673171008477
"and(two(stripes,(0,1)),one(stripes))",-12.177673171008477
"and(two(stripes,(0,1)),one(dots))",-12.177673171008477
"and(two(stripes,(0,1)),two(square))",-12.177673171008477
"and(two(stripes,(0,1)),two(circle))",-12.177673171008477
"and(two(stripes,(0,1)),two(triangle))",-12.177673171008477
"and(two(stripes,(0,1)),two(low))",-12.177673171008477
"and(two(stripes,(0,2)),two(high))",-12.177673171008477
"and(two(stripes,(0,2)),two(stripes))",-12.177673171008477
"and(two(dots,(0,1)),two(stripes))",-12.177673171008477
"and(two(dots,(0,1)),one(low))",-12.177673171008477
"and(two(stripes,(1,2)),three(circle))",-12.177673171008477
"and(two(stripes,(1,2)),three(triangle))",-12.177673171008477
"and(two(stripes,(1,2)),three(low))",-12.177673171008477
"and(two(stripes,(1,2)),three(medium))",-12.177673171008477
"and(two(stripes,(1,2)),three(high))",-12.177673171008477
"and(two(stripes,(1,2)),three(plain))",-12.177673171008477
"and(two(stripes,(1,2)),three(stripes))",-12.177673171008477
"and(two(stripes,(1,2)),three(dots))",-12.177673171008477
"and(two(dots,(0,1)),one(square))",-12.177673171008477
"and(two(dots,(0,1)),one(circle))",-12.177673171008477
"and(two(dots,(0,1)),one(triangle))",-12.177673171008477
"and(two(dots,(0,1)),one(medium))",-12.177673171008477
"and(two(stripes,(1,2)),two(dots))",-12.177673171008477
"and(two(dots,(0,1)),one(high))",-12.177673171008477
"and(two(dots,(0,1)),one(plain))",-12.177673171008477
"and(two(dots,(0,1)),one(stripes))",-12.177673171008477
"and(two(dots,(0,1)),one(dots))",-12.177673171008477
"and(two(dots,(0,1)),two(square))",-12.177673171008477
"and(two(dots,(0,1)),two(circle))",-12.177673171008477
"and(two(dots,(0,1)),two(triangle))",-12.177673171008477
"and(two(dots,(0,1)),two(low))",-12.177673171008477
"and(two(dots,(0,1)),two(medium))",-12.177673171008477
"and(two(dots,(0,1)),two(high))",-12.177673171008477
"and(two(dots,(0,1)),two(plain))",-12.177673171008477
"and(two(stripes,(1,2)),three(square))",-12.177673171008477
"and(two(stripes,(1,2)),two(stripes))",-12.177673171008477
"and(two(stripes,(0,2)),two(dots))",-12.177673171008477
"and(two(stripes,(1,2)),one(triangle))",-12.177673171008477
"and(two(stripes,(0,2)),three(square))",-12.177673171008477
"and(two(stripes,(0,2)),three(circle))",-12.177673171008477
"and(two(stripes,(0,2)),three(triangle))",-12.177673171008477
"and(two(stripes,(0,2)),three(low))",-12.177673171008477
"and(two(stripes,(0,2)),three(medium))",-12.177673171008477
"and(two(stripes,(0,2)),three(high))",-12.177673171008477
"and(two(stripes,(0,2)),three(plain))",-12.177673171008477
"and(two(stripes,(0,2)),three(stripes))",-12.177673171008477
"and(two(stripes,(0,2)),three(dots))",-12.177673171008477
"and(two(stripes,(1,2)),one(square))",-12.177673171008477
"and(two(stripes,(1,2)),one(circle))",-12.177673171008477
"and(two(stripes,(1,2)),one(low))",-12.177673171008477
"and(two(stripes,(1,2)),two(plain))",-12.177673171008477
"and(two(stripes,(1,2)),one(medium))",-12.177673171008477
"and(two(stripes,(1,2)),one(high))",-12.177673171008477
"and(two(stripes,(1,2)),one(plain))",-12.177673171008477
"and(two(stripes,(1,2)),one(stripes))",-12.177673171008477
"and(two(stripes,(1,2)),one(dots))",-12.177673171008477
"and(two(stripes,(1,2)),two(square))",-12.177673171008477
"and(two(stripes,(1,2)),two(circle))",-12.177673171008477
"and(two(stripes,(1,2)),two(triangle))",-12.177673171008477
"and(two(stripes,(1,2)),two(low))",-12.177673171008477
"and(two(stripes,(1,2)),two(medium))",-12.177673171008477
"and(two(stripes,(1,2)),two(high))",-12.177673171008477
"and(one(medium),one(triangle,(0)))",-12.177673171008477
"and(one(medium),one(circle,(2)))",-12.177673171008477
"and(one(medium),one(circle,(1)))",-12.177673171008477
"and(one(circle),one(medium,(2)))",-12.177673171008477
"and(one(circle),one(dots,(1)))",-12.177673171008477
"and(one(circle),one(dots,(0)))",-12.177673171008477
"and(one(circle),one(stripes,(2)))",-12.177673171008477
"and(one(circle),one(stripes,(1)))",-12.177673171008477
"and(one(circle),one(stripes,(0)))",-12.177673171008477
"and(one(circle),one(plain,(2)))",-12.177673171008477
"and(one(circle),one(plain,(1)))",-12.177673171008477
"and(one(circle),one(plain,(0)))",-12.177673171008477
"and(one(circle),one(high,(2)))",-12.177673171008477
"and(one(circle),one(high,(1)))",-12.177673171008477
"and(one(circle),one(high,(0)))",-12.177673171008477
"and(one(circle),one(medium,(1)))",-12.177673171008477
"and(one(circle),two(square,(0,1)))",-12.177673171008477
"and(one(circle),one(medium,(0)))",-12.177673171008477
"and(one(circle),one(low,(2)))",-12.177673171008477
"and(one(circle),one(low,(1)))",-12.177673171008477
"and(one(circle),one(low,(0)))",-12.177673171008477
"and(one(circle),one(triangle,(2)))",-12.177673171008477
"and(one(circle),one(triangle,(1)))",-12.177673171008477
"and(one(circle),one(triangle,(0)))",-12.177673171008477
"and(one(circle),one(circle,(2)))",-12.177673171008477
"and(one(circle),one(circle,(1)))",-12.177673171008477
"and(one(circle),one(circle,(0)))",-12.177673171008477
"and(one(circle),one(square,(2)))",-12.177673171008477
"and(one(circle),one(dots,(2)))",-12.177673171008477
"and(one(circle),two(square,(0,2)))",-12.177673171008477
"and(one(circle),one(square,(0)))",-12.177673171008477
"and(one(circle),two(high,(0,1)))",-12.177673171008477
"and(one(circle),two(dots,(1,2)))",-12.177673171008477
"and(one(circle),two(dots,(0,2)))",-12.177673171008477
"and(one(circle),two(dots,(0,1)))",-12.177673171008477
"and(one(circle),two(stripes,(1,2)))",-12.177673171008477
"and(one(circle),two(stripes,(0,2)))",-12.177673171008477
"and(one(circle),two(stripes,(0,1)))",-12.177673171008477
"and(one(circle),two(plain,(1,2)))",-12.177673171008477
"and(one(circle),two(plain,(0,2)))",-12.177673171008477
"and(one(circle),two(plain,(0,1)))",-12.177673171008477
"and(one(circle),two(high,(1,2)))",-12.177673171008477
"and(one(circle),two(high,(0,2)))",-12.177673171008477
"and(one(circle),two(medium,(1,2)))",-12.177673171008477
"and(one(circle),two(square,(1,2)))",-12.177673171008477
"and(one(circle),two(medium,(0,2)))",-12.177673171008477
"and(one(circle),two(medium,(0,1)))",-12.177673171008477
"and(one(circle),two(low,(1,2)))",-12.177673171008477
"and(one(circle),two(low,(0,2)))",-12.177673171008477
"and(one(circle),two(low,(0,1)))",-12.177673171008477
"and(one(circle),two(triangle,(1,2)))",-12.177673171008477
"and(one(circle),two(triangle,(0,2)))",-12.177673171008477
"and(one(circle),two(triangle,(0,1)))",-12.177673171008477
"and(one(circle),two(circle,(1,2)))",-12.177673171008477
"and(one(circle),two(circle,(0,2)))",-12.177673171008477
"and(one(circle),two(circle,(0,1)))",-12.177673171008477
"and(one(circle),one(square,(1)))",-12.177673171008477
"and(one(square),two(dots,(1,2)))",-12.177673171008477
"and(one(medium),one(circle,(0)))",-12.177673171008477
"and(one(square),one(medium,(0)))",-12.177673171008477
"and(one(square),one(stripes,(2)))",-12.177673171008477
"and(one(square),one(stripes,(1)))",-12.177673171008477
"and(one(square),one(stripes,(0)))",-12.177673171008477
"and(one(square),one(plain,(2)))",-12.177673171008477
"and(one(square),one(plain,(1)))",-12.177673171008477
"and(one(square),one(plain,(0)))",-12.177673171008477
"and(one(square),one(high,(2)))",-12.177673171008477
"and(one(square),one(high,(1)))",-12.177673171008477
"and(one(square),one(high,(0)))",-12.177673171008477
"and(one(square),one(medium,(2)))",-12.177673171008477
"and(one(square),one(medium,(1)))",-12.177673171008477
"and(one(square),one(low,(2)))",-12.177673171008477
"and(one(square),one(dots,(1)))",-12.177673171008477
"and(one(square),one(low,(1)))",-12.177673171008477
"and(one(square),one(low,(0)))",-12.177673171008477
"and(one(square),one(triangle,(2)))",-12.177673171008477
"and(one(square),one(triangle,(1)))",-12.177673171008477
"and(one(square),one(triangle,(0)))",-12.177673171008477
"and(one(square),one(circle,(2)))",-12.177673171008477
"and(one(square),one(circle,(1)))",-12.177673171008477
"and(one(square),one(circle,(0)))",-12.177673171008477
"and(one(square),one(square,(2)))",-12.177673171008477
"and(one(square),one(square,(1)))",-12.177673171008477
"and(one(square),one(square,(0)))",-12.177673171008477
"and(one(square),one(dots,(0)))",-12.177673171008477
"and(one(square),one(dots,(2)))",-12.177673171008477
"and(one(square),two(dots,(0,2)))",-12.177673171008477
"and(one(square),two(medium,(0,2)))",-12.177673171008477
"and(one(square),two(dots,(0,1)))",-12.177673171008477
"and(one(square),two(stripes,(1,2)))",-12.177673171008477
"and(one(square),two(stripes,(0,2)))",-12.177673171008477
"and(one(square),two(stripes,(0,1)))",-12.177673171008477
"and(one(square),two(plain,(1,2)))",-12.177673171008477
"and(one(square),two(plain,(0,2)))",-12.177673171008477
"and(one(square),two(plain,(0,1)))",-12.177673171008477
"and(one(square),two(high,(1,2)))",-12.177673171008477
"and(one(square),two(high,(0,2)))",-12.177673171008477
"and(one(square),two(high,(0,1)))",-12.177673171008477
"and(one(square),two(medium,(1,2)))",-12.177673171008477
"and(one(square),two(medium,(0,1)))",-12.177673171008477
"and(one(square),two(square,(0,1)))",-12.177673171008477
"and(one(square),two(low,(1,2)))",-12.177673171008477
"and(one(square),two(low,(0,2)))",-12.177673171008477
"and(one(square),two(low,(0,1)))",-12.177673171008477
"and(one(square),two(triangle,(1,2)))",-12.177673171008477
"and(one(square),two(triangle,(0,2)))",-12.177673171008477
"and(one(square),two(triangle,(0,1)))",-12.177673171008477
"and(one(square),two(circle,(1,2)))",-12.177673171008477
"and(one(square),two(circle,(0,2)))",-12.177673171008477
"and(one(square),two(circle,(0,1)))",-12.177673171008477
"and(one(square),two(square,(1,2)))",-12.177673171008477
"and(one(square),two(square,(0,2)))",-12.177673171008477
"and(one(triangle),one(square,(0)))",-12.177673171008477
"and(one(triangle),one(square,(1)))",-12.177673171008477
"and(one(triangle),one(square,(2)))",-12.177673171008477
"and(one(low),one(high,(2)))",-12.177673171008477
"and(one(low),two(square,(0,2)))",-12.177673171008477
"and(one(low),two(square,(0,1)))",-12.177673171008477
"and(one(low),one(dots,(2)))",-12.177673171008477
"and(one(low),one(dots,(1)))",-12.177673171008477
"and(one(low),one(dots,(0)))",-12.177673171008477
"and(one(low),one(stripes,(2)))",-12.177673171008477
"and(one(low),one(stripes,(1)))",-12.177673171008477
"and(one(low),one(stripes,(0)))",-12.177673171008477
"and(one(low),one(plain,(2)))",-12.177673171008477
"and(one(low),one(plain,(1)))",-12.177673171008477
"and(one(low),one(plain,(0)))",-12.177673171008477
"and(one(low),one(high,(1)))",-12.177673171008477
"and(one(low),two(circle,(0,1)))",-12.177673171008477
"and(one(low),one(high,(0)))",-12.177673171008477
"and(one(low),one(medium,(2)))",-12.177673171008477
"and(one(low),one(medium,(1)))",-12.177673171008477
"and(one(low),one(medium,(0)))",-12.177673171008477
"and(one(low),one(low,(2)))",-12.177673171008477
"and(one(low),one(low,(1)))",-12.177673171008477
"and(one(low),one(low,(0)))",-12.177673171008477
"and(one(low),one(triangle,(2)))",-12.177673171008477
"and(one(low),one(triangle,(1)))",-12.177673171008477
"and(one(low),one(triangle,(0)))",-12.177673171008477
"and(one(low),one(circle,(2)))",-12.177673171008477
"and(one(low),two(square,(1,2)))",-12.177673171008477
"and(one(low),two(circle,(0,2)))",-12.177673171008477
"and(one(triangle),one(circle,(0)))",-12.177673171008477
"and(one(low),two(plain,(0,1)))",-12.177673171008477
"and(one(medium),one(square,(2)))",-12.177673171008477
"and(one(medium),one(square,(1)))",-12.177673171008477
"and(one(medium),one(square,(0)))",-12.177673171008477
"and(one(low),two(dots,(1,2)))",-12.177673171008477
"and(one(low),two(dots,(0,2)))",-12.177673171008477
"and(one(low),two(dots,(0,1)))",-12.177673171008477
"and(one(low),two(stripes,(1,2)))",-12.177673171008477
"and(one(low),two(stripes,(0,2)))",-12.177673171008477
"and(one(low),two(stripes,(0,1)))",-12.177673171008477
"and(one(low),two(plain,(1,2)))",-12.177673171008477
"and(one(low),two(plain,(0,2)))",-12.177673171008477
"and(one(low),two(high,(1,2)))",-12.177673171008477
"and(one(low),two(circle,(1,2)))",-12.177673171008477
"and(one(low),two(high,(0,2)))",-12.177673171008477
"and(one(low),two(high,(0,1)))",-12.177673171008477
"and(one(low),two(medium,(1,2)))",-12.177673171008477
"and(one(low),two(medium,(0,2)))",-12.177673171008477
"and(one(low),two(medium,(0,1)))",-12.177673171008477
"and(one(low),two(low,(1,2)))",-12.177673171008477
"and(one(low),two(low,(0,2)))",-12.177673171008477
"and(one(low),two(low,(0,1)))",-12.177673171008477
"and(one(low),two(triangle,(1,2)))",-12.177673171008477
"and(one(low),two(triangle,(0,2)))",-12.177673171008477
"and(one(low),two(triangle,(0,1)))",-12.177673171008477
"and(one(low),one(circle,(1)))",-12.177673171008477
"and(one(low),one(circle,(0)))",-12.177673171008477
"and(one(low),one(square,(2)))",-12.177673171008477
"and(one(triangle),one(high,(1)))",-12.177673171008477
"and(one(triangle),two(square,(0,1)))",-12.177673171008477
"and(one(triangle),one(dots,(2)))",-12.177673171008477
"and(one(triangle),one(dots,(1)))",-12.177673171008477
"and(one(triangle),one(dots,(0)))",-12.177673171008477
"and(one(triangle),one(stripes,(2)))",-12.177673171008477
"and(one(triangle),one(stripes,(1)))",-12.177673171008477
"and(one(triangle),one(stripes,(0)))",-12.177673171008477
"and(one(triangle),one(plain,(2)))",-12.177673171008477
"and(one(triangle),one(plain,(1)))",-12.177673171008477
"and(one(triangle),one(plain,(0)))",-12.177673171008477
"and(one(triangle),one(high,(2)))",-12.177673171008477
"and(one(triangle),one(high,(0)))",-12.177673171008477
"and(one(low),one(square,(1)))",-12.177673171008477
"and(one(triangle),one(medium,(2)))",-12.177673171008477
"and(one(triangle),one(medium,(1)))",-12.177673171008477
"and(one(triangle),one(medium,(0)))",-12.177673171008477
"and(one(triangle),one(low,(2)))",-12.177673171008477
"and(one(triangle),one(low,(1)))",-12.177673171008477
"and(one(triangle),one(low,(0)))",-12.177673171008477
"and(one(triangle),one(triangle,(2)))",-12.177673171008477
"and(one(triangle),one(triangle,(1)))",-12.177673171008477
"and(one(triangle),one(triangle,(0)))",-12.177673171008477
"and(one(triangle),one(circle,(2)))",-12.177673171008477
"and(one(triangle),one(circle,(1)))",-12.177673171008477
"and(one(triangle),two(square,(0,2)))",-12.177673171008477
"and(one(triangle),two(square,(1,2)))",-12.177673171008477
"and(one(triangle),two(circle,(0,1)))",-12.177673171008477
"and(one(triangle),two(circle,(0,2)))",-12.177673171008477
"and(one(low),one(square,(0)))",-12.177673171008477
"and(one(triangle),two(dots,(1,2)))",-12.177673171008477
"and(one(triangle),two(dots,(0,2)))",-12.177673171008477
"and(one(triangle),two(dots,(0,1)))",-12.177673171008477
"and(one(triangle),two(stripes,(1,2)))",-12.177673171008477
"and(one(triangle),two(stripes,(0,2)))",-12.177673171008477
"and(one(triangle),two(stripes,(0,1)))",-12.177673171008477
"and(one(triangle),two(plain,(1,2)))",-12.177673171008477
"and(one(triangle),two(plain,(0,2)))",-12.177673171008477
"and(one(triangle),two(plain,(0,1)))",-12.177673171008477
"and(one(triangle),two(high,(1,2)))",-12.177673171008477
"and(one(triangle),two(high,(0,2)))",-12.177673171008477
"and(one(triangle),two(high,(0,1)))",-12.177673171008477
"and(one(triangle),two(medium,(1,2)))",-12.177673171008477
"and(one(triangle),two(medium,(0,2)))",-12.177673171008477
"and(one(triangle),two(medium,(0,1)))",-12.177673171008477
"and(one(triangle),two(low,(1,2)))",-12.177673171008477
"and(one(triangle),two(low,(0,2)))",-12.177673171008477
"and(one(triangle),two(low,(0,1)))",-12.177673171008477
"and(one(triangle),two(triangle,(1,2)))",-12.177673171008477
"and(one(triangle),two(triangle,(0,2)))",-12.177673171008477
"and(one(triangle),two(triangle,(0,1)))",-12.177673171008477
"and(one(triangle),two(circle,(1,2)))",-12.177673171008477
"and(two(plain,(1,2)),two(stripes))",-12.177673171008477
"and(two(plain,(1,2)),two(high))",-12.177673171008477
"and(one(high),two(dots,(0,2)))",-12.177673171008477
"and(two(low,(0,2)),three(stripes))",-12.177673171008477
"and(two(low,(0,2)),two(high))",-12.177673171008477
"and(two(low,(0,2)),two(plain))",-12.177673171008477
"and(two(low,(0,2)),two(stripes))",-12.177673171008477
"and(two(low,(0,2)),two(dots))",-12.177673171008477
"and(two(low,(0,2)),three(square))",-12.177673171008477
"and(two(low,(0,2)),three(circle))",-12.177673171008477
"and(two(low,(0,2)),three(triangle))",-12.177673171008477
"and(two(low,(0,2)),three(low))",-12.177673171008477
"and(two(low,(0,2)),three(medium))",-12.177673171008477
"and(two(low,(0,2)),three(high))",-12.177673171008477
"and(two(low,(0,2)),three(plain))",-12.177673171008477
"and(two(low,(0,2)),three(dots))",-12.177673171008477
"and(two(low,(0,2)),two(low))",-12.177673171008477
"and(one(high),two(triangle,(0,1)))",-12.177673171008477
"and(one(high),two(circle,(1,2)))",-12.177673171008477
"and(one(high),two(circle,(0,2)))",-12.177673171008477
"and(one(high),two(circle,(0,1)))",-12.177673171008477
"and(two(low,(1,2)),one(square))",-12.177673171008477
"and(two(low,(1,2)),one(circle))",-12.177673171008477
"and(two(low,(1,2)),one(triangle))",-12.177673171008477
"and(two(low,(1,2)),one(low))",-12.177673171008477
"and(two(low,(1,2)),one(medium))",-12.177673171008477
"and(two(low,(1,2)),one(high))",-12.177673171008477
"and(two(low,(1,2)),one(plain))",-12.177673171008477
"and(two(low,(0,2)),two(medium))",-12.177673171008477
"and(two(low,(0,2)),two(triangle))",-12.177673171008477
"and(two(low,(1,2)),one(dots))",-12.177673171008477
"and(one(high),two(low,(0,1)))",-12.177673171008477
"and(two(low,(0,1)),two(dots))",-12.177673171008477
"and(two(low,(0,1)),three(square))",-12.177673171008477
"and(two(low,(0,1)),three(circle))",-12.177673171008477
"and(two(low,(0,1)),three(triangle))",-12.177673171008477
"and(two(low,(0,1)),three(low))",-12.177673171008477
"and(two(low,(0,1)),three(medium))",-12.177673171008477
"and(two(low,(0,1)),three(high))",-12.177673171008477
"and(two(low,(0,1)),three(plain))",-12.177673171008477
"and(two(low,(0,1)),three(stripes))",-12.177673171008477
"and(two(low,(0,1)),three(dots))",-12.177673171008477
"and(one(high),two(low,(0,2)))",-12.177673171008477
"and(one(high),two(triangle,(1,2)))",-12.177673171008477
"and(two(low,(0,2)),two(circle))",-12.177673171008477
"and(one(high),two(triangle,(0,2)))",-12.177673171008477
"and(two(low,(0,2)),one(square))",-12.177673171008477
"and(two(low,(0,2)),one(circle))",-12.177673171008477
"and(two(low,(0,2)),one(triangle))",-12.177673171008477
"and(two(low,(0,2)),one(low))",-12.177673171008477
"and(two(low,(0,2)),one(medium))",-12.177673171008477
"and(two(low,(0,2)),one(high))",-12.177673171008477
"and(two(low,(0,2)),one(plain))",-12.177673171008477
"and(two(low,(0,2)),one(stripes))",-12.177673171008477
"and(two(low,(0,2)),one(dots))",-12.177673171008477
"and(two(low,(0,2)),two(square))",-12.177673171008477
"and(two(low,(1,2)),one(stripes))",-12.177673171008477
"and(two(low,(1,2)),two(square))",-12.177673171008477
"and(two(low,(0,1)),two(plain))",-12.177673171008477
"and(two(medium,(0,1)),three(circle))",-12.177673171008477
"and(two(medium,(0,1)),one(dots))",-12.177673171008477
"and(two(medium,(0,1)),two(square))",-12.177673171008477
"and(two(medium,(0,1)),two(circle))",-12.177673171008477
"and(two(medium,(0,1)),two(triangle))",-12.177673171008477
"and(two(medium,(0,1)),two(low))",-12.177673171008477
"and(two(medium,(0,1)),two(medium))",-12.177673171008477
"and(two(medium,(0,1)),two(high))",-12.177673171008477
"and(two(medium,(0,1)),two(plain))",-12.177673171008477
"and(two(medium,(0,1)),two(stripes))",-12.177673171008477
"and(two(medium,(0,1)),two(dots))",-12.177673171008477
"and(two(medium,(0,1)),three(square))",-12.177673171008477
"and(two(medium,(0,1)),three(triangle))",-12.177673171008477
"and(two(medium,(0,1)),one(plain))",-12.177673171008477
"and(two(medium,(0,1)),three(low))",-12.177673171008477
"and(two(medium,(0,1)),three(medium))",-12.177673171008477
"and(two(medium,(0,1)),three(high))",-12.177673171008477
"and(two(medium,(0,1)),three(plain))",-12.177673171008477
"and(two(medium,(0,1)),three(stripes))",-12.177673171008477
"and(two(medium,(0,1)),three(dots))",-12.177673171008477
"and(one(high),one(dots,(1)))",-12.177673171008477
"and(one(high),one(dots,(0)))",-12.177673171008477
"and(one(high),one(stripes,(2)))",-12.177673171008477
"and(one(high),one(stripes,(1)))",-12.177673171008477
"and(two(medium,(0,2)),one(square))",-12.177673171008477
"and(two(medium,(0,1)),one(stripes))",-12.177673171008477
"and(two(medium,(0,1)),one(high))",-12.177673171008477
"and(two(low,(1,2)),two(circle))",-12.177673171008477
"and(two(low,(1,2)),three(medium))",-12.177673171008477
"and(two(low,(1,2)),two(triangle))",-12.177673171008477
"and(two(low,(1,2)),two(low))",-12.177673171008477
"and(two(low,(1,2)),two(medium))",-12.177673171008477
"and(two(low,(1,2)),two(high))",-12.177673171008477
"and(two(low,(1,2)),two(plain))",-12.177673171008477
"and(two(low,(1,2)),two(stripes))",-12.177673171008477
"and(two(low,(1,2)),two(dots))",-12.177673171008477
"and(two(low,(1,2)),three(square))",-12.177673171008477
"and(two(low,(1,2)),three(circle))",-12.177673171008477
"and(two(low,(1,2)),three(triangle))",-12.177673171008477
"and(two(low,(1,2)),three(low))",-12.177673171008477
"and(two(low,(1,2)),three(high))",-12.177673171008477
"and(two(medium,(0,1)),one(medium))",-12.177673171008477
"and(two(low,(1,2)),three(plain))",-12.177673171008477
"and(two(low,(1,2)),three(stripes))",-12.177673171008477
"and(two(low,(1,2)),three(dots))",-12.177673171008477
"and(one(high),two(square,(1,2)))",-12.177673171008477
"and(one(high),two(square,(0,2)))",-12.177673171008477
"and(one(high),two(square,(0,1)))",-12.177673171008477
"and(one(high),one(dots,(2)))",-12.177673171008477
"and(two(medium,(0,1)),one(square))",-12.177673171008477
"and(two(medium,(0,1)),one(circle))",-12.177673171008477
"and(two(medium,(0,1)),one(triangle))",-12.177673171008477
"and(two(medium,(0,1)),one(low))",-12.177673171008477
"and(two(low,(0,1)),two(stripes))",-12.177673171008477
"and(two(low,(0,1)),two(high))",-12.177673171008477
"and(two(plain,(1,2)),two(medium))",-12.177673171008477
"and(two(triangle,(0,2)),one(plain))",-12.177673171008477
"and(two(triangle,(0,1)),three(dots))",-12.177673171008477
"and(one(high),two(stripes,(0,2)))",-12.177673171008477
"and(one(high),two(stripes,(0,1)))",-12.177673171008477
"and(one(high),two(plain,(1,2)))",-12.177673171008477
"and(one(high),two(plain,(0,2)))",-12.177673171008477
"and(two(triangle,(0,2)),one(square))",-12.177673171008477
"and(two(triangle,(0,2)),one(circle))",-12.177673171008477
"and(two(triangle,(0,2)),one(triangle))",-12.177673171008477
"and(two(triangle,(0,2)),one(low))",-12.177673171008477
"and(two(triangle,(0,2)),one(medium))",-12.177673171008477
"and(two(triangle,(0,2)),one(high))",-12.177673171008477
"and(two(triangle,(0,2)),one(stripes))",-12.177673171008477
"and(two(triangle,(0,1)),three(plain))",-12.177673171008477
"and(two(triangle,(0,2)),one(dots))",-12.177673171008477
"and(two(triangle,(0,2)),two(square))",-12.177673171008477
"and(two(triangle,(0,2)),two(circle))",-12.177673171008477
"and(two(triangle,(0,2)),two(triangle))",-12.177673171008477
"and(two(triangle,(0,2)),two(low))",-12.177673171008477
"and(two(triangle,(0,2)),two(medium))",-12.177673171008477
"and(two(triangle,(0,2)),two(high))",-12.177673171008477
"and(two(triangle,(0,2)),two(plain))",-12.177673171008477
"and(two(triangle,(0,2)),two(stripes))",-12.177673171008477
"and(two(triangle,(0,2)),two(dots))",-12.177673171008477
"and(two(triangle,(0,2)),three(square))",-12.177673171008477
"and(two(triangle,(0,1)),three(stripes))",-12.177673171008477
"and(two(triangle,(0,1)),three(high))",-12.177673171008477
"and(two(triangle,(0,2)),three(triangle))",-12.177673171008477
"and(two(triangle,(0,1)),two(square))",-12.177673171008477
"and(one(high),two(dots,(0,1)))",-12.177673171008477
"and(one(high),two(stripes,(1,2)))",-12.177673171008477
"and(two(triangle,(0,1)),one(square))",-12.177673171008477
"and(two(triangle,(0,1)),one(circle))",-12.177673171008477
"and(two(triangle,(0,1)),one(triangle))",-12.177673171008477
"and(two(triangle,(0,1)),one(low))",-12.177673171008477
"and(two(triangle,(0,1)),one(medium))",-12.177673171008477
"and(two(triangle,(0,1)),one(high))",-12.177673171008477
"and(two(triangle,(0,1)),one(plain))",-12.177673171008477
"and(two(triangle,(0,1)),one(stripes))",-12.177673171008477
"and(two(triangle,(0,1)),one(dots))",-12.177673171008477
"and(two(triangle,(0,1)),two(circle))",-12.177673171008477
"and(two(triangle,(0,1)),three(medium))",-12.177673171008477
"and(two(triangle,(0,1)),two(triangle))",-12.177673171008477
"and(two(triangle,(0,1)),two(low))",-12.177673171008477
"and(two(triangle,(0,1)),two(medium))",-12.177673171008477
"and(two(triangle,(0,1)),two(high))",-12.177673171008477
"and(two(triangle,(0,1)),two(plain))",-12.177673171008477
"and(two(triangle,(0,1)),two(stripes))",-12.177673171008477
"and(two(triangle,(0,1)),two(dots))",-12.177673171008477
"and(two(triangle,(0,1)),three(square))",-12.177673171008477
"and(two(triangle,(0,1)),three(circle))",-12.177673171008477
"and(two(triangle,(0,1)),three(triangle))",-12.177673171008477
"and(two(triangle,(0,1)),three(low))",-12.177673171008477
"and(two(triangle,(0,2)),three(circle))",-12.177673171008477
"and(two(triangle,(0,2)),three(low))",-12.177673171008477
"and(two(low,(0,1)),two(medium))",-12.177673171008477
"and(two(low,(0,1)),one(square))",-12.177673171008477
"and(two(triangle,(1,2)),three(triangle))",-12.177673171008477
"and(two(triangle,(1,2)),three(low))",-12.177673171008477
"and(two(triangle,(1,2)),three(medium))",-12.177673171008477
"and(two(triangle,(1,2)),three(high))",-12.177673171008477
"and(two(triangle,(1,2)),three(plain))",-12.177673171008477
"and(two(triangle,(1,2)),three(stripes))",-12.177673171008477
"and(two(triangle,(1,2)),three(dots))",-12.177673171008477
"and(one(high),two(medium,(1,2)))",-12.177673171008477
"and(one(high),two(medium,(0,2)))",-12.177673171008477
"and(one(high),two(medium,(0,1)))",-12.177673171008477
"and(one(high),two(low,(1,2)))",-12.177673171008477
"and(two(low,(0,1)),one(circle))",-12.177673171008477
"and(two(triangle,(1,2)),three(square))",-12.177673171008477
"and(two(low,(0,1)),one(triangle))",-12.177673171008477
"and(two(low,(0,1)),one(low))",-12.177673171008477
"and(two(low,(0,1)),one(medium))",-12.177673171008477
"and(two(low,(0,1)),one(high))",-12.177673171008477
"and(two(low,(0,1)),one(plain))",-12.177673171008477
"and(two(low,(0,1)),one(stripes))",-12.177673171008477
"and(two(low,(0,1)),one(dots))",-12.177673171008477
"and(two(low,(0,1)),two(square))",-12.177673171008477
"and(two(low,(0,1)),two(circle))",-12.177673171008477
"and(two(low,(0,1)),two(triangle))",-12.177673171008477
"and(two(low,(0,1)),two(low))",-12.177673171008477
"and(two(triangle,(1,2)),three(circle))",-12.177673171008477
"and(two(triangle,(1,2)),two(dots))",-12.177673171008477
"and(two(triangle,(0,2)),three(medium))",-12.177673171008477
"and(two(triangle,(1,2)),one(low))",-12.177673171008477
"and(two(triangle,(0,2)),three(high))",-12.177673171008477
"and(two(triangle,(0,2)),three(plain))",-12.177673171008477
"and(two(triangle,(0,2)),three(stripes))",-12.177673171008477
"and(two(triangle,(0,2)),three(dots))",-12.177673171008477
"and(one(high),two(plain,(0,1)))",-12.177673171008477
"and(one(high),two(high,(1,2)))",-12.177673171008477
"and(one(high),two(high,(0,2)))",-12.177673171008477
"and(one(high),two(high,(0,1)))",-12.177673171008477
"and(two(triangle,(1,2)),one(square))",-12.177673171008477
"and(two(triangle,(1,2)),one(circle))",-12.177673171008477
"and(two(triangle,(1,2)),one(triangle))",-12.177673171008477
"and(two(triangle,(1,2)),one(medium))",-12.177673171008477
"and(two(triangle,(1,2)),two(stripes))",-12.177673171008477
"and(two(triangle,(1,2)),one(high))",-12.177673171008477
"and(two(triangle,(1,2)),one(plain))",-12.177673171008477
"and(two(triangle,(1,2)),one(stripes))",-12.177673171008477
"and(two(triangle,(1,2)),one(dots))",-12.177673171008477
"and(two(triangle,(1,2)),two(square))",-12.177673171008477
"and(two(triangle,(1,2)),two(circle))",-12.177673171008477
"and(two(triangle,(1,2)),two(triangle))",-12.177673171008477
"and(two(triangle,(1,2)),two(low))",-12.177673171008477
"and(two(triangle,(1,2)),two(medium))",-12.177673171008477
"and(two(triangle,(1,2)),two(high))",-12.177673171008477
"and(two(triangle,(1,2)),two(plain))",-12.177673171008477
"and(two(medium,(0,2)),one(circle))",-12.177673171008477
"and(two(medium,(0,2)),one(triangle))",-12.177673171008477
"and(two(medium,(0,2)),one(low))",-12.177673171008477
"and(two(plain,(0,1)),one(square))",-12.177673171008477
"and(two(high,(1,2)),three(triangle))",-12.177673171008477
"and(two(high,(1,2)),three(low))",-12.177673171008477
"and(two(high,(1,2)),three(medium))",-12.177673171008477
"and(two(high,(1,2)),three(high))",-12.177673171008477
"and(two(high,(1,2)),three(plain))",-12.177673171008477
"and(two(high,(1,2)),three(stripes))",-12.177673171008477
"and(two(high,(1,2)),three(dots))",-12.177673171008477
"and(one(high),one(circle,(2)))",-12.177673171008477
"and(one(high),one(circle,(1)))",-12.177673171008477
"and(one(high),one(circle,(0)))",-12.177673171008477
"and(one(high),one(square,(2)))",-12.177673171008477
"and(two(plain,(0,1)),one(circle))",-12.177673171008477
"and(two(high,(1,2)),three(square))",-12.177673171008477
"and(two(plain,(0,1)),one(triangle))",-12.177673171008477
"and(two(plain,(0,1)),one(low))",-12.177673171008477
"and(two(plain,(0,1)),one(medium))",-12.177673171008477
"and(two(plain,(0,1)),one(high))",-12.177673171008477
"and(two(plain,(0,1)),one(plain))",-12.177673171008477
"and(two(plain,(0,1)),one(stripes))",-12.177673171008477
"and(two(plain,(0,1)),one(dots))",-12.177673171008477
"and(two(plain,(0,1)),two(square))",-12.177673171008477
"and(two(plain,(0,1)),two(circle))",-12.177673171008477
"and(two(plain,(0,1)),two(triangle))",-12.177673171008477
"and(two(plain,(0,1)),two(low))",-12.177673171008477
"and(two(high,(1,2)),three(circle))",-12.177673171008477
"and(two(high,(1,2)),two(dots))",-12.177673171008477
"and(two(plain,(0,1)),two(high))",-12.177673171008477
"and(two(high,(1,2)),one(low))",-12.177673171008477
"and(two(high,(0,2)),three(high))",-12.177673171008477
"and(two(high,(0,2)),three(plain))",-12.177673171008477
"and(two(high,(0,2)),three(stripes))",-12.177673171008477
"and(two(high,(0,2)),three(dots))",-12.177673171008477
"and(one(high),one(low,(0)))",-12.177673171008477
"and(one(high),one(triangle,(2)))",-12.177673171008477
"and(one(high),one(triangle,(1)))",-12.177673171008477
"and(one(high),one(triangle,(0)))",-12.177673171008477
"and(two(high,(1,2)),one(square))",-12.177673171008477
"and(two(high,(1,2)),one(circle))",-12.177673171008477
"and(two(high,(1,2)),one(triangle))",-12.177673171008477
"and(two(high,(1,2)),one(medium))",-12.177673171008477
"and(two(high,(1,2)),two(stripes))",-12.177673171008477
"and(two(high,(1,2)),one(high))",-12.177673171008477
"and(two(high,(1,2)),one(plain))",-12.177673171008477
"and(two(high,(1,2)),one(stripes))",-12.177673171008477
"and(two(high,(1,2)),one(dots))",-12.177673171008477
"and(two(high,(1,2)),two(square))",-12.177673171008477
"and(two(high,(1,2)),two(circle))",-12.177673171008477
"and(two(high,(1,2)),two(triangle))",-12.177673171008477
"and(two(high,(1,2)),two(low))",-12.177673171008477
"and(two(high,(1,2)),two(medium))",-12.177673171008477
"and(two(high,(1,2)),two(high))",-12.177673171008477
"and(two(high,(1,2)),two(plain))",-12.177673171008477
"and(two(plain,(0,1)),two(medium))",-12.177673171008477
"and(two(plain,(0,1)),two(plain))",-12.177673171008477
"and(two(medium,(0,2)),one(medium))",-12.177673171008477
"and(two(plain,(1,2)),one(square))",-12.177673171008477
"and(two(plain,(0,2)),two(stripes))",-12.177673171008477
"and(two(plain,(0,2)),two(dots))",-12.177673171008477
"and(two(plain,(0,2)),three(square))",-12.177673171008477
"and(two(plain,(0,2)),three(circle))",-12.177673171008477
"and(two(plain,(0,2)),three(triangle))",-12.177673171008477
"and(two(plain,(0,2)),three(low))",-12.177673171008477
"and(two(plain,(0,2)),three(medium))",-12.177673171008477
"and(two(plain,(0,2)),three(high))",-12.177673171008477
"and(two(plain,(0,2)),three(plain))",-12.177673171008477
"and(two(plain,(0,2)),three(stripes))",-12.177673171008477
"and(two(plain,(0,2)),three(dots))",-12.177673171008477
"and(two(plain,(1,2)),one(circle))",-12.177673171008477
"and(two(plain,(0,2)),two(high))",-12.177673171008477
"and(two(plain,(1,2)),one(triangle))",-12.177673171008477
"and(two(plain,(1,2)),one(low))",-12.177673171008477
"and(two(plain,(1,2)),one(medium))",-12.177673171008477
"and(two(plain,(1,2)),one(high))",-12.177673171008477
"and(two(plain,(1,2)),one(plain))",-12.177673171008477
"and(two(plain,(1,2)),one(stripes))",-12.177673171008477
"and(two(plain,(1,2)),one(dots))",-12.177673171008477
"and(two(plain,(1,2)),two(square))",-12.177673171008477
"and(two(plain,(1,2)),two(circle))",-12.177673171008477
"and(two(plain,(1,2)),two(triangle))",-12.177673171008477
"and(two(plain,(1,2)),two(low))",-12.177673171008477
"and(two(plain,(0,2)),two(plain))",-12.177673171008477
"and(two(plain,(0,2)),two(medium))",-12.177673171008477
"and(two(plain,(0,1)),two(stripes))",-12.177673171008477
"and(one(high),one(square,(0)))",-12.177673171008477
"and(two(plain,(0,1)),two(dots))",-12.177673171008477
"and(two(plain,(0,1)),three(square))",-12.177673171008477
"and(two(plain,(0,1)),three(circle))",-12.177673171008477
"and(two(plain,(0,1)),three(triangle))",-12.177673171008477
"and(two(plain,(0,1)),three(low))",-12.177673171008477
"and(two(plain,(0,1)),three(medium))",-12.177673171008477
"and(two(plain,(0,1)),three(high))",-12.177673171008477
"and(two(plain,(0,1)),three(plain))",-12.177673171008477
"and(two(plain,(0,1)),three(stripes))",-12.177673171008477
"and(two(plain,(0,1)),three(dots))",-12.177673171008477
"and(one(high),one(square,(1)))",-12.177673171008477
"and(two(plain,(0,2)),one(square))",-12.177673171008477
"and(two(plain,(0,2)),two(low))",-12.177673171008477
"and(two(plain,(0,2)),one(circle))",-12.177673171008477
"and(two(plain,(0,2)),one(triangle))",-12.177673171008477
"and(two(plain,(0,2)),one(low))",-12.177673171008477
"and(two(plain,(0,2)),one(medium))",-12.177673171008477
"and(two(plain,(0,2)),one(high))",-12.177673171008477
"and(two(plain,(0,2)),one(plain))",-12.177673171008477
"and(two(plain,(0,2)),one(stripes))",-12.177673171008477
"and(two(plain,(0,2)),one(dots))",-12.177673171008477
"and(two(plain,(0,2)),two(square))",-12.177673171008477
"and(two(plain,(0,2)),two(circle))",-12.177673171008477
"and(two(plain,(0,2)),two(triangle))",-12.177673171008477
"and(two(high,(0,2)),three(medium))",-12.177673171008477
"and(two(high,(0,2)),three(low))",-12.177673171008477
"and(two(high,(0,2)),three(triangle))",-12.177673171008477
"and(two(medium,(1,2)),two(medium))",-12.177673171008477
"and(two(medium,(1,2)),one(triangle))",-12.177673171008477
"and(two(medium,(1,2)),one(low))",-12.177673171008477
"and(two(medium,(1,2)),one(medium))",-12.177673171008477
"and(two(medium,(1,2)),one(high))",-12.177673171008477
"and(two(medium,(1,2)),one(plain))",-12.177673171008477
"and(two(medium,(1,2)),one(stripes))",-12.177673171008477
"and(two(medium,(1,2)),one(dots))",-12.177673171008477
"and(two(medium,(1,2)),two(square))",-12.177673171008477
"and(two(medium,(1,2)),two(circle))",-12.177673171008477
"and(two(medium,(1,2)),two(triangle))",-12.177673171008477
"and(two(medium,(1,2)),two(low))",-12.177673171008477
"and(two(medium,(1,2)),two(high))",-12.177673171008477
"and(two(medium,(1,2)),one(square))",-12.177673171008477
"and(two(medium,(1,2)),two(plain))",-12.177673171008477
"and(two(medium,(1,2)),two(stripes))",-12.177673171008477
"and(two(medium,(1,2)),two(dots))",-12.177673171008477
"and(two(medium,(1,2)),three(square))",-12.177673171008477
"and(two(medium,(1,2)),three(circle))",-12.177673171008477
"and(two(medium,(1,2)),three(triangle))",-12.177673171008477
"and(two(medium,(1,2)),three(low))",-12.177673171008477
"and(two(medium,(1,2)),three(medium))",-12.177673171008477
"and(two(medium,(1,2)),three(high))",-12.177673171008477
"and(two(medium,(1,2)),three(plain))",-12.177673171008477
"and(two(medium,(1,2)),three(stripes))",-12.177673171008477
"and(two(medium,(1,2)),one(circle))",-12.177673171008477
"and(one(high),one(plain,(0)))",-12.177673171008477
"and(two(high,(0,2)),three(circle))",-12.177673171008477
"and(two(medium,(0,2)),two(stripes))",-12.177673171008477
"and(two(medium,(0,2)),one(high))",-12.177673171008477
"and(two(medium,(0,2)),one(plain))",-12.177673171008477
"and(two(medium,(0,2)),one(stripes))",-12.177673171008477
"and(two(medium,(0,2)),one(dots))",-12.177673171008477
"and(two(medium,(0,2)),two(square))",-12.177673171008477
"and(two(medium,(0,2)),two(circle))",-12.177673171008477
"and(two(medium,(0,2)),two(triangle))",-12.177673171008477
"and(two(medium,(0,2)),two(low))",-12.177673171008477
"and(two(medium,(0,2)),two(medium))",-12.177673171008477
"and(two(medium,(0,2)),two(high))",-12.177673171008477
"and(two(medium,(0,2)),two(plain))",-12.177673171008477
"and(two(medium,(0,2)),two(dots))",-12.177673171008477
"and(one(high),one(plain,(1)))",-12.177673171008477
"and(two(medium,(0,2)),three(square))",-12.177673171008477
"and(two(medium,(0,2)),three(circle))",-12.177673171008477
"and(two(medium,(0,2)),three(triangle))",-12.177673171008477
"and(two(medium,(0,2)),three(low))",-12.177673171008477
"and(two(medium,(0,2)),three(medium))",-12.177673171008477
"and(two(medium,(0,2)),three(high))",-12.177673171008477
"and(two(medium,(0,2)),three(plain))",-12.177673171008477
"and(two(medium,(0,2)),three(stripes))",-12.177673171008477
"and(two(medium,(0,2)),three(dots))",-12.177673171008477
"and(one(high),one(stripes,(0)))",-12.177673171008477
"and(one(high),one(plain,(2)))",-12.177673171008477
"and(two(medium,(1,2)),three(dots))",-12.177673171008477
"and(one(high),one(high,(2)))",-12.177673171008477
"and(one(high),one(high,(1)))",-12.177673171008477
"and(two(high,(0,2)),one(plain))",-12.177673171008477
"and(two(high,(0,1)),three(dots))",-12.177673171008477
"and(one(high),one(medium,(1)))",-12.177673171008477
"and(one(high),one(medium,(0)))",-12.177673171008477
"and(one(high),one(low,(2)))",-12.177673171008477
"and(one(high),one(low,(1)))",-12.177673171008477
"and(two(high,(0,2)),one(square))",-12.177673171008477
"and(two(high,(0,2)),one(circle))",-12.177673171008477
"and(two(high,(0,2)),one(triangle))",-12.177673171008477
"and(two(high,(0,2)),one(low))",-12.177673171008477
"and(two(high,(0,2)),one(medium))",-12.177673171008477
"and(two(high,(0,2)),one(high))",-12.177673171008477
"and(two(high,(0,2)),one(stripes))",-12.177673171008477
"and(one(high),one(high,(0)))",-12.177673171008477
"and(two(high,(0,2)),one(dots))",-12.177673171008477
"and(two(high,(0,2)),two(square))",-12.177673171008477
"and(two(high,(0,2)),two(circle))",-12.177673171008477
"and(two(high,(0,2)),two(triangle))",-12.177673171008477
"and(two(high,(0,2)),two(low))",-12.177673171008477
"and(two(high,(0,2)),two(medium))",-12.177673171008477
"and(two(high,(0,2)),two(high))",-12.177673171008477
"and(two(high,(0,2)),two(plain))",-12.177673171008477
"and(two(high,(0,2)),two(stripes))",-12.177673171008477
"and(two(high,(0,2)),two(dots))",-12.177673171008477
"and(two(high,(0,2)),three(square))",-12.177673171008477
"and(two(high,(0,1)),three(stripes))",-12.177673171008477
"and(two(high,(0,1)),three(plain))",-12.177673171008477
"and(two(high,(0,1)),three(high))",-12.177673171008477
"and(two(high,(0,1)),three(medium))",-12.177673171008477
"and(one(high),one(medium,(2)))",-12.177673171008477
"and(two(high,(0,1)),one(square))",-12.177673171008477
"and(two(high,(0,1)),one(circle))",-12.177673171008477
"and(two(high,(0,1)),one(triangle))",-12.177673171008477
"and(two(high,(0,1)),one(low))",-12.177673171008477
"and(two(high,(0,1)),one(medium))",-12.177673171008477
"and(two(high,(0,1)),one(high))",-12.177673171008477
"and(two(high,(0,1)),one(plain))",-12.177673171008477
"and(two(high,(0,1)),one(stripes))",-12.177673171008477
"and(two(high,(0,1)),one(dots))",-12.177673171008477
"and(two(high,(0,1)),two(square))",-12.177673171008477
"and(two(high,(0,1)),two(circle))",-12.177673171008477
"and(two(high,(0,1)),two(triangle))",-12.177673171008477
"and(two(high,(0,1)),two(low))",-12.177673171008477
"and(two(high,(0,1)),two(medium))",-12.177673171008477
"and(two(high,(0,1)),two(high))",-12.177673171008477
"and(two(high,(0,1)),two(plain))",-12.177673171008477
"and(two(high,(0,1)),two(stripes))",-12.177673171008477
"and(two(high,(0,1)),two(dots))",-12.177673171008477
"and(two(high,(0,1)),three(square))",-12.177673171008477
"and(two(high,(0,1)),three(circle))",-12.177673171008477
"and(two(high,(0,1)),three(triangle))",-12.177673171008477
"and(two(high,(0,1)),three(low))",-12.177673171008477
"and(one(plain),two(square,(1,2)))",-12.177673171008477
"and(one(plain,(2)),three(stripes))",-12.177673171008477
"and(one(plain),two(circle,(0,2)))",-12.177673171008477
"and(two(circle),one(plain,(2)))",-12.177673171008477
"and(two(circle),one(medium,(0)))",-12.177673171008477
"and(two(circle),one(medium,(1)))",-12.177673171008477
"and(two(circle),one(medium,(2)))",-12.177673171008477
"and(two(circle),one(high,(0)))",-12.177673171008477
"and(two(circle),one(high,(1)))",-12.177673171008477
"and(two(circle),one(high,(2)))",-12.177673171008477
"and(two(circle),one(plain,(0)))",-12.177673171008477
"and(two(circle),one(plain,(1)))",-12.177673171008477
"and(two(circle),one(stripes,(0)))",-12.177673171008477
"and(two(triangle),one(plain,(1)))",-12.177673171008477
"and(two(circle),one(stripes,(1)))",-12.177673171008477
"and(two(circle),one(stripes,(2)))",-12.177673171008477
"and(two(circle),one(dots,(0)))",-12.177673171008477
"and(two(circle),one(dots,(1)))",-12.177673171008477
"and(two(circle),one(dots,(2)))",-12.177673171008477
"and(two(circle),two(square,(0,1)))",-12.177673171008477
"and(two(circle),two(square,(0,2)))",-12.177673171008477
"and(two(circle),two(square,(1,2)))",-12.177673171008477
"and(two(circle),one(low,(2)))",-12.177673171008477
"and(two(circle),one(low,(1)))",-12.177673171008477
"and(two(circle),one(low,(0)))",-12.177673171008477
"and(two(circle),one(triangle,(2)))",-12.177673171008477
"and(two(square),two(plain,(0,1)))",-12.177673171008477
"and(two(square),two(plain,(0,2)))",-12.177673171008477
"and(two(square),two(plain,(1,2)))",-12.177673171008477
"and(two(square),two(stripes,(0,1)))",-12.177673171008477
"and(two(square),two(stripes,(0,2)))",-12.177673171008477
"and(two(square),two(stripes,(1,2)))",-12.177673171008477
"and(two(square),two(dots,(0,1)))",-12.177673171008477
"and(two(square),two(dots,(0,2)))",-12.177673171008477
"and(two(square),two(dots,(1,2)))",-12.177673171008477
"and(two(circle),one(square,(0)))",-12.177673171008477
"and(two(circle),one(square,(1)))",-12.177673171008477
"and(two(circle),one(square,(2)))",-12.177673171008477
"and(two(circle),one(circle,(0)))",-12.177673171008477
"and(two(circle),one(circle,(1)))",-12.177673171008477
"and(two(circle),one(circle,(2)))",-12.177673171008477
"and(two(circle),one(triangle,(0)))",-12.177673171008477
"and(two(circle),one(triangle,(1)))",-12.177673171008477
"and(two(circle),two(circle,(0,1)))",-12.177673171008477
"and(two(circle),two(circle,(0,2)))",-12.177673171008477
"and(two(circle),two(circle,(1,2)))",-12.177673171008477
"and(two(circle),two(dots,(1,2)))",-12.177673171008477
"and(two(triangle),one(square,(1)))",-12.177673171008477
"and(two(triangle),one(square,(2)))",-12.177673171008477
"and(two(triangle),one(circle,(0)))",-12.177673171008477
"and(two(triangle),one(circle,(1)))",-12.177673171008477
"and(two(triangle),one(circle,(2)))",-12.177673171008477
"and(two(triangle),one(triangle,(0)))",-12.177673171008477
"and(two(triangle),one(triangle,(1)))",-12.177673171008477
"and(two(triangle),one(triangle,(2)))",-12.177673171008477
"and(two(triangle),one(low,(0)))",-12.177673171008477
"and(two(triangle),one(low,(1)))",-12.177673171008477
"and(two(triangle),one(low,(2)))",-12.177673171008477
"and(two(triangle),one(medium,(0)))",-12.177673171008477
"and(two(triangle),one(medium,(1)))",-12.177673171008477
"and(two(triangle),one(medium,(2)))",-12.177673171008477
"and(two(triangle),one(high,(0)))",-12.177673171008477
"and(two(triangle),one(high,(1)))",-12.177673171008477
"and(two(triangle),one(high,(2)))",-12.177673171008477
"and(two(triangle),one(square,(0)))",-12.177673171008477
"and(two(circle),two(dots,(0,2)))",-12.177673171008477
"and(two(circle),two(triangle,(0,1)))",-12.177673171008477
"and(two(circle),two(dots,(0,1)))",-12.177673171008477
"and(two(circle),two(triangle,(0,2)))",-12.177673171008477
"and(two(circle),two(triangle,(1,2)))",-12.177673171008477
"and(two(circle),two(low,(0,1)))",-12.177673171008477
"and(two(circle),two(low,(0,2)))",-12.177673171008477
"and(two(circle),two(low,(1,2)))",-12.177673171008477
"and(two(circle),two(medium,(0,1)))",-12.177673171008477
"and(two(circle),two(medium,(0,2)))",-12.177673171008477
"and(two(circle),two(medium,(1,2)))",-12.177673171008477
"and(two(circle),two(high,(0,1)))",-12.177673171008477
"and(two(circle),two(high,(0,2)))",-12.177673171008477
"and(two(circle),two(high,(1,2)))",-12.177673171008477
"and(two(circle),two(plain,(0,1)))",-12.177673171008477
"and(two(circle),two(plain,(0,2)))",-12.177673171008477
"and(two(circle),two(plain,(1,2)))",-12.177673171008477
"and(two(circle),two(stripes,(0,1)))",-12.177673171008477
"and(two(circle),two(stripes,(0,2)))",-12.177673171008477
"and(two(circle),two(stripes,(1,2)))",-12.177673171008477
"and(two(square),two(high,(1,2)))",-12.177673171008477
"and(two(square),two(high,(0,2)))",-12.177673171008477
"and(two(square),two(high,(0,1)))",-12.177673171008477
"and(one(dots),two(triangle,(0,2)))",-12.177673171008477
"and(one(dots),two(low,(0,1)))",-12.177673171008477
"and(one(dots),two(low,(0,2)))",-12.177673171008477
"and(one(dots),two(low,(1,2)))",-12.177673171008477
"and(one(dots),two(medium,(0,1)))",-12.177673171008477
"and(one(dots),two(medium,(0,2)))",-12.177673171008477
"and(one(dots),two(medium,(1,2)))",-12.177673171008477
"and(one(dots),two(high,(0,1)))",-12.177673171008477
"and(one(dots),two(high,(0,2)))",-12.177673171008477
"and(one(dots),two(high,(1,2)))",-12.177673171008477
"and(one(dots),two(plain,(0,1)))",-12.177673171008477
"and(one(dots),two(plain,(0,2)))",-12.177673171008477
"and(one(dots),two(plain,(1,2)))",-12.177673171008477
"and(one(dots),two(stripes,(0,1)))",-12.177673171008477
"and(one(dots),two(stripes,(0,2)))",-12.177673171008477
"and(one(dots),two(stripes,(1,2)))",-12.177673171008477
"and(one(dots),two(dots,(0,1)))",-12.177673171008477
"and(one(dots),two(dots,(0,2)))",-12.177673171008477
"and(one(dots),two(triangle,(1,2)))",-12.177673171008477
"and(one(dots),two(triangle,(0,1)))",-12.177673171008477
"and(two(square),one(square,(0)))",-12.177673171008477
"and(one(dots),two(circle,(1,2)))",-12.177673171008477
"and(one(dots),one(high,(0)))",-12.177673171008477
"and(one(dots),one(high,(1)))",-12.177673171008477
"and(one(dots),one(high,(2)))",-12.177673171008477
"and(one(dots),one(plain,(0)))",-12.177673171008477
"and(one(dots),one(plain,(1)))",-12.177673171008477
"and(one(dots),one(plain,(2)))",-12.177673171008477
"and(one(dots),one(stripes,(0)))",-12.177673171008477
"and(one(dots),one(stripes,(1)))",-12.177673171008477
"and(one(dots),one(stripes,(2)))",-12.177673171008477
"and(one(dots),one(dots,(0)))",-12.177673171008477
"and(one(dots),one(dots,(1)))",-12.177673171008477
"and(one(dots),one(dots,(2)))",-12.177673171008477
"and(one(dots),two(square,(0,1)))",-12.177673171008477
"and(one(dots),two(square,(0,2)))",-12.177673171008477
"and(one(dots),two(square,(1,2)))",-12.177673171008477
"and(one(dots),two(circle,(0,1)))",-12.177673171008477
"and(one(dots),two(circle,(0,2)))",-12.177673171008477
"and(one(dots),two(dots,(1,2)))",-12.177673171008477
"and(two(square),one(square,(1)))",-12.177673171008477
"and(two(square),two(medium,(1,2)))",-12.177673171008477
"and(two(square),one(stripes,(1)))",-12.177673171008477
"and(two(square),one(dots,(0)))",-12.177673171008477
"and(two(square),one(dots,(1)))",-12.177673171008477
"and(two(square),one(dots,(2)))",-12.177673171008477
"and(two(square),two(square,(0,1)))",-12.177673171008477
"and(two(square),two(square,(0,2)))",-12.177673171008477
"and(two(square),two(square,(1,2)))",-12.177673171008477
"and(two(square),two(circle,(0,1)))",-12.177673171008477
"and(two(square),two(circle,(0,2)))",-12.177673171008477
"and(two(square),two(circle,(1,2)))",-12.177673171008477
"and(two(square),two(triangle,(0,1)))",-12.177673171008477
"and(two(square),two(triangle,(0,2)))",-12.177673171008477
"and(two(square),two(triangle,(1,2)))",-12.177673171008477
"and(two(square),two(low,(0,1)))",-12.177673171008477
"and(two(square),two(low,(0,2)))",-12.177673171008477
"and(two(square),two(low,(1,2)))",-12.177673171008477
"and(two(square),two(medium,(0,1)))",-12.177673171008477
"and(two(square),two(medium,(0,2)))",-12.177673171008477
"and(two(square),one(stripes,(2)))",-12.177673171008477
"and(two(square),one(stripes,(0)))",-12.177673171008477
"and(two(square),one(square,(2)))",-12.177673171008477
"and(two(square),one(plain,(2)))",-12.177673171008477
"and(two(square),one(circle,(0)))",-12.177673171008477
"and(two(square),one(circle,(1)))",-12.177673171008477
"and(two(square),one(circle,(2)))",-12.177673171008477
"and(two(square),one(triangle,(0)))",-12.177673171008477
"and(two(square),one(triangle,(1)))",-12.177673171008477
"and(two(square),one(triangle,(2)))",-12.177673171008477
"and(two(square),one(low,(0)))",-12.177673171008477
"and(two(square),one(low,(1)))",-12.177673171008477
"and(two(square),one(low,(2)))",-12.177673171008477
"and(two(square),one(medium,(0)))",-12.177673171008477
"and(two(square),one(medium,(1)))",-12.177673171008477
"and(two(square),one(medium,(2)))",-12.177673171008477
"and(two(square),one(high,(0)))",-12.177673171008477
"and(two(square),one(high,(1)))",-12.177673171008477
"and(two(square),one(high,(2)))",-12.177673171008477
"and(two(square),one(plain,(0)))",-12.177673171008477
"and(two(square),one(plain,(1)))",-12.177673171008477
"and(two(triangle),one(plain,(0)))",-12.177673171008477
"and(two(triangle),one(plain,(2)))",-12.177673171008477
"and(two(high),one(dots,(2)))",-12.177673171008477
"and(two(medium),two(square,(0,1)))",-12.177673171008477
"and(two(medium),one(plain,(1)))",-12.177673171008477
"and(two(medium),one(plain,(2)))",-12.177673171008477
"and(two(medium),one(stripes,(0)))",-12.177673171008477
"and(two(medium),one(stripes,(1)))",-12.177673171008477
"and(two(medium),one(stripes,(2)))",-12.177673171008477
"and(two(medium),one(dots,(0)))",-12.177673171008477
"and(two(medium),one(dots,(1)))",-12.177673171008477
"and(two(medium),one(dots,(2)))",-12.177673171008477
"and(two(medium),two(square,(0,2)))",-12.177673171008477
"and(two(triangle),one(stripes,(0)))",-12.177673171008477
"and(two(medium),two(square,(1,2)))",-12.177673171008477
"and(two(medium),two(circle,(0,1)))",-12.177673171008477
"and(two(medium),two(circle,(0,2)))",-12.177673171008477
"and(two(medium),two(circle,(1,2)))",-12.177673171008477
"and(two(medium),two(triangle,(0,1)))",-12.177673171008477
"and(two(medium),two(triangle,(0,2)))",-12.177673171008477
"and(two(medium),two(triangle,(1,2)))",-12.177673171008477
"and(two(medium),two(low,(0,1)))",-12.177673171008477
"and(two(medium),one(plain,(0)))",-12.177673171008477
"and(two(medium),one(high,(2)))",-12.177673171008477
"and(two(medium),one(high,(1)))",-12.177673171008477
"and(two(medium),one(high,(0)))",-12.177673171008477
"and(two(low),two(dots,(0,2)))",-12.177673171008477
"and(two(low),two(dots,(1,2)))",-12.177673171008477
"and(two(medium),one(square,(0)))",-12.177673171008477
"and(two(medium),one(square,(1)))",-12.177673171008477
"and(two(medium),one(square,(2)))",-12.177673171008477
"and(two(medium),one(circle,(0)))",-12.177673171008477
"and(two(medium),one(circle,(1)))",-12.177673171008477
"and(two(medium),one(circle,(2)))",-12.177673171008477
"and(two(medium),one(triangle,(0)))",-12.177673171008477
"and(two(medium),one(triangle,(1)))",-12.177673171008477
"and(two(medium),one(triangle,(2)))",-12.177673171008477
"and(two(medium),one(low,(0)))",-12.177673171008477
"and(two(medium),one(low,(1)))",-12.177673171008477
"and(two(medium),one(low,(2)))",-12.177673171008477
"and(two(medium),one(medium,(0)))",-12.177673171008477
"and(two(medium),one(medium,(1)))",-12.177673171008477
"and(two(medium),one(medium,(2)))",-12.177673171008477
"and(two(medium),two(low,(0,2)))",-12.177673171008477
"and(two(medium),two(low,(1,2)))",-12.177673171008477
"and(two(medium),two(medium,(0,1)))",-12.177673171008477
"and(two(high),one(triangle,(0)))",-12.177673171008477
"and(two(high),one(triangle,(2)))",-12.177673171008477
"and(two(high),one(low,(0)))",-12.177673171008477
"and(two(high),one(low,(1)))",-12.177673171008477
"and(two(high),one(low,(2)))",-12.177673171008477
"and(two(high),one(medium,(0)))",-12.177673171008477
"and(two(high),one(medium,(1)))",-12.177673171008477
"and(two(high),one(medium,(2)))",-12.177673171008477
"and(two(high),one(high,(0)))",-12.177673171008477
"and(two(high),one(high,(1)))",-12.177673171008477
"and(two(high),one(high,(2)))",-12.177673171008477
"and(two(high),one(plain,(0)))",-12.177673171008477
"and(two(high),one(plain,(1)))",-12.177673171008477
"and(two(high),one(plain,(2)))",-12.177673171008477
"and(two(high),one(stripes,(0)))",-12.177673171008477
"and(two(high),one(stripes,(1)))",-12.177673171008477
"and(two(high),one(stripes,(2)))",-12.177673171008477
"and(two(high),one(dots,(0)))",-12.177673171008477
"and(two(high),one(triangle,(1)))",-12.177673171008477
"and(two(high),one(circle,(2)))",-12.177673171008477
"and(two(medium),two(medium,(0,2)))",-12.177673171008477
"and(two(high),one(circle,(1)))",-12.177673171008477
"and(two(medium),two(medium,(1,2)))",-12.177673171008477
"and(two(medium),two(high,(0,1)))",-12.177673171008477
"and(two(medium),two(high,(0,2)))",-12.177673171008477
"and(two(medium),two(high,(1,2)))",-12.177673171008477
"and(two(medium),two(plain,(0,1)))",-12.177673171008477
"and(two(medium),two(plain,(0,2)))",-12.177673171008477
"and(two(medium),two(plain,(1,2)))",-12.177673171008477
"and(two(medium),two(stripes,(0,1)))",-12.177673171008477
"and(two(medium),two(stripes,(0,2)))",-12.177673171008477
"and(two(medium),two(stripes,(1,2)))",-12.177673171008477
"and(two(medium),two(dots,(0,1)))",-12.177673171008477
"and(two(medium),two(dots,(0,2)))",-12.177673171008477
"and(two(medium),two(dots,(1,2)))",-12.177673171008477
"and(two(high),one(square,(0)))",-12.177673171008477
"and(two(high),one(square,(1)))",-12.177673171008477
"and(two(high),one(square,(2)))",-12.177673171008477
"and(two(high),one(circle,(0)))",-12.177673171008477
"and(two(low),two(dots,(0,1)))",-12.177673171008477
"and(two(low),two(stripes,(1,2)))",-12.177673171008477
"and(two(low),two(stripes,(0,2)))",-12.177673171008477
"and(two(triangle),two(medium,(1,2)))",-12.177673171008477
"and(two(triangle),two(high,(0,2)))",-12.177673171008477
"and(two(triangle),two(high,(1,2)))",-12.177673171008477
"and(two(triangle),two(plain,(0,1)))",-12.177673171008477
"and(two(triangle),two(plain,(0,2)))",-12.177673171008477
"and(two(triangle),two(plain,(1,2)))",-12.177673171008477
"and(two(triangle),two(stripes,(0,1)))",-12.177673171008477
"and(two(triangle),two(stripes,(0,2)))",-12.177673171008477
"and(two(triangle),two(stripes,(1,2)))",-12.177673171008477
"and(two(triangle),two(dots,(0,1)))",-12.177673171008477
"and(two(triangle),two(dots,(0,2)))",-12.177673171008477
"and(two(triangle),two(dots,(1,2)))",-12.177673171008477
"and(two(low),one(square,(0)))",-12.177673171008477
"and(two(low),one(square,(1)))",-12.177673171008477
"and(two(low),one(square,(2)))",-12.177673171008477
"and(two(low),one(circle,(0)))",-12.177673171008477
"and(two(low),one(circle,(1)))",-12.177673171008477
"and(two(low),one(circle,(2)))",-12.177673171008477
"and(two(triangle),two(high,(0,1)))",-12.177673171008477
"and(two(triangle),two(medium,(0,2)))",-12.177673171008477
"and(two(low),one(triangle,(1)))",-12.177673171008477
"and(two(triangle),two(medium,(0,1)))",-12.177673171008477
"and(two(triangle),one(stripes,(1)))",-12.177673171008477
"and(two(triangle),one(stripes,(2)))",-12.177673171008477
"and(two(triangle),one(dots,(0)))",-12.177673171008477
"and(two(triangle),one(dots,(1)))",-12.177673171008477
"and(two(triangle),one(dots,(2)))",-12.177673171008477
"and(two(triangle),two(square,(0,1)))",-12.177673171008477
"and(two(triangle),two(square,(0,2)))",-12.177673171008477
"and(two(triangle),two(square,(1,2)))",-12.177673171008477
"and(two(triangle),two(circle,(0,1)))",-12.177673171008477
"and(two(triangle),two(circle,(0,2)))",-12.177673171008477
"and(two(triangle),two(circle,(1,2)))",-12.177673171008477
"and(two(triangle),two(triangle,(0,1)))",-12.177673171008477
"and(two(triangle),two(triangle,(0,2)))",-12.177673171008477
"and(two(triangle),two(triangle,(1,2)))",-12.177673171008477
"and(two(triangle),two(low,(0,1)))",-12.177673171008477
"and(two(triangle),two(low,(0,2)))",-12.177673171008477
"and(two(triangle),two(low,(1,2)))",-12.177673171008477
"and(two(low),one(triangle,(0)))",-12.177673171008477
"and(two(low),one(triangle,(2)))",-12.177673171008477
"and(two(low),two(stripes,(0,1)))",-12.177673171008477
"and(two(low),two(square,(1,2)))",-12.177673171008477
"and(two(low),two(circle,(0,2)))",-12.177673171008477
"and(two(low),two(circle,(1,2)))",-12.177673171008477
"and(two(low),two(triangle,(0,1)))",-12.177673171008477
"and(two(low),two(triangle,(0,2)))",-12.177673171008477
"and(two(low),two(triangle,(1,2)))",-12.177673171008477
"and(two(low),two(low,(0,1)))",-12.177673171008477
"and(two(low),two(low,(0,2)))",-12.177673171008477
"and(two(low),two(low,(1,2)))",-12.177673171008477
"and(two(low),two(medium,(0,1)))",-12.177673171008477
"and(two(low),two(medium,(0,2)))",-12.177673171008477
"and(two(low),two(medium,(1,2)))",-12.177673171008477
"and(two(low),two(high,(0,1)))",-12.177673171008477
"and(two(low),two(high,(0,2)))",-12.177673171008477
"and(two(low),two(high,(1,2)))",-12.177673171008477
"and(two(low),two(plain,(0,1)))",-12.177673171008477
"and(two(low),two(plain,(0,2)))",-12.177673171008477
"and(two(low),two(plain,(1,2)))",-12.177673171008477
"and(two(low),two(circle,(0,1)))",-12.177673171008477
"and(two(low),two(square,(0,2)))",-12.177673171008477
"and(two(low),one(low,(0)))",-12.177673171008477
"and(two(low),two(square,(0,1)))",-12.177673171008477
"and(two(low),one(low,(1)))",-12.177673171008477
"and(two(low),one(low,(2)))",-12.177673171008477
"and(two(low),one(medium,(0)))",-12.177673171008477
"and(two(low),one(medium,(1)))",-12.177673171008477
"and(two(low),one(medium,(2)))",-12.177673171008477
"and(two(low),one(high,(0)))",-12.177673171008477
"and(two(low),one(high,(1)))",-12.177673171008477
"and(two(low),one(high,(2)))",-12.177673171008477
"and(two(low),one(plain,(0)))",-12.177673171008477
"and(two(low),one(plain,(1)))",-12.177673171008477
"and(two(low),one(plain,(2)))",-12.177673171008477
"and(two(low),one(stripes,(0)))",-12.177673171008477
"and(two(low),one(stripes,(1)))",-12.177673171008477
"and(two(low),one(stripes,(2)))",-12.177673171008477
"and(two(low),one(dots,(0)))",-12.177673171008477
"and(two(low),one(dots,(1)))",-12.177673171008477
"and(two(low),one(dots,(2)))",-12.177673171008477
"and(one(dots),one(medium,(2)))",-12.177673171008477
"and(one(dots),one(medium,(1)))",-12.177673171008477
"and(one(dots),one(medium,(0)))",-12.177673171008477
"and(one(circle,(2)),three(circle))",-12.177673171008477
"and(one(stripes),one(square,(0)))",-12.177673171008477
"and(one(circle,(2)),three(dots))",-12.177673171008477
"and(one(circle,(2)),three(stripes))",-12.177673171008477
"and(one(circle,(2)),three(plain))",-12.177673171008477
"and(one(circle,(2)),three(high))",-12.177673171008477
"and(one(circle,(2)),three(medium))",-12.177673171008477
"and(one(circle,(2)),three(low))",-12.177673171008477
"and(one(circle,(2)),three(triangle))",-12.177673171008477
"and(one(circle,(2)),three(square))",-12.177673171008477
"and(one(dots),one(low,(2)))",-12.177673171008477
"and(one(circle,(2)),two(dots))",-12.177673171008477
"and(one(circle,(2)),two(stripes))",-12.177673171008477
"and(one(circle,(2)),two(plain))",-12.177673171008477
"and(one(circle,(2)),two(high))",-12.177673171008477
"and(one(circle,(2)),two(medium))",-12.177673171008477
"and(one(circle,(2)),two(low))",-12.177673171008477
"and(one(circle,(2)),two(triangle))",-12.177673171008477
"and(one(circle,(2)),two(circle))",-12.177673171008477
"and(one(triangle,(0)),one(square))",-12.177673171008477
"and(one(triangle,(0)),one(circle))",-12.177673171008477
"and(one(triangle,(0)),one(triangle))",-12.177673171008477
"and(one(triangle,(0)),one(low))",-12.177673171008477
"and(one(triangle,(0)),three(triangle))",-12.177673171008477
"and(one(triangle,(0)),three(circle))",-12.177673171008477
"and(one(triangle,(0)),three(square))",-12.177673171008477
"and(one(triangle,(0)),two(dots))",-12.177673171008477
"and(one(triangle,(0)),two(stripes))",-12.177673171008477
"and(one(triangle,(0)),two(plain))",-12.177673171008477
"and(one(triangle,(0)),two(high))",-12.177673171008477
"and(one(triangle,(0)),two(medium))",-12.177673171008477
"and(one(triangle,(0)),two(low))",-12.177673171008477
"and(one(triangle,(0)),two(triangle))",-12.177673171008477
"and(one(triangle,(0)),two(circle))",-12.177673171008477
"and(one(triangle,(0)),two(square))",-12.177673171008477
"and(one(triangle,(0)),one(dots))",-12.177673171008477
"and(one(triangle,(0)),one(stripes))",-12.177673171008477
"and(one(triangle,(0)),one(plain))",-12.177673171008477
"and(one(triangle,(0)),one(high))",-12.177673171008477
"and(one(triangle,(0)),one(medium))",-12.177673171008477
"and(one(circle,(2)),two(square))",-12.177673171008477
"and(one(circle,(2)),one(dots))",-12.177673171008477
"and(one(circle,(2)),one(stripes))",-12.177673171008477
"and(one(circle,(1)),three(square))",-12.177673171008477
"and(one(circle,(1)),two(stripes))",-12.177673171008477
"and(one(circle,(1)),two(plain))",-12.177673171008477
"and(one(circle,(1)),two(high))",-12.177673171008477
"and(one(circle,(1)),two(medium))",-12.177673171008477
"and(one(circle,(1)),two(low))",-12.177673171008477
"and(one(circle,(1)),two(triangle))",-12.177673171008477
"and(one(circle,(1)),two(circle))",-12.177673171008477
"and(one(circle,(1)),two(square))",-12.177673171008477
"and(one(circle,(1)),one(dots))",-12.177673171008477
"and(one(circle,(1)),one(stripes))",-12.177673171008477
"and(one(circle,(1)),one(plain))",-12.177673171008477
"and(one(circle,(1)),one(high))",-12.177673171008477
"and(one(circle,(1)),one(medium))",-12.177673171008477
"and(one(circle,(1)),one(low))",-12.177673171008477
"and(one(circle,(1)),one(triangle))",-12.177673171008477
"and(one(circle,(1)),one(circle))",-12.177673171008477
"and(one(circle,(1)),one(square))",-12.177673171008477
"and(one(circle,(1)),two(dots))",-12.177673171008477
"and(one(circle,(1)),three(circle))",-12.177673171008477
"and(one(circle,(2)),one(plain))",-12.177673171008477
"and(one(circle,(1)),three(triangle))",-12.177673171008477
"and(one(circle,(2)),one(high))",-12.177673171008477
"and(one(circle,(2)),one(medium))",-12.177673171008477
"and(one(circle,(2)),one(low))",-12.177673171008477
"and(one(circle,(2)),one(triangle))",-12.177673171008477
"and(one(circle,(2)),one(circle))",-12.177673171008477
"and(one(circle,(2)),one(square))",-12.177673171008477
"and(one(plain),two(circle,(1,2)))",-12.177673171008477
"and(one(stripes),one(square,(1)))",-12.177673171008477
"and(one(stripes),one(square,(2)))",-12.177673171008477
"and(one(stripes),one(circle,(0)))",-12.177673171008477
"and(one(stripes),one(circle,(1)))",-12.177673171008477
"and(one(circle,(1)),three(dots))",-12.177673171008477
"and(one(circle,(1)),three(stripes))",-12.177673171008477
"and(one(circle,(1)),three(plain))",-12.177673171008477
"and(one(circle,(1)),three(high))",-12.177673171008477
"and(one(circle,(1)),three(medium))",-12.177673171008477
"and(one(circle,(1)),three(low))",-12.177673171008477
"and(one(triangle,(0)),three(low))",-12.177673171008477
"and(one(triangle,(0)),three(medium))",-12.177673171008477
"and(one(triangle,(0)),three(high))",-12.177673171008477
"and(one(low,(0)),one(high))",-12.177673171008477
"and(one(low,(0)),one(low))",-12.177673171008477
"and(one(low,(0)),one(triangle))",-12.177673171008477
"and(one(low,(0)),one(circle))",-12.177673171008477
"and(one(triangle,(2)),three(dots))",-12.177673171008477
"and(one(triangle,(2)),three(stripes))",-12.177673171008477
"and(one(triangle,(2)),three(plain))",-12.177673171008477
"and(one(triangle,(2)),three(high))",-12.177673171008477
"and(one(triangle,(2)),three(medium))",-12.177673171008477
"and(one(triangle,(2)),three(low))",-12.177673171008477
"and(one(triangle,(2)),three(triangle))",-12.177673171008477
"and(one(triangle,(2)),three(circle))",-12.177673171008477
"and(one(triangle,(2)),three(square))",-12.177673171008477
"and(one(triangle,(2)),two(dots))",-12.177673171008477
"and(one(triangle,(2)),two(stripes))",-12.177673171008477
"and(one(triangle,(2)),two(plain))",-12.177673171008477
"and(one(triangle,(2)),two(high))",-12.177673171008477
"and(one(triangle,(2)),two(medium))",-12.177673171008477
"and(one(low,(0)),one(medium))",-12.177673171008477
"and(one(low,(0)),one(plain))",-12.177673171008477
"and(one(triangle,(2)),two(triangle))",-12.177673171008477
"and(one(low,(0)),one(stripes))",-12.177673171008477
"and(one(low,(0)),three(plain))",-12.177673171008477
"and(one(low,(0)),three(high))",-12.177673171008477
"and(one(low,(0)),three(medium))",-12.177673171008477
"and(one(low,(0)),three(low))",-12.177673171008477
"and(one(low,(0)),three(triangle))",-12.177673171008477
"and(one(low,(0)),three(circle))",-12.177673171008477
"and(one(low,(0)),three(square))",-12.177673171008477
"and(one(low,(0)),two(dots))",-12.177673171008477
"and(one(low,(0)),two(stripes))",-12.177673171008477
"and(one(low,(0)),two(plain))",-12.177673171008477
"and(one(low,(0)),two(high))",-12.177673171008477
"and(one(low,(0)),two(medium))",-12.177673171008477
"and(one(low,(0)),two(low))",-12.177673171008477
"and(one(low,(0)),two(triangle))",-12.177673171008477
"and(one(low,(0)),two(circle))",-12.177673171008477
"and(one(low,(0)),two(square))",-12.177673171008477
"and(one(low,(0)),one(dots))",-12.177673171008477
"and(one(triangle,(2)),two(low))",-12.177673171008477
"and(one(triangle,(2)),two(circle))",-12.177673171008477
"and(one(triangle,(0)),three(plain))",-12.177673171008477
"and(one(triangle,(1)),two(stripes))",-12.177673171008477
"and(one(triangle,(1)),two(high))",-12.177673171008477
"and(one(triangle,(1)),two(medium))",-12.177673171008477
"and(one(triangle,(1)),two(low))",-12.177673171008477
"and(one(triangle,(1)),two(triangle))",-12.177673171008477
"and(one(triangle,(1)),two(circle))",-12.177673171008477
"and(one(triangle,(1)),two(square))",-12.177673171008477
"and(one(triangle,(1)),one(dots))",-12.177673171008477
"and(one(triangle,(1)),one(stripes))",-12.177673171008477
"and(one(triangle,(1)),one(plain))",-12.177673171008477
"and(one(triangle,(1)),one(high))",-12.177673171008477
"and(one(triangle,(1)),one(medium))",-12.177673171008477
"and(one(triangle,(1)),one(low))",-12.177673171008477
"and(one(triangle,(1)),one(triangle))",-12.177673171008477
"and(one(triangle,(1)),one(circle))",-12.177673171008477
"and(one(triangle,(1)),one(square))",-12.177673171008477
"and(one(triangle,(0)),three(dots))",-12.177673171008477
"and(one(triangle,(0)),three(stripes))",-12.177673171008477
"and(one(triangle,(1)),two(plain))",-12.177673171008477
"and(one(triangle,(1)),two(dots))",-12.177673171008477
"and(one(triangle,(2)),two(square))",-12.177673171008477
"and(one(triangle,(1)),three(square))",-12.177673171008477
"and(one(triangle,(2)),one(dots))",-12.177673171008477
"and(one(triangle,(2)),one(stripes))",-12.177673171008477
"and(one(triangle,(2)),one(plain))",-12.177673171008477
"and(one(triangle,(2)),one(high))",-12.177673171008477
"and(one(triangle,(2)),one(medium))",-12.177673171008477
"and(one(triangle,(2)),one(low))",-12.177673171008477
"and(one(triangle,(2)),one(triangle))",-12.177673171008477
"and(one(triangle,(2)),one(circle))",-12.177673171008477
"and(one(triangle,(2)),one(square))",-12.177673171008477
"and(one(triangle,(1)),three(dots))",-12.177673171008477
"and(one(triangle,(1)),three(stripes))",-12.177673171008477
"and(one(triangle,(1)),three(plain))",-12.177673171008477
"and(one(triangle,(1)),three(high))",-12.177673171008477
"and(one(triangle,(1)),three(medium))",-12.177673171008477
"and(one(triangle,(1)),three(low))",-12.177673171008477
"and(one(triangle,(1)),three(triangle))",-12.177673171008477
"and(one(triangle,(1)),three(circle))",-12.177673171008477
"and(one(stripes),one(circle,(2)))",-12.177673171008477
"and(one(stripes),one(triangle,(0)))",-12.177673171008477
"and(one(stripes),one(triangle,(1)))",-12.177673171008477
"and(one(square,(0)),two(stripes))",-12.177673171008477
"and(one(square,(0)),two(high))",-12.177673171008477
"and(one(square,(0)),two(medium))",-12.177673171008477
"and(one(square,(0)),two(low))",-12.177673171008477
"and(one(square,(0)),two(triangle))",-12.177673171008477
"and(one(square,(0)),two(circle))",-12.177673171008477
"and(one(square,(0)),two(square))",-12.177673171008477
"and(one(square,(0)),one(dots))",-12.177673171008477
"and(one(square,(0)),one(stripes))",-12.177673171008477
"and(one(square,(0)),one(plain))",-12.177673171008477
"and(one(square,(0)),one(high))",-12.177673171008477
"and(one(square,(0)),one(medium))",-12.177673171008477
"and(one(square,(0)),one(low))",-12.177673171008477
"and(one(square,(0)),one(triangle))",-12.177673171008477
"and(one(square,(0)),one(circle))",-12.177673171008477
"and(one(square,(0)),one(square))",-12.177673171008477
"and(one(stripes),one(stripes,(0)))",-12.177673171008477
"and(one(stripes),one(stripes,(1)))",-12.177673171008477
"and(one(square,(0)),two(plain))",-12.177673171008477
"and(one(square,(0)),two(dots))",-12.177673171008477
"and(one(stripes),one(dots,(0)))",-12.177673171008477
"and(one(square,(0)),three(square))",-12.177673171008477
"and(one(square,(1)),one(medium))",-12.177673171008477
"and(one(square,(1)),one(low))",-12.177673171008477
"and(one(square,(1)),one(triangle))",-12.177673171008477
"and(one(square,(1)),one(circle))",-12.177673171008477
"and(one(square,(1)),one(square))",-12.177673171008477
"and(one(stripes),one(high,(2)))",-12.177673171008477
"and(one(stripes),one(plain,(0)))",-12.177673171008477
"and(one(stripes),one(plain,(1)))",-12.177673171008477
"and(one(stripes),one(plain,(2)))",-12.177673171008477
"and(one(square,(0)),three(dots))",-12.177673171008477
"and(one(square,(0)),three(stripes))",-12.177673171008477
"and(one(square,(0)),three(plain))",-12.177673171008477
"and(one(square,(0)),three(high))",-12.177673171008477
"and(one(square,(0)),three(medium))",-12.177673171008477
"and(one(square,(0)),three(low))",-12.177673171008477
"and(one(square,(0)),three(triangle))",-12.177673171008477
"and(one(square,(0)),three(circle))",-12.177673171008477
"and(one(stripes),one(stripes,(2)))",-12.177673171008477
"and(one(stripes),one(dots,(1)))",-12.177673171008477
"and(one(square,(1)),one(plain))",-12.177673171008477
"and(one(stripes),two(plain,(0,2)))",-12.177673171008477
"and(one(stripes),two(stripes,(0,1)))",-12.177673171008477
"and(one(stripes),two(stripes,(0,2)))",-12.177673171008477
"and(one(stripes),two(stripes,(1,2)))",-12.177673171008477
"and(one(stripes),two(dots,(0,1)))",-12.177673171008477
"and(one(stripes),two(dots,(0,2)))",-12.177673171008477
"and(one(stripes),two(dots,(1,2)))",-12.177673171008477
"and(one(dots),one(square,(0)))",-12.177673171008477
"and(one(dots),one(square,(1)))",-12.177673171008477
"and(one(dots),one(square,(2)))",-12.177673171008477
"and(one(dots),one(circle,(0)))",-12.177673171008477
"and(one(dots),one(circle,(1)))",-12.177673171008477
"and(one(dots),one(circle,(2)))",-12.177673171008477
"and(one(dots),one(triangle,(0)))",-12.177673171008477
"and(one(dots),one(triangle,(1)))",-12.177673171008477
"and(one(dots),one(triangle,(2)))",-12.177673171008477
"and(one(dots),one(low,(0)))",-12.177673171008477
"and(one(dots),one(low,(1)))",-12.177673171008477
"and(one(stripes),two(plain,(1,2)))",-12.177673171008477
"and(one(stripes),two(plain,(0,1)))",-12.177673171008477
"and(one(stripes),one(dots,(2)))",-12.177673171008477
"and(one(stripes),two(high,(1,2)))",-12.177673171008477
"and(one(stripes),two(square,(0,1)))",-12.177673171008477
"and(one(stripes),two(square,(0,2)))",-12.177673171008477
"and(one(stripes),two(square,(1,2)))",-12.177673171008477
"and(one(stripes),two(circle,(0,1)))",-12.177673171008477
"and(one(stripes),two(circle,(0,2)))",-12.177673171008477
"and(one(stripes),two(circle,(1,2)))",-12.177673171008477
"and(one(stripes),two(triangle,(0,1)))",-12.177673171008477
"and(one(stripes),two(triangle,(0,2)))",-12.177673171008477
"and(one(stripes),two(triangle,(1,2)))",-12.177673171008477
"and(one(stripes),two(low,(0,1)))",-12.177673171008477
"and(one(stripes),two(low,(0,2)))",-12.177673171008477
"and(one(stripes),two(low,(1,2)))",-12.177673171008477
"and(one(stripes),two(medium,(0,1)))",-12.177673171008477
"and(one(stripes),two(medium,(0,2)))",-12.177673171008477
"and(one(stripes),two(medium,(1,2)))",-12.177673171008477
"and(one(stripes),two(high,(0,1)))",-12.177673171008477
"and(one(stripes),two(high,(0,2)))",-12.177673171008477
"and(one(square,(1)),one(high))",-12.177673171008477
"and(one(square,(1)),one(stripes))",-12.177673171008477
"and(one(stripes),one(triangle,(2)))",-12.177673171008477
"and(one(circle,(0)),one(stripes))",-12.177673171008477
"and(one(circle,(0)),one(high))",-12.177673171008477
"and(one(circle,(0)),one(medium))",-12.177673171008477
"and(one(circle,(0)),one(low))",-12.177673171008477
"and(one(circle,(0)),one(triangle))",-12.177673171008477
"and(one(circle,(0)),one(circle))",-12.177673171008477
"and(one(circle,(0)),one(square))",-12.177673171008477
"and(one(stripes),one(low,(0)))",-12.177673171008477
"and(one(stripes),one(low,(1)))",-12.177673171008477
"and(one(stripes),one(low,(2)))",-12.177673171008477
"and(one(stripes),one(medium,(0)))",-12.177673171008477
"and(one(square,(2)),three(dots))",-12.177673171008477
"and(one(square,(2)),three(stripes))",-12.177673171008477
"and(one(square,(2)),three(plain))",-12.177673171008477
"and(one(square,(2)),three(high))",-12.177673171008477
"and(one(square,(2)),three(medium))",-12.177673171008477
"and(one(square,(2)),three(low))",-12.177673171008477
"and(one(square,(2)),three(triangle))",-12.177673171008477
"and(one(circle,(0)),one(plain))",-12.177673171008477
"and(one(circle,(0)),one(dots))",-12.177673171008477
"and(one(square,(2)),three(square))",-12.177673171008477
"and(one(circle,(0)),two(square))",-12.177673171008477
"and(one(circle,(0)),three(dots))",-12.177673171008477
"and(one(circle,(0)),three(stripes))",-12.177673171008477
"and(one(circle,(0)),three(plain))",-12.177673171008477
"and(one(circle,(0)),three(high))",-12.177673171008477
"and(one(circle,(0)),three(medium))",-12.177673171008477
"and(one(circle,(0)),three(low))",-12.177673171008477
"and(one(circle,(0)),three(triangle))",-12.177673171008477
"and(one(circle,(0)),three(circle))",-12.177673171008477
"and(one(circle,(0)),three(square))",-12.177673171008477
"and(one(circle,(0)),two(dots))",-12.177673171008477
"and(one(circle,(0)),two(stripes))",-12.177673171008477
"and(one(circle,(0)),two(plain))",-12.177673171008477
"and(one(circle,(0)),two(high))",-12.177673171008477
"and(one(circle,(0)),two(medium))",-12.177673171008477
"and(one(circle,(0)),two(low))",-12.177673171008477
"and(one(circle,(0)),two(triangle))",-12.177673171008477
"and(one(circle,(0)),two(circle))",-12.177673171008477
"and(one(square,(2)),three(circle))",-12.177673171008477
"and(one(square,(2)),two(dots))",-12.177673171008477
"and(one(square,(1)),one(dots))",-12.177673171008477
"and(one(stripes),one(high,(1)))",-12.177673171008477
"and(one(square,(1)),three(stripes))",-12.177673171008477
"and(one(square,(1)),three(plain))",-12.177673171008477
"and(one(square,(1)),three(high))",-12.177673171008477
"and(one(square,(1)),three(medium))",-12.177673171008477
"and(one(square,(1)),three(low))",-12.177673171008477
"and(one(square,(1)),three(triangle))",-12.177673171008477
"and(one(square,(1)),three(circle))",-12.177673171008477
"and(one(square,(1)),three(square))",-12.177673171008477
"and(one(square,(1)),two(dots))",-12.177673171008477
"and(one(square,(1)),two(stripes))",-12.177673171008477
"and(one(square,(1)),two(plain))",-12.177673171008477
"and(one(square,(1)),two(high))",-12.177673171008477
"and(one(square,(1)),two(medium))",-12.177673171008477
"and(one(square,(1)),two(low))",-12.177673171008477
"and(one(square,(1)),two(triangle))",-12.177673171008477
"and(one(square,(1)),two(circle))",-12.177673171008477
"and(one(square,(1)),two(square))",-12.177673171008477
"and(one(square,(1)),three(dots))",-12.177673171008477
"and(one(stripes),one(high,(0)))",-12.177673171008477
"and(one(square,(2)),two(stripes))",-12.177673171008477
"and(one(stripes),one(medium,(2)))",-12.177673171008477
"and(one(square,(2)),two(plain))",-12.177673171008477
"and(one(square,(2)),two(high))",-12.177673171008477
"and(one(square,(2)),two(medium))",-12.177673171008477
"and(one(square,(2)),two(low))",-12.177673171008477
"and(one(square,(2)),two(triangle))",-12.177673171008477
"and(one(square,(2)),two(circle))",-12.177673171008477
"and(one(square,(2)),two(square))",-12.177673171008477
"and(one(square,(2)),one(dots))",-12.177673171008477
"and(one(square,(2)),one(stripes))",-12.177673171008477
"and(one(square,(2)),one(plain))",-12.177673171008477
"and(one(square,(2)),one(high))",-12.177673171008477
"and(one(square,(2)),one(medium))",-12.177673171008477
"and(one(square,(2)),one(low))",-12.177673171008477
"and(one(square,(2)),one(triangle))",-12.177673171008477
"and(one(square,(2)),one(circle))",-12.177673171008477
"and(one(square,(2)),one(square))",-12.177673171008477
"and(one(stripes),one(medium,(1)))",-12.177673171008477
"and(two(high),one(dots,(1)))",-12.177673171008477
"and(two(high),two(square,(0,1)))",-12.177673171008477
"and(one(low,(0)),three(dots))",-12.177673171008477
"and(three(triangle),two(plain,(1,2)))",-12.177673171008477
"and(three(triangle),two(medium,(0,1)))",-12.177673171008477
"and(three(triangle),two(medium,(0,2)))",-12.177673171008477
"and(three(triangle),two(medium,(1,2)))",-12.177673171008477
"and(three(triangle),two(high,(0,1)))",-12.177673171008477
"and(three(triangle),two(high,(0,2)))",-12.177673171008477
"and(three(triangle),two(high,(1,2)))",-12.177673171008477
"and(three(triangle),two(plain,(0,1)))",-12.177673171008477
"and(three(triangle),two(plain,(0,2)))",-12.177673171008477
"and(three(triangle),two(stripes,(0,1)))",-12.177673171008477
"and(three(plain),one(triangle,(1)))",-12.177673171008477
"and(three(triangle),two(stripes,(0,2)))",-12.177673171008477
"and(three(triangle),two(stripes,(1,2)))",-12.177673171008477
"and(three(triangle),two(dots,(0,1)))",-12.177673171008477
"and(three(triangle),two(dots,(0,2)))",-12.177673171008477
"and(three(triangle),two(dots,(1,2)))",-12.177673171008477
"and(three(plain),two(dots,(1,2)))",-12.177673171008477
"and(three(plain),two(dots,(0,2)))",-12.177673171008477
"and(three(plain),two(dots,(0,1)))",-12.177673171008477
"and(three(triangle),two(low,(1,2)))",-12.177673171008477
"and(three(triangle),two(low,(0,2)))",-12.177673171008477
"and(three(triangle),two(low,(0,1)))",-12.177673171008477
"and(three(triangle),two(triangle,(1,2)))",-12.177673171008477
"and(three(stripes),one(circle,(1)))",-12.177673171008477
"and(three(stripes),one(circle,(0)))",-12.177673171008477
"and(three(stripes),one(square,(2)))",-12.177673171008477
"and(three(stripes),one(square,(1)))",-12.177673171008477
"and(three(stripes),one(square,(0)))",-12.177673171008477
"and(three(triangle),one(stripes,(2)))",-12.177673171008477
"and(three(triangle),one(dots,(0)))",-12.177673171008477
"and(three(triangle),one(dots,(1)))",-12.177673171008477
"and(three(triangle),one(dots,(2)))",-12.177673171008477
"and(three(triangle),two(square,(0,1)))",-12.177673171008477
"and(three(triangle),two(square,(0,2)))",-12.177673171008477
"and(three(triangle),two(square,(1,2)))",-12.177673171008477
"and(three(triangle),two(circle,(0,1)))",-12.177673171008477
"and(three(triangle),two(circle,(0,2)))",-12.177673171008477
"and(three(triangle),two(circle,(1,2)))",-12.177673171008477
"and(three(triangle),two(triangle,(0,1)))",-12.177673171008477
"and(three(triangle),two(triangle,(0,2)))",-12.177673171008477
"and(three(plain),two(stripes,(1,2)))",-12.177673171008477
"and(three(plain),two(stripes,(0,2)))",-12.177673171008477
"and(three(plain),two(stripes,(0,1)))",-12.177673171008477
"and(three(plain),two(square,(0,1)))",-12.177673171008477
"and(three(plain),one(dots,(1)))",-12.177673171008477
"and(three(plain),one(dots,(0)))",-12.177673171008477
"and(three(plain),one(stripes,(2)))",-12.177673171008477
"and(three(plain),one(stripes,(1)))",-12.177673171008477
"and(three(plain),one(stripes,(0)))",-12.177673171008477
"and(three(plain),one(plain,(2)))",-12.177673171008477
"and(three(plain),one(plain,(1)))",-12.177673171008477
"and(three(plain),one(plain,(0)))",-12.177673171008477
"and(three(plain),one(high,(2)))",-12.177673171008477
"and(three(plain),one(high,(1)))",-12.177673171008477
"and(three(plain),one(high,(0)))",-12.177673171008477
"and(three(plain),one(medium,(2)))",-12.177673171008477
"and(three(plain),one(medium,(1)))",-12.177673171008477
"and(three(plain),one(medium,(0)))",-12.177673171008477
"and(three(plain),one(low,(2)))",-12.177673171008477
"and(three(plain),one(low,(1)))",-12.177673171008477
"and(three(plain),one(low,(0)))",-12.177673171008477
"and(three(plain),one(dots,(2)))",-12.177673171008477
"and(three(plain),two(square,(0,2)))",-12.177673171008477
"and(three(plain),two(plain,(1,2)))",-12.177673171008477
"and(three(plain),two(square,(1,2)))",-12.177673171008477
"and(three(plain),two(plain,(0,2)))",-12.177673171008477
"and(three(plain),two(plain,(0,1)))",-12.177673171008477
"and(three(plain),two(high,(1,2)))",-12.177673171008477
"and(three(plain),two(high,(0,2)))",-12.177673171008477
"and(three(plain),two(high,(0,1)))",-12.177673171008477
"and(three(plain),two(medium,(1,2)))",-12.177673171008477
"and(three(plain),two(medium,(0,2)))",-12.177673171008477
"and(three(plain),two(medium,(0,1)))",-12.177673171008477
"and(three(plain),two(low,(1,2)))",-12.177673171008477
"and(three(plain),two(low,(0,2)))",-12.177673171008477
"and(three(plain),two(low,(0,1)))",-12.177673171008477
"and(three(plain),two(triangle,(1,2)))",-12.177673171008477
"and(three(plain),two(triangle,(0,2)))",-12.177673171008477
"and(three(plain),two(triangle,(0,1)))",-12.177673171008477
"and(three(plain),two(circle,(1,2)))",-12.177673171008477
"and(three(plain),two(circle,(0,2)))",-12.177673171008477
"and(three(plain),two(circle,(0,1)))",-12.177673171008477
"and(three(stripes),one(circle,(2)))",-12.177673171008477
"and(three(stripes),one(triangle,(0)))",-12.177673171008477
"and(three(stripes),one(triangle,(1)))",-12.177673171008477
"and(three(triangle),one(triangle,(1)))",-12.177673171008477
"and(three(triangle),one(low,(0)))",-12.177673171008477
"and(three(triangle),one(low,(1)))",-12.177673171008477
"and(three(triangle),one(low,(2)))",-12.177673171008477
"and(three(triangle),one(medium,(0)))",-12.177673171008477
"and(three(triangle),one(medium,(1)))",-12.177673171008477
"and(three(triangle),one(medium,(2)))",-12.177673171008477
"and(three(triangle),one(high,(0)))",-12.177673171008477
"and(three(triangle),one(high,(1)))",-12.177673171008477
"and(three(triangle),one(high,(2)))",-12.177673171008477
"and(three(triangle),one(plain,(0)))",-12.177673171008477
"and(three(triangle),one(plain,(1)))",-12.177673171008477
"and(three(triangle),one(plain,(2)))",-12.177673171008477
"and(three(triangle),one(stripes,(0)))",-12.177673171008477
"and(three(triangle),one(stripes,(1)))",-12.177673171008477
"and(three(stripes),two(dots,(1,2)))",-12.177673171008477
"and(three(stripes),two(dots,(0,2)))",-12.177673171008477
"and(three(stripes),two(dots,(0,1)))",-12.177673171008477
"and(three(triangle),one(triangle,(2)))",-12.177673171008477
"and(three(triangle),one(triangle,(0)))",-12.177673171008477
"and(three(stripes),two(stripes,(0,2)))",-12.177673171008477
"and(three(triangle),one(circle,(2)))",-12.177673171008477
"and(three(dots),one(low,(2)))",-12.177673171008477
"and(three(dots),one(low,(1)))",-12.177673171008477
"and(three(dots),one(low,(0)))",-12.177673171008477
"and(three(dots),one(triangle,(2)))",-12.177673171008477
"and(three(dots),one(triangle,(1)))",-12.177673171008477
"and(three(dots),one(triangle,(0)))",-12.177673171008477
"and(three(dots),one(circle,(2)))",-12.177673171008477
"and(three(dots),one(circle,(1)))",-12.177673171008477
"and(three(dots),one(circle,(0)))",-12.177673171008477
"and(three(dots),one(square,(2)))",-12.177673171008477
"and(three(dots),one(square,(1)))",-12.177673171008477
"and(three(dots),one(square,(0)))",-12.177673171008477
"and(three(triangle),one(square,(0)))",-12.177673171008477
"and(three(triangle),one(square,(1)))",-12.177673171008477
"and(three(triangle),one(square,(2)))",-12.177673171008477
"and(three(triangle),one(circle,(0)))",-12.177673171008477
"and(three(triangle),one(circle,(1)))",-12.177673171008477
"and(three(stripes),two(stripes,(1,2)))",-12.177673171008477
"and(three(stripes),two(stripes,(0,1)))",-12.177673171008477
"and(three(stripes),one(triangle,(2)))",-12.177673171008477
"and(three(stripes),two(square,(0,1)))",-12.177673171008477
"and(three(stripes),one(dots,(1)))",-12.177673171008477
"and(three(stripes),one(dots,(0)))",-12.177673171008477
"and(three(stripes),one(stripes,(2)))",-12.177673171008477
"and(three(stripes),one(stripes,(1)))",-12.177673171008477
"and(three(stripes),one(stripes,(0)))",-12.177673171008477
"and(three(stripes),one(plain,(2)))",-12.177673171008477
"and(three(stripes),one(plain,(1)))",-12.177673171008477
"and(three(stripes),one(plain,(0)))",-12.177673171008477
"and(three(stripes),one(high,(2)))",-12.177673171008477
"and(three(stripes),one(high,(1)))",-12.177673171008477
"and(three(stripes),one(high,(0)))",-12.177673171008477
"and(three(stripes),one(medium,(2)))",-12.177673171008477
"and(three(stripes),one(medium,(1)))",-12.177673171008477
"and(three(stripes),one(medium,(0)))",-12.177673171008477
"and(three(stripes),one(low,(2)))",-12.177673171008477
"and(three(stripes),one(low,(1)))",-12.177673171008477
"and(three(stripes),one(low,(0)))",-12.177673171008477
"and(three(stripes),one(dots,(2)))",-12.177673171008477
"and(three(stripes),two(square,(0,2)))",-12.177673171008477
"and(three(stripes),two(plain,(1,2)))",-12.177673171008477
"and(three(stripes),two(square,(1,2)))",-12.177673171008477
"and(three(stripes),two(plain,(0,2)))",-12.177673171008477
"and(three(stripes),two(plain,(0,1)))",-12.177673171008477
"and(three(stripes),two(high,(1,2)))",-12.177673171008477
"and(three(stripes),two(high,(0,2)))",-12.177673171008477
"and(three(stripes),two(high,(0,1)))",-12.177673171008477
"and(three(stripes),two(medium,(1,2)))",-12.177673171008477
"and(three(stripes),two(medium,(0,2)))",-12.177673171008477
"and(three(stripes),two(medium,(0,1)))",-12.177673171008477
"and(three(stripes),two(low,(1,2)))",-12.177673171008477
"and(three(stripes),two(low,(0,2)))",-12.177673171008477
"and(three(stripes),two(low,(0,1)))",-12.177673171008477
"and(three(stripes),two(triangle,(1,2)))",-12.177673171008477
"and(three(stripes),two(triangle,(0,2)))",-12.177673171008477
"and(three(stripes),two(triangle,(0,1)))",-12.177673171008477
"and(three(stripes),two(circle,(1,2)))",-12.177673171008477
"and(three(stripes),two(circle,(0,2)))",-12.177673171008477
"and(three(stripes),two(circle,(0,1)))",-12.177673171008477
"and(three(plain),one(triangle,(2)))",-12.177673171008477
"and(three(plain),one(triangle,(0)))",-12.177673171008477
"and(two(high),two(square,(0,2)))",-12.177673171008477
"and(three(medium),one(square,(0)))",-12.177673171008477
"and(three(low),two(plain,(0,2)))",-12.177673171008477
"and(three(low),two(plain,(1,2)))",-12.177673171008477
"and(three(low),two(stripes,(0,1)))",-12.177673171008477
"and(three(low),two(stripes,(0,2)))",-12.177673171008477
"and(three(low),two(stripes,(1,2)))",-12.177673171008477
"and(three(low),two(dots,(0,1)))",-12.177673171008477
"and(three(low),two(dots,(0,2)))",-12.177673171008477
"and(three(low),two(dots,(1,2)))",-12.177673171008477
"and(three(medium),one(square,(1)))",-12.177673171008477
"and(three(plain),one(circle,(2)))",-12.177673171008477
"and(three(medium),one(square,(2)))",-12.177673171008477
"and(three(medium),one(circle,(0)))",-12.177673171008477
"and(three(medium),one(circle,(1)))",-12.177673171008477
"and(three(medium),one(circle,(2)))",-12.177673171008477
"and(three(medium),one(triangle,(0)))",-12.177673171008477
"and(three(medium),one(triangle,(1)))",-12.177673171008477
"and(three(medium),two(dots,(1,2)))",-12.177673171008477
"and(three(medium),two(dots,(0,2)))",-12.177673171008477
"and(three(low),two(plain,(0,1)))",-12.177673171008477
"and(three(low),two(high,(1,2)))",-12.177673171008477
"and(three(low),two(high,(0,2)))",-12.177673171008477
"and(three(low),two(high,(0,1)))",-12.177673171008477
"and(three(high),one(medium,(2)))",-12.177673171008477
"and(three(high),one(medium,(1)))",-12.177673171008477
"and(three(high),one(medium,(0)))",-12.177673171008477
"and(three(high),one(low,(2)))",-12.177673171008477
"and(three(high),one(low,(1)))",-12.177673171008477
"and(three(high),one(low,(0)))",-12.177673171008477
"and(three(high),one(triangle,(2)))",-12.177673171008477
"and(three(high),one(triangle,(1)))",-12.177673171008477
"and(three(high),one(triangle,(0)))",-12.177673171008477
"and(three(high),one(circle,(2)))",-12.177673171008477
"and(three(high),one(circle,(1)))",-12.177673171008477
"and(three(high),one(circle,(0)))",-12.177673171008477
"and(three(high),one(square,(2)))",-12.177673171008477
"and(three(high),one(square,(1)))",-12.177673171008477
"and(three(high),one(square,(0)))",-12.177673171008477
"and(three(low),two(medium,(0,2)))",-12.177673171008477
"and(three(low),two(medium,(1,2)))",-12.177673171008477
"and(three(medium),two(dots,(0,1)))",-12.177673171008477
"and(three(medium),two(stripes,(1,2)))",-12.177673171008477
"and(three(medium),two(stripes,(0,2)))",-12.177673171008477
"and(three(medium),two(square,(0,2)))",-12.177673171008477
"and(three(medium),one(dots,(2)))",-12.177673171008477
"and(three(medium),one(dots,(1)))",-12.177673171008477
"and(three(medium),one(dots,(0)))",-12.177673171008477
"and(three(medium),one(stripes,(2)))",-12.177673171008477
"and(three(medium),one(stripes,(1)))",-12.177673171008477
"and(three(medium),one(stripes,(0)))",-12.177673171008477
"and(three(medium),one(plain,(2)))",-12.177673171008477
"and(three(medium),one(plain,(1)))",-12.177673171008477
"and(three(medium),one(plain,(0)))",-12.177673171008477
"and(three(medium),one(high,(2)))",-12.177673171008477
"and(three(medium),one(high,(1)))",-12.177673171008477
"and(three(medium),one(high,(0)))",-12.177673171008477
"and(three(medium),one(medium,(2)))",-12.177673171008477
"and(three(medium),one(medium,(1)))",-12.177673171008477
"and(three(medium),one(medium,(0)))",-12.177673171008477
"and(three(medium),one(low,(2)))",-12.177673171008477
"and(three(medium),one(low,(1)))",-12.177673171008477
"and(three(medium),two(square,(0,1)))",-12.177673171008477
"and(three(medium),two(square,(1,2)))",-12.177673171008477
"and(three(medium),two(stripes,(0,1)))",-12.177673171008477
"and(three(medium),two(circle,(0,1)))",-12.177673171008477
"and(three(medium),two(plain,(1,2)))",-12.177673171008477
"and(three(medium),two(plain,(0,2)))",-12.177673171008477
"and(three(medium),two(plain,(0,1)))",-12.177673171008477
"and(three(medium),two(high,(1,2)))",-12.177673171008477
"and(three(medium),two(high,(0,2)))",-12.177673171008477
"and(three(medium),two(high,(0,1)))",-12.177673171008477
"and(three(medium),two(medium,(1,2)))",-12.177673171008477
"and(three(medium),two(medium,(0,2)))",-12.177673171008477
"and(three(medium),two(medium,(0,1)))",-12.177673171008477
"and(three(medium),two(low,(1,2)))",-12.177673171008477
"and(three(medium),two(low,(0,2)))",-12.177673171008477
"and(three(medium),two(low,(0,1)))",-12.177673171008477
"and(three(medium),two(triangle,(1,2)))",-12.177673171008477
"and(three(medium),two(triangle,(0,2)))",-12.177673171008477
"and(three(medium),two(triangle,(0,1)))",-12.177673171008477
"and(three(medium),two(circle,(1,2)))",-12.177673171008477
"and(three(medium),two(circle,(0,2)))",-12.177673171008477
"and(three(high),one(high,(0)))",-12.177673171008477
"and(three(high),one(high,(1)))",-12.177673171008477
"and(three(high),one(high,(2)))",-12.177673171008477
"and(three(low),one(medium,(2)))",-12.177673171008477
"and(three(low),one(high,(1)))",-12.177673171008477
"and(three(low),one(high,(2)))",-12.177673171008477
"and(three(low),one(plain,(0)))",-12.177673171008477
"and(three(low),one(plain,(1)))",-12.177673171008477
"and(three(low),one(plain,(2)))",-12.177673171008477
"and(three(low),one(stripes,(0)))",-12.177673171008477
"and(three(low),one(stripes,(1)))",-12.177673171008477
"and(three(low),one(stripes,(2)))",-12.177673171008477
"and(three(low),one(dots,(0)))",-12.177673171008477
"and(three(low),one(dots,(1)))",-12.177673171008477
"and(three(low),one(dots,(2)))",-12.177673171008477
"and(three(low),two(square,(0,1)))",-12.177673171008477
"and(three(low),two(square,(0,2)))",-12.177673171008477
"and(three(low),two(square,(1,2)))",-12.177673171008477
"and(three(low),two(circle,(0,1)))",-12.177673171008477
"and(three(low),two(circle,(0,2)))",-12.177673171008477
"and(three(low),two(circle,(1,2)))",-12.177673171008477
"and(three(low),one(high,(0)))",-12.177673171008477
"and(three(low),one(medium,(1)))",-12.177673171008477
"and(three(low),two(triangle,(0,2)))",-12.177673171008477
"and(three(low),one(medium,(0)))",-12.177673171008477
"and(three(plain),one(circle,(1)))",-12.177673171008477
"and(three(plain),one(circle,(0)))",-12.177673171008477
"and(three(plain),one(square,(2)))",-12.177673171008477
"and(three(plain),one(square,(1)))",-12.177673171008477
"and(three(plain),one(square,(0)))",-12.177673171008477
"and(three(low),one(square,(0)))",-12.177673171008477
"and(three(low),one(square,(1)))",-12.177673171008477
"and(three(low),one(square,(2)))",-12.177673171008477
"and(three(low),one(circle,(0)))",-12.177673171008477
"and(three(low),one(circle,(1)))",-12.177673171008477
"and(three(low),one(circle,(2)))",-12.177673171008477
"and(three(low),one(triangle,(0)))",-12.177673171008477
"and(three(low),one(triangle,(1)))",-12.177673171008477
"and(three(low),one(triangle,(2)))",-12.177673171008477
"and(three(low),one(low,(0)))",-12.177673171008477
"and(three(low),one(low,(1)))",-12.177673171008477
"and(three(low),one(low,(2)))",-12.177673171008477
"and(three(low),two(triangle,(0,1)))",-12.177673171008477
"and(three(low),two(triangle,(1,2)))",-12.177673171008477
"and(three(high),one(plain,(0)))",-12.177673171008477
"and(three(high),two(low,(0,2)))",-12.177673171008477
"and(three(high),two(triangle,(1,2)))",-12.177673171008477
"and(three(high),two(triangle,(0,2)))",-12.177673171008477
"and(three(high),two(triangle,(0,1)))",-12.177673171008477
"and(three(high),two(circle,(1,2)))",-12.177673171008477
"and(three(high),two(circle,(0,2)))",-12.177673171008477
"and(three(high),two(circle,(0,1)))",-12.177673171008477
"and(three(high),two(square,(1,2)))",-12.177673171008477
"and(three(high),two(square,(0,2)))",-12.177673171008477
"and(three(high),two(square,(0,1)))",-12.177673171008477
"and(three(high),one(dots,(2)))",-12.177673171008477
"and(three(high),one(dots,(1)))",-12.177673171008477
"and(three(high),one(dots,(0)))",-12.177673171008477
"and(three(high),one(stripes,(2)))",-12.177673171008477
"and(three(high),one(stripes,(1)))",-12.177673171008477
"and(three(high),one(stripes,(0)))",-12.177673171008477
"and(three(high),one(plain,(2)))",-12.177673171008477
"and(three(high),one(plain,(1)))",-12.177673171008477
"and(three(high),two(low,(0,1)))",-12.177673171008477
"and(three(high),two(low,(1,2)))",-12.177673171008477
"and(three(low),two(low,(0,1)))",-12.177673171008477
"and(three(high),two(medium,(0,1)))",-12.177673171008477
"and(three(low),two(low,(0,2)))",-12.177673171008477
"and(three(low),two(low,(1,2)))",-12.177673171008477
"and(three(low),two(medium,(0,1)))",-12.177673171008477
"and(three(high),two(dots,(1,2)))",-12.177673171008477
"and(three(high),two(dots,(0,2)))",-12.177673171008477
"and(three(high),two(dots,(0,1)))",-12.177673171008477
"and(three(high),two(stripes,(1,2)))",-12.177673171008477
"and(three(high),two(stripes,(0,2)))",-12.177673171008477
"and(three(high),two(stripes,(0,1)))",-12.177673171008477
"and(three(high),two(plain,(1,2)))",-12.177673171008477
"and(three(high),two(plain,(0,2)))",-12.177673171008477
"and(three(high),two(plain,(0,1)))",-12.177673171008477
"and(three(high),two(high,(1,2)))",-12.177673171008477
"and(three(high),two(high,(0,2)))",-12.177673171008477
"and(three(high),two(high,(0,1)))",-12.177673171008477
"and(three(high),two(medium,(1,2)))",-12.177673171008477
"and(three(high),two(medium,(0,2)))",-12.177673171008477
"and(three(dots),one(medium,(0)))",-12.177673171008477
"and(three(dots),one(medium,(1)))",-12.177673171008477
"and(three(dots),one(medium,(2)))",-12.177673171008477
"and(two(stripes),two(triangle,(0,2)))",-12.177673171008477
"and(two(stripes),one(dots,(2)))",-12.177673171008477
"and(two(stripes),two(square,(0,1)))",-12.177673171008477
"and(two(stripes),two(square,(0,2)))",-12.177673171008477
"and(two(stripes),two(square,(1,2)))",-12.177673171008477
"and(two(stripes),two(circle,(0,1)))",-12.177673171008477
"and(two(stripes),two(circle,(0,2)))",-12.177673171008477
"and(two(stripes),two(circle,(1,2)))",-12.177673171008477
"and(two(stripes),two(triangle,(0,1)))",-12.177673171008477
"and(two(stripes),two(triangle,(1,2)))",-12.177673171008477
"and(three(dots),one(high,(0)))",-12.177673171008477
"and(two(stripes),two(low,(0,1)))",-12.177673171008477
"and(two(stripes),two(low,(0,2)))",-12.177673171008477
"and(two(stripes),two(low,(1,2)))",-12.177673171008477
"and(two(stripes),two(medium,(0,1)))",-12.177673171008477
"and(two(stripes),two(medium,(0,2)))",-12.177673171008477
"and(two(stripes),two(medium,(1,2)))",-12.177673171008477
"and(two(stripes),two(high,(0,1)))",-12.177673171008477
"and(two(stripes),two(high,(0,2)))",-12.177673171008477
"and(two(stripes),one(dots,(1)))",-12.177673171008477
"and(two(stripes),one(dots,(0)))",-12.177673171008477
"and(two(stripes),one(stripes,(2)))",-12.177673171008477
"and(two(stripes),one(stripes,(1)))",-12.177673171008477
"and(two(stripes),one(circle,(2)))",-12.177673171008477
"and(two(stripes),one(triangle,(0)))",-12.177673171008477
"and(two(stripes),one(triangle,(1)))",-12.177673171008477
"and(two(stripes),one(triangle,(2)))",-12.177673171008477
"and(two(stripes),one(low,(0)))",-12.177673171008477
"and(two(stripes),one(low,(1)))",-12.177673171008477
"and(two(stripes),one(low,(2)))",-12.177673171008477
"and(two(stripes),one(medium,(0)))",-12.177673171008477
"and(two(stripes),one(medium,(1)))",-12.177673171008477
"and(two(stripes),one(medium,(2)))",-12.177673171008477
"and(two(stripes),one(high,(0)))",-12.177673171008477
"and(two(stripes),one(high,(1)))",-12.177673171008477
"and(two(stripes),one(high,(2)))",-12.177673171008477
"and(two(stripes),one(plain,(0)))",-12.177673171008477
"and(two(stripes),one(plain,(1)))",-12.177673171008477
"and(two(stripes),one(plain,(2)))",-12.177673171008477
"and(two(stripes),one(stripes,(0)))",-12.177673171008477
"and(two(stripes),two(high,(1,2)))",-12.177673171008477
"and(two(stripes),two(plain,(0,1)))",-12.177673171008477
"and(two(stripes),two(plain,(0,2)))",-12.177673171008477
"and(two(dots),one(medium,(1)))",-12.177673171008477
"and(two(dots),one(high,(0)))",-12.177673171008477
"and(two(dots),one(high,(1)))",-12.177673171008477
"and(two(dots),one(high,(2)))",-12.177673171008477
"and(two(dots),one(plain,(0)))",-12.177673171008477
"and(two(dots),one(plain,(1)))",-12.177673171008477
"and(two(dots),one(plain,(2)))",-12.177673171008477
"and(two(dots),one(stripes,(0)))",-12.177673171008477
"and(two(dots),one(stripes,(1)))",-12.177673171008477
"and(two(dots),one(stripes,(2)))",-12.177673171008477
"and(two(dots),one(dots,(0)))",-12.177673171008477
"and(two(dots),one(dots,(1)))",-12.177673171008477
"and(two(dots),one(dots,(2)))",-12.177673171008477
"and(two(dots),two(square,(0,1)))",-12.177673171008477
"and(two(dots),two(square,(0,2)))",-12.177673171008477
"and(two(dots),two(square,(1,2)))",-12.177673171008477
"and(two(dots),two(circle,(0,1)))",-12.177673171008477
"and(two(dots),two(circle,(0,2)))",-12.177673171008477
"and(two(dots),one(medium,(2)))",-12.177673171008477
"and(two(dots),one(medium,(0)))",-12.177673171008477
"and(two(stripes),two(plain,(1,2)))",-12.177673171008477
"and(two(dots),one(low,(2)))",-12.177673171008477
"and(two(stripes),two(stripes,(0,1)))",-12.177673171008477
"and(two(stripes),two(stripes,(0,2)))",-12.177673171008477
"and(two(stripes),two(stripes,(1,2)))",-12.177673171008477
"and(two(stripes),two(dots,(0,1)))",-12.177673171008477
"and(two(stripes),two(dots,(0,2)))",-12.177673171008477
"and(two(stripes),two(dots,(1,2)))",-12.177673171008477
"and(two(dots),one(square,(0)))",-12.177673171008477
"and(two(dots),one(square,(1)))",-12.177673171008477
"and(two(dots),one(square,(2)))",-12.177673171008477
"and(two(dots),one(circle,(0)))",-12.177673171008477
"and(two(dots),one(circle,(1)))",-12.177673171008477
"and(two(dots),one(circle,(2)))",-12.177673171008477
"and(two(dots),one(triangle,(0)))",-12.177673171008477
"and(two(dots),one(triangle,(1)))",-12.177673171008477
"and(two(dots),one(triangle,(2)))",-12.177673171008477
"and(two(dots),one(low,(0)))",-12.177673171008477
"and(two(dots),one(low,(1)))",-12.177673171008477
"and(two(stripes),one(circle,(1)))",-12.177673171008477
"and(two(stripes),one(circle,(0)))",-12.177673171008477
"and(two(stripes),one(square,(2)))",-12.177673171008477
"and(two(high),two(stripes,(0,1)))",-12.177673171008477
"and(two(high),two(stripes,(1,2)))",-12.177673171008477
"and(two(high),two(dots,(0,1)))",-12.177673171008477
"and(two(high),two(dots,(0,2)))",-12.177673171008477
"and(two(high),two(dots,(1,2)))",-12.177673171008477
"and(two(plain),one(square,(0)))",-12.177673171008477
"and(two(plain),one(square,(1)))",-12.177673171008477
"and(two(plain),one(square,(2)))",-12.177673171008477
"and(two(plain),one(circle,(0)))",-12.177673171008477
"and(two(plain),one(circle,(1)))",-12.177673171008477
"and(two(plain),one(circle,(2)))",-12.177673171008477
"and(two(plain),one(triangle,(0)))",-12.177673171008477
"and(two(plain),one(triangle,(1)))",-12.177673171008477
"and(two(plain),one(triangle,(2)))",-12.177673171008477
"and(two(plain),one(low,(0)))",-12.177673171008477
"and(two(plain),one(low,(1)))",-12.177673171008477
"and(two(plain),one(low,(2)))",-12.177673171008477
"and(two(plain),one(medium,(0)))",-12.177673171008477
"and(two(high),two(stripes,(0,2)))",-12.177673171008477
"and(two(high),two(plain,(1,2)))",-12.177673171008477
"and(two(plain),one(medium,(2)))",-12.177673171008477
"and(two(high),two(plain,(0,2)))",-12.177673171008477
"and(two(high),two(square,(1,2)))",-12.177673171008477
"and(two(high),two(circle,(0,1)))",-12.177673171008477
"and(two(high),two(circle,(0,2)))",-12.177673171008477
"and(two(high),two(circle,(1,2)))",-12.177673171008477
"and(two(high),two(triangle,(0,1)))",-12.177673171008477
"and(two(high),two(triangle,(0,2)))",-12.177673171008477
"and(two(high),two(triangle,(1,2)))",-12.177673171008477
"and(two(high),two(low,(0,1)))",-12.177673171008477
"and(two(high),two(low,(0,2)))",-12.177673171008477
"and(two(high),two(low,(1,2)))",-12.177673171008477
"and(two(high),two(medium,(0,1)))",-12.177673171008477
"and(two(high),two(medium,(0,2)))",-12.177673171008477
"and(two(high),two(medium,(1,2)))",-12.177673171008477
"and(two(high),two(high,(0,1)))",-12.177673171008477
"and(two(high),two(high,(0,2)))",-12.177673171008477
"and(two(high),two(high,(1,2)))",-12.177673171008477
"and(two(high),two(plain,(0,1)))",-12.177673171008477
"and(two(plain),one(medium,(1)))",-12.177673171008477
"and(two(plain),one(high,(0)))",-12.177673171008477
"and(two(stripes),one(square,(1)))",-12.177673171008477
"and(two(plain),two(low,(0,1)))",-12.177673171008477
"and(two(plain),two(low,(1,2)))",-12.177673171008477
"and(two(plain),two(medium,(0,1)))",-12.177673171008477
"and(two(plain),two(medium,(0,2)))",-12.177673171008477
"and(two(plain),two(medium,(1,2)))",-12.177673171008477
"and(two(plain),two(high,(0,1)))",-12.177673171008477
"and(two(plain),two(high,(0,2)))",-12.177673171008477
"and(two(plain),two(high,(1,2)))",-12.177673171008477
"and(two(plain),two(plain,(0,1)))",-12.177673171008477
"and(two(plain),two(plain,(0,2)))",-12.177673171008477
"and(two(plain),two(plain,(1,2)))",-12.177673171008477
"and(two(plain),two(stripes,(0,1)))",-12.177673171008477
"and(two(plain),two(stripes,(0,2)))",-12.177673171008477
"and(two(plain),two(stripes,(1,2)))",-12.177673171008477
"and(two(plain),two(dots,(0,1)))",-12.177673171008477
"and(two(plain),two(dots,(0,2)))",-12.177673171008477
"and(two(plain),two(dots,(1,2)))",-12.177673171008477
"and(two(stripes),one(square,(0)))",-12.177673171008477
"and(two(plain),two(low,(0,2)))",-12.177673171008477
"and(two(plain),two(triangle,(1,2)))",-12.177673171008477
"and(two(plain),one(high,(1)))",-12.177673171008477
"and(two(plain),two(triangle,(0,2)))",-12.177673171008477
"and(two(plain),one(high,(2)))",-12.177673171008477
"and(two(plain),one(plain,(0)))",-12.177673171008477
"and(two(plain),one(plain,(1)))",-12.177673171008477
"and(two(plain),one(plain,(2)))",-12.177673171008477
"and(two(plain),one(stripes,(0)))",-12.177673171008477
"and(two(plain),one(stripes,(1)))",-12.177673171008477
"and(two(plain),one(stripes,(2)))",-12.177673171008477
"and(two(plain),one(dots,(0)))",-12.177673171008477
"and(two(plain),one(dots,(1)))",-12.177673171008477
"and(two(plain),one(dots,(2)))",-12.177673171008477
"and(two(plain),two(square,(0,1)))",-12.177673171008477
"and(two(plain),two(square,(0,2)))",-12.177673171008477
"and(two(plain),two(square,(1,2)))",-12.177673171008477
"and(two(plain),two(circle,(0,1)))",-12.177673171008477
"and(two(plain),two(circle,(0,2)))",-12.177673171008477
"and(two(plain),two(circle,(1,2)))",-12.177673171008477
"and(two(plain),two(triangle,(0,1)))",-12.177673171008477
"and(two(dots),two(circle,(1,2)))",-12.177673171008477
"and(two(dots),two(triangle,(0,1)))",-12.177673171008477
"and(two(dots),two(triangle,(0,2)))",-12.177673171008477
"and(three(circle),two(circle,(0,2)))",-12.177673171008477
"and(three(circle),two(triangle,(0,1)))",-12.177673171008477
"and(three(circle),two(triangle,(0,2)))",-12.177673171008477
"and(three(circle),two(triangle,(1,2)))",-12.177673171008477
"and(three(circle),two(low,(0,1)))",-12.177673171008477
"and(three(circle),two(low,(0,2)))",-12.177673171008477
"and(three(circle),two(low,(1,2)))",-12.177673171008477
"and(three(circle),two(medium,(0,1)))",-12.177673171008477
"and(three(circle),two(medium,(0,2)))",-12.177673171008477
"and(three(circle),two(medium,(1,2)))",-12.177673171008477
"and(three(circle),two(high,(0,1)))",-12.177673171008477
"and(three(circle),two(high,(0,2)))",-12.177673171008477
"and(three(circle),two(high,(1,2)))",-12.177673171008477
"and(three(circle),two(plain,(0,1)))",-12.177673171008477
"and(three(circle),two(plain,(0,2)))",-12.177673171008477
"and(three(circle),two(plain,(1,2)))",-12.177673171008477
"and(three(circle),two(stripes,(0,1)))",-12.177673171008477
"and(three(circle),two(stripes,(0,2)))",-12.177673171008477
"and(three(circle),two(circle,(1,2)))",-12.177673171008477
"and(three(circle),two(circle,(0,1)))",-12.177673171008477
"and(three(circle),two(dots,(0,1)))",-12.177673171008477
"and(three(circle),two(square,(1,2)))",-12.177673171008477
"and(three(circle),one(medium,(0)))",-12.177673171008477
"and(three(circle),one(medium,(1)))",-12.177673171008477
"and(three(circle),one(medium,(2)))",-12.177673171008477
"and(three(circle),one(high,(0)))",-12.177673171008477
"and(three(circle),one(high,(1)))",-12.177673171008477
"and(three(circle),one(high,(2)))",-12.177673171008477
"and(three(circle),one(plain,(0)))",-12.177673171008477
"and(three(circle),one(plain,(1)))",-12.177673171008477
"and(three(circle),one(plain,(2)))",-12.177673171008477
"and(three(circle),one(stripes,(0)))",-12.177673171008477
"and(three(circle),one(stripes,(1)))",-12.177673171008477
"and(three(circle),one(stripes,(2)))",-12.177673171008477
"and(three(circle),one(dots,(0)))",-12.177673171008477
"and(three(circle),one(dots,(1)))",-12.177673171008477
"and(three(circle),one(dots,(2)))",-12.177673171008477
"and(three(circle),two(square,(0,1)))",-12.177673171008477
"and(three(circle),two(square,(0,2)))",-12.177673171008477
"and(three(circle),two(stripes,(1,2)))",-12.177673171008477
"and(three(circle),two(dots,(0,2)))",-12.177673171008477
"and(three(circle),one(low,(1)))",-12.177673171008477
"and(three(dots),two(triangle,(0,2)))",-12.177673171008477
"and(three(dots),two(circle,(1,2)))",-12.177673171008477
"and(three(dots),two(circle,(0,2)))",-12.177673171008477
"and(three(dots),two(circle,(0,1)))",-12.177673171008477
"and(three(dots),two(square,(1,2)))",-12.177673171008477
"and(three(dots),two(square,(0,2)))",-12.177673171008477
"and(three(dots),two(square,(0,1)))",-12.177673171008477
"and(three(dots),one(dots,(2)))",-12.177673171008477
"and(three(dots),one(dots,(1)))",-12.177673171008477
"and(three(dots),one(dots,(0)))",-12.177673171008477
"and(three(dots),one(stripes,(2)))",-12.177673171008477
"and(three(dots),one(stripes,(1)))",-12.177673171008477
"and(three(dots),one(stripes,(0)))",-12.177673171008477
"and(three(dots),one(plain,(2)))",-12.177673171008477
"and(three(dots),one(plain,(1)))",-12.177673171008477
"and(three(dots),one(plain,(0)))",-12.177673171008477
"and(three(dots),one(high,(2)))",-12.177673171008477
"and(three(dots),one(high,(1)))",-12.177673171008477
"and(three(dots),two(triangle,(0,1)))",-12.177673171008477
"and(three(dots),two(triangle,(1,2)))",-12.177673171008477
"and(three(circle),two(dots,(1,2)))",-12.177673171008477
"and(three(dots),two(low,(0,1)))",-12.177673171008477
"and(three(dots),two(dots,(1,2)))",-12.177673171008477
"and(three(dots),two(dots,(0,2)))",-12.177673171008477
"and(three(dots),two(dots,(0,1)))",-12.177673171008477
"and(three(dots),two(stripes,(1,2)))",-12.177673171008477
"and(three(dots),two(stripes,(0,2)))",-12.177673171008477
"and(three(dots),two(stripes,(0,1)))",-12.177673171008477
"and(three(dots),two(plain,(1,2)))",-12.177673171008477
"and(three(dots),two(plain,(0,2)))",-12.177673171008477
"and(three(dots),two(plain,(0,1)))",-12.177673171008477
"and(three(dots),two(high,(1,2)))",-12.177673171008477
"and(three(dots),two(high,(0,2)))",-12.177673171008477
"and(three(dots),two(high,(0,1)))",-12.177673171008477
"and(three(dots),two(medium,(1,2)))",-12.177673171008477
"and(three(dots),two(medium,(0,2)))",-12.177673171008477
"and(three(dots),two(medium,(0,1)))",-12.177673171008477
"and(three(dots),two(low,(1,2)))",-12.177673171008477
"and(three(dots),two(low,(0,2)))",-12.177673171008477
"and(three(circle),one(low,(2)))",-12.177673171008477
"and(three(circle),one(low,(0)))",-12.177673171008477
"and(two(dots),two(triangle,(1,2)))",-12.177673171008477
"and(three(square),one(square,(1)))",-12.177673171008477
"and(three(square),one(circle,(0)))",-12.177673171008477
"and(three(square),one(circle,(1)))",-12.177673171008477
"and(three(square),one(circle,(2)))",-12.177673171008477
"and(three(square),one(triangle,(0)))",-12.177673171008477
"and(three(square),one(triangle,(1)))",-12.177673171008477
"and(three(square),one(triangle,(2)))",-12.177673171008477
"and(three(square),one(low,(0)))",-12.177673171008477
"and(three(square),one(low,(1)))",-12.177673171008477
"and(three(square),one(low,(2)))",-12.177673171008477
"and(three(square),one(medium,(0)))",-12.177673171008477
"and(three(square),one(medium,(1)))",-12.177673171008477
"and(three(square),one(medium,(2)))",-12.177673171008477
"and(three(square),one(high,(0)))",-12.177673171008477
"and(three(square),one(high,(1)))",-12.177673171008477
"and(three(square),one(high,(2)))",-12.177673171008477
"and(three(square),one(plain,(0)))",-12.177673171008477
"and(three(square),one(plain,(1)))",-12.177673171008477
"and(three(square),one(square,(2)))",-12.177673171008477
"and(three(square),one(square,(0)))",-12.177673171008477
"and(three(square),one(stripes,(0)))",-12.177673171008477
"and(two(dots),two(dots,(1,2)))",-12.177673171008477
"and(two(dots),two(low,(0,1)))",-12.177673171008477
"and(two(dots),two(low,(0,2)))",-12.177673171008477
"and(two(dots),two(low,(1,2)))",-12.177673171008477
"and(two(dots),two(medium,(0,1)))",-12.177673171008477
"and(two(dots),two(medium,(0,2)))",-12.177673171008477
"and(two(dots),two(medium,(1,2)))",-12.177673171008477
"and(two(dots),two(high,(0,1)))",-12.177673171008477
"and(two(dots),two(high,(0,2)))",-12.177673171008477
"and(two(dots),two(high,(1,2)))",-12.177673171008477
"and(two(dots),two(plain,(0,1)))",-12.177673171008477
"and(two(dots),two(plain,(0,2)))",-12.177673171008477
"and(two(dots),two(plain,(1,2)))",-12.177673171008477
"and(two(dots),two(stripes,(0,1)))",-12.177673171008477
"and(two(dots),two(stripes,(0,2)))",-12.177673171008477
"and(two(dots),two(stripes,(1,2)))",-12.177673171008477
"and(two(dots),two(dots,(0,1)))",-12.177673171008477
"and(two(dots),two(dots,(0,2)))",-12.177673171008477
"and(three(square),one(plain,(2)))",-12.177673171008477
"and(three(square),one(stripes,(1)))",-12.177673171008477
"and(three(circle),one(triangle,(2)))",-12.177673171008477
"and(three(square),two(high,(0,2)))",-12.177673171008477
"and(three(square),two(plain,(0,1)))",-12.177673171008477
"and(three(square),two(plain,(0,2)))",-12.177673171008477
"and(three(square),two(plain,(1,2)))",-12.177673171008477
"and(three(square),two(stripes,(0,1)))",-12.177673171008477
"and(three(square),two(stripes,(0,2)))",-12.177673171008477
"and(three(square),two(stripes,(1,2)))",-12.177673171008477
"and(three(square),two(dots,(0,1)))",-12.177673171008477
"and(three(square),two(dots,(0,2)))",-12.177673171008477
"and(three(square),two(dots,(1,2)))",-12.177673171008477
"and(three(circle),one(square,(0)))",-12.177673171008477
"and(three(circle),one(square,(1)))",-12.177673171008477
"and(three(circle),one(square,(2)))",-12.177673171008477
"and(three(circle),one(circle,(0)))",-12.177673171008477
"and(three(circle),one(circle,(1)))",-12.177673171008477
"and(three(circle),one(circle,(2)))",-12.177673171008477
"and(three(circle),one(triangle,(0)))",-12.177673171008477
"and(three(circle),one(triangle,(1)))",-12.177673171008477
"and(three(square),two(high,(1,2)))",-12.177673171008477
"and(three(square),two(high,(0,1)))",-12.177673171008477
"and(three(square),one(stripes,(2)))",-12.177673171008477
"and(three(square),two(medium,(1,2)))",-12.177673171008477
"and(three(square),one(dots,(0)))",-12.177673171008477
"and(three(square),one(dots,(1)))",-12.177673171008477
"and(three(square),one(dots,(2)))",-12.177673171008477
"and(three(square),two(square,(0,1)))",-12.177673171008477
"and(three(square),two(square,(0,2)))",-12.177673171008477
"and(three(square),two(square,(1,2)))",-12.177673171008477
"and(three(square),two(circle,(0,1)))",-12.177673171008477
"and(three(square),two(circle,(0,2)))",-12.177673171008477
"and(three(square),two(circle,(1,2)))",-12.177673171008477
"and(three(square),two(triangle,(0,1)))",-12.177673171008477
"and(three(square),two(triangle,(0,2)))",-12.177673171008477
"and(three(square),two(triangle,(1,2)))",-12.177673171008477
"and(three(square),two(low,(0,1)))",-12.177673171008477
"and(three(square),two(low,(0,2)))",-12.177673171008477
"and(three(square),two(low,(1,2)))",-12.177673171008477
"and(three(square),two(medium,(0,1)))",-12.177673171008477
"and(three(square),two(medium,(0,2)))",-12.177673171008477
"and(one(low,(0)),three(stripes))",-12.177673171008477
"and(one(low,(0)),one(square))",-12.177673171008477
"and(one(high,(0)),two(circle))",-12.177673171008477
"and(one(high,(0)),two(medium))",-12.177673171008477
"and(one(high,(0)),two(plain))",-12.177673171008477
"and(one(high,(0)),two(stripes))",-12.177673171008477
"and(one(high,(0)),two(dots))",-12.177673171008477
"and(one(high,(0)),three(square))",-12.177673171008477
"and(one(high,(0)),three(circle))",-12.177673171008477
"and(one(high,(0)),three(triangle))",-12.177673171008477
"and(one(high,(0)),three(low))",-12.177673171008477
"and(one(high,(0)),three(medium))",-12.177673171008477
"and(one(high,(0)),three(high))",-12.177673171008477
"and(one(high,(0)),three(plain))",-12.177673171008477
"and(one(medium,(1)),three(circle))",-12.177673171008477
"and(one(medium,(1)),three(triangle))",-12.177673171008477
"and(one(medium,(1)),three(low))",-12.177673171008477
"and(one(medium,(1)),three(medium))",-12.177673171008477
"and(one(medium,(1)),three(high))",-12.177673171008477
"and(one(medium,(1)),three(plain))",-12.177673171008477
"and(one(medium,(1)),three(stripes))",-12.177673171008477
"and(one(medium,(1)),three(dots))",-12.177673171008477
"and(one(plain),two(stripes,(0,1)))",-12.177673171008477
"and(one(plain),two(plain,(1,2)))",-12.177673171008477
"and(one(plain),two(plain,(0,2)))",-12.177673171008477
"and(one(low,(2)),two(high))",-12.177673171008477
"and(one(low,(2)),two(medium))",-12.177673171008477
"and(one(low,(2)),two(low))",-12.177673171008477
"and(one(low,(2)),two(triangle))",-12.177673171008477
"and(one(plain),two(triangle,(0,1)))",-12.177673171008477
"and(one(plain),two(triangle,(0,2)))",-12.177673171008477
"and(one(plain),two(triangle,(1,2)))",-12.177673171008477
"and(one(plain),two(low,(0,1)))",-12.177673171008477
"and(one(high,(0)),two(high))",-12.177673171008477
"and(one(high,(0)),two(low))",-12.177673171008477
"and(one(low,(2)),two(stripes))",-12.177673171008477
"and(one(high,(0)),two(triangle))",-12.177673171008477
"and(one(medium,(2)),one(square))",-12.177673171008477
"and(one(low,(1)),two(high))",-12.177673171008477
"and(one(low,(1)),two(medium))",-12.177673171008477
"and(one(low,(1)),two(low))",-12.177673171008477
"and(one(low,(1)),two(triangle))",-12.177673171008477
"and(one(low,(1)),two(circle))",-12.177673171008477
"and(one(low,(1)),two(square))",-12.177673171008477
"and(one(low,(1)),one(dots))",-12.177673171008477
"and(one(low,(1)),one(stripes))",-12.177673171008477
"and(one(low,(1)),one(plain))",-12.177673171008477
"and(one(low,(1)),three(dots))",-12.177673171008477
"and(one(low,(1)),three(stripes))",-12.177673171008477
"and(one(low,(1)),three(plain))",-12.177673171008477
"and(one(low,(1)),three(high))",-12.177673171008477
"and(one(low,(1)),three(medium))",-12.177673171008477
"and(one(low,(1)),one(high))",-12.177673171008477
"and(one(low,(1)),one(medium))",-12.177673171008477
"and(one(low,(1)),one(low))",-12.177673171008477
"and(one(high,(0)),one(square))",-12.177673171008477
"and(one(high,(0)),one(circle))",-12.177673171008477
"and(one(high,(0)),one(triangle))",-12.177673171008477
"and(one(high,(0)),one(low))",-12.177673171008477
"and(one(high,(0)),one(medium))",-12.177673171008477
"and(one(high,(0)),one(high))",-12.177673171008477
"and(one(high,(0)),one(plain))",-12.177673171008477
"and(one(high,(0)),one(stripes))",-12.177673171008477
"and(one(high,(0)),one(dots))",-12.177673171008477
"and(one(high,(0)),two(square))",-12.177673171008477
"and(one(low,(1)),one(triangle))",-12.177673171008477
"and(one(high,(1)),three(dots))",-12.177673171008477
"and(one(high,(1)),three(stripes))",-12.177673171008477
"and(one(high,(1)),three(plain))",-12.177673171008477
"and(one(high,(1)),three(high))",-12.177673171008477
"and(one(medium,(2)),one(circle))",-12.177673171008477
"and(one(medium,(2)),one(triangle))",-12.177673171008477
"and(one(medium,(2)),one(low))",-12.177673171008477
"and(one(medium,(2)),one(medium))",-12.177673171008477
"and(one(medium,(2)),one(high))",-12.177673171008477
"and(one(medium,(2)),one(plain))",-12.177673171008477
"and(one(medium,(2)),one(stripes))",-12.177673171008477
"and(one(medium,(2)),one(dots))",-12.177673171008477
"and(one(medium,(2)),three(plain))",-12.177673171008477
"and(one(medium,(2)),three(high))",-12.177673171008477
"and(one(medium,(2)),three(medium))",-12.177673171008477
"and(one(medium,(2)),three(low))",-12.177673171008477
"and(one(medium,(2)),three(triangle))",-12.177673171008477
"and(one(medium,(2)),three(circle))",-12.177673171008477
"and(one(medium,(2)),three(square))",-12.177673171008477
"and(one(medium,(2)),two(dots))",-12.177673171008477
"and(one(medium,(2)),two(stripes))",-12.177673171008477
"and(one(medium,(2)),two(plain))",-12.177673171008477
"and(one(medium,(2)),two(high))",-12.177673171008477
"and(one(low,(1)),two(plain))",-12.177673171008477
"and(one(low,(1)),two(stripes))",-12.177673171008477
"and(one(low,(1)),two(dots))",-12.177673171008477
"and(one(low,(1)),three(square))",-12.177673171008477
"and(one(low,(1)),three(circle))",-12.177673171008477
"and(one(low,(1)),three(triangle))",-12.177673171008477
"and(one(low,(1)),three(low))",-12.177673171008477
"and(one(medium,(2)),two(medium))",-12.177673171008477
"and(one(medium,(2)),two(low))",-12.177673171008477
"and(one(medium,(2)),two(triangle))",-12.177673171008477
"and(one(low,(1)),one(square))",-12.177673171008477
"and(one(low,(1)),one(circle))",-12.177673171008477
"and(one(plain),two(low,(0,2)))",-12.177673171008477
"and(one(high,(1)),two(square))",-12.177673171008477
"and(one(high,(1)),three(medium))",-12.177673171008477
"and(one(high,(1)),three(low))",-12.177673171008477
"and(one(high,(1)),three(triangle))",-12.177673171008477
"and(one(high,(1)),three(circle))",-12.177673171008477
"and(one(high,(1)),three(square))",-12.177673171008477
"and(one(high,(1)),two(dots))",-12.177673171008477
"and(one(high,(1)),two(stripes))",-12.177673171008477
"and(one(high,(1)),two(plain))",-12.177673171008477
"and(one(high,(1)),two(high))",-12.177673171008477
"and(one(high,(1)),two(medium))",-12.177673171008477
"and(one(high,(1)),two(low))",-12.177673171008477
"and(one(high,(1)),two(triangle))",-12.177673171008477
"and(one(high,(1)),two(circle))",-12.177673171008477
"and(one(high,(1)),one(dots))",-12.177673171008477
"and(one(plain),two(low,(1,2)))",-12.177673171008477
"and(one(high,(1)),one(stripes))",-12.177673171008477
"and(one(high,(1)),one(plain))",-12.177673171008477
"and(one(high,(1)),one(high))",-12.177673171008477
"and(one(high,(1)),one(medium))",-12.177673171008477
"and(one(high,(1)),one(low))",-12.177673171008477
"and(one(high,(1)),one(triangle))",-12.177673171008477
"and(one(low,(2)),two(circle))",-12.177673171008477
"and(one(low,(2)),two(square))",-12.177673171008477
"and(one(plain),two(plain,(0,1)))",-12.177673171008477
"and(one(high,(0)),three(stripes))",-12.177673171008477
"and(one(high,(0)),three(dots))",-12.177673171008477
"and(one(plain),two(medium,(0,2)))",-12.177673171008477
"and(one(plain),two(medium,(0,1)))",-12.177673171008477
"and(one(low,(2)),two(plain))",-12.177673171008477
"and(one(low,(2)),two(dots))",-12.177673171008477
"and(one(medium,(2)),two(square))",-12.177673171008477
"and(one(medium,(1)),one(circle))",-12.177673171008477
"and(one(medium,(0)),one(plain))",-12.177673171008477
"and(one(medium,(1)),two(triangle))",-12.177673171008477
"and(one(medium,(1)),two(circle))",-12.177673171008477
"and(one(medium,(1)),two(square))",-12.177673171008477
"and(one(medium,(1)),one(dots))",-12.177673171008477
"and(one(medium,(1)),one(stripes))",-12.177673171008477
"and(one(medium,(1)),one(plain))",-12.177673171008477
"and(one(medium,(1)),one(high))",-12.177673171008477
"and(one(medium,(1)),one(medium))",-12.177673171008477
"and(one(medium,(1)),one(low))",-12.177673171008477
"and(one(medium,(1)),one(triangle))",-12.177673171008477
"and(one(medium,(1)),one(square))",-12.177673171008477
"and(one(high,(2)),one(stripes))",-12.177673171008477
"and(one(medium,(0)),one(high))",-12.177673171008477
"and(one(medium,(0)),one(medium))",-12.177673171008477
"and(one(low,(2)),three(square))",-12.177673171008477
"and(one(medium,(0)),one(triangle))",-12.177673171008477
"and(one(medium,(0)),one(circle))",-12.177673171008477
"and(one(high,(2)),two(high))",-12.177673171008477
"and(one(high,(2)),two(medium))",-12.177673171008477
"and(one(high,(2)),two(low))",-12.177673171008477
"and(one(high,(2)),two(triangle))",-12.177673171008477
"and(one(high,(2)),two(circle))",-12.177673171008477
"and(one(high,(2)),two(square))",-12.177673171008477
"and(one(medium,(0)),one(stripes))",-12.177673171008477
"and(one(medium,(0)),one(dots))",-12.177673171008477
"and(one(medium,(0)),two(square))",-12.177673171008477
"and(one(medium,(0)),two(circle))",-12.177673171008477
"and(one(high,(2)),three(dots))",-12.177673171008477
"and(one(high,(2)),three(stripes))",-12.177673171008477
"and(one(high,(2)),three(plain))",-12.177673171008477
"and(one(high,(2)),three(high))",-12.177673171008477
"and(one(high,(2)),three(medium))",-12.177673171008477
"and(one(high,(2)),three(low))",-12.177673171008477
"and(one(high,(2)),three(triangle))",-12.177673171008477
"and(one(high,(2)),three(circle))",-12.177673171008477
"and(one(high,(2)),three(square))",-12.177673171008477
"and(one(high,(2)),two(dots))",-12.177673171008477
"and(one(high,(2)),two(stripes))",-12.177673171008477
"and(one(high,(2)),two(plain))",-12.177673171008477
"and(one(plain),two(medium,(1,2)))",-12.177673171008477
"and(one(plain),two(high,(0,1)))",-12.177673171008477
"and(one(plain),two(high,(0,2)))",-12.177673171008477
"and(one(plain),two(high,(1,2)))",-12.177673171008477
"and(one(medium,(2)),three(dots))",-12.177673171008477
"and(one(medium,(2)),three(stripes))",-12.177673171008477
"and(one(medium,(0)),two(plain))",-12.177673171008477
"and(one(medium,(0)),two(high))",-12.177673171008477
"and(one(medium,(0)),two(medium))",-12.177673171008477
"and(one(medium,(0)),two(low))",-12.177673171008477
"and(one(medium,(0)),two(triangle))",-12.177673171008477
"and(one(high,(2)),one(dots))",-12.177673171008477
"and(one(medium,(0)),one(low))",-12.177673171008477
"and(one(high,(2)),one(plain))",-12.177673171008477
"and(one(medium,(1)),three(square))",-12.177673171008477
"and(one(plain),two(dots,(0,1)))",-12.177673171008477
"and(one(plain),two(stripes,(1,2)))",-12.177673171008477
"and(one(plain),two(stripes,(0,2)))",-12.177673171008477
"and(one(low,(2)),one(dots))",-12.177673171008477
"and(one(low,(2)),one(stripes))",-12.177673171008477
"and(one(low,(2)),one(plain))",-12.177673171008477
"and(one(high,(2)),one(high))",-12.177673171008477
"and(one(low,(2)),one(medium))",-12.177673171008477
"and(one(low,(2)),one(low))",-12.177673171008477
"and(one(low,(2)),one(triangle))",-12.177673171008477
"and(one(high,(1)),one(square))",-12.177673171008477
"and(one(high,(1)),one(circle))",-12.177673171008477
"and(one(low,(2)),one(circle))",-12.177673171008477
"and(one(low,(2)),one(square))",-12.177673171008477
"and(one(plain),two(dots,(1,2)))",-12.177673171008477
"and(one(low,(2)),three(dots))",-12.177673171008477
"and(one(low,(2)),three(stripes))",-12.177673171008477
"and(one(low,(2)),three(plain))",-12.177673171008477
"and(one(low,(2)),three(high))",-12.177673171008477
"and(one(low,(2)),three(medium))",-12.177673171008477
"and(one(low,(2)),three(low))",-12.177673171008477
"and(one(low,(2)),three(triangle))",-12.177673171008477
"and(one(low,(2)),three(circle))",-12.177673171008477
"and(one(plain),two(dots,(0,2)))",-12.177673171008477
"and(one(low,(2)),one(high))",-12.177673171008477
"and(one(medium,(1)),two(dots))",-12.177673171008477
"and(one(medium,(0)),three(triangle))",-12.177673171008477
"and(one(high,(2)),one(medium))",-12.177673171008477
"and(one(high,(2)),one(low))",-12.177673171008477
"and(one(high,(2)),one(triangle))",-12.177673171008477
"and(one(high,(2)),one(circle))",-12.177673171008477
"and(one(high,(2)),one(square))",-12.177673171008477
"and(one(medium,(0)),one(square))",-12.177673171008477
"and(one(medium,(0)),two(stripes))",-12.177673171008477
"and(one(medium,(0)),two(dots))",-12.177673171008477
"and(one(medium,(0)),three(square))",-12.177673171008477
"and(one(medium,(1)),two(stripes))",-12.177673171008477
"and(one(medium,(0)),three(circle))",-12.177673171008477
"and(one(medium,(2)),two(circle))",-12.177673171008477
"and(one(medium,(0)),three(low))",-12.177673171008477
"and(one(medium,(0)),three(dots))",-12.177673171008477
"and(one(medium,(0)),three(plain))",-12.177673171008477
"and(one(medium,(0)),three(high))",-12.177673171008477
"and(one(medium,(0)),three(stripes))",-12.177673171008477
"and(one(medium,(0)),three(medium))",-12.177673171008477
"and(one(medium,(1)),two(low))",-12.177673171008477
"and(one(medium,(1)),two(medium))",-12.177673171008477
"and(one(medium,(1)),two(high))",-12.177673171008477
"and(one(medium,(1)),two(plain))",-12.177673171008477
"and(two(stripes,(1,2)),one(circle,(0)))",-13.276285459676586
"and(two(stripes,(1,2)),one(stripes,(1)))",-13.276285459676586
"and(two(stripes,(1,2)),one(circle,(1)))",-13.276285459676586
"and(two(stripes,(1,2)),one(square,(1)))",-13.276285459676586
"and(two(stripes,(1,2)),one(circle,(2)))",-13.276285459676586
"and(two(stripes,(1,2)),one(dots,(0)))",-13.276285459676586
"and(two(stripes,(1,2)),one(stripes,(2)))",-13.276285459676586
"and(two(stripes,(1,2)),one(square,(2)))",-13.276285459676586
"and(two(stripes,(1,2)),one(stripes,(0)))",-13.276285459676586
"and(two(stripes,(1,2)),one(plain,(2)))",-13.276285459676586
"and(two(stripes,(1,2)),one(plain,(1)))",-13.276285459676586
"and(two(stripes,(1,2)),one(plain,(0)))",-13.276285459676586
"and(two(stripes,(1,2)),one(high,(2)))",-13.276285459676586
"and(two(stripes,(1,2)),one(high,(1)))",-13.276285459676586
"and(two(stripes,(1,2)),one(high,(0)))",-13.276285459676586
"and(two(stripes,(1,2)),one(medium,(1)))",-13.276285459676586
"and(two(stripes,(1,2)),one(medium,(0)))",-13.276285459676586
"and(two(stripes,(1,2)),one(low,(2)))",-13.276285459676586
"and(two(stripes,(1,2)),one(low,(1)))",-13.276285459676586
"and(two(stripes,(1,2)),one(low,(0)))",-13.276285459676586
"and(two(stripes,(1,2)),one(triangle,(2)))",-13.276285459676586
"and(two(stripes,(1,2)),one(triangle,(1)))",-13.276285459676586
"and(two(stripes,(1,2)),one(triangle,(0)))",-13.276285459676586
"and(two(stripes,(1,2)),one(medium,(2)))",-13.276285459676586
"and(one(low,(0)),one(stripes,(1)))",-13.276285459676586
"and(two(stripes,(1,2)),one(square,(0)))",-13.276285459676586
"and(one(dots,(1)),two(low,(0,2)))",-13.276285459676586
"and(one(medium,(0)),one(circle,(0)))",-13.276285459676586
"and(one(medium,(0)),one(square,(2)))",-13.276285459676586
"and(one(medium,(0)),one(square,(1)))",-13.276285459676586
"and(one(medium,(0)),one(square,(0)))",-13.276285459676586
"and(two(stripes,(0,2)),two(dots,(1,2)))",-13.276285459676586
"and(two(stripes,(0,2)),two(dots,(0,2)))",-13.276285459676586
"and(two(stripes,(0,2)),two(dots,(0,1)))",-13.276285459676586
"and(two(stripes,(0,2)),two(stripes,(1,2)))",-13.276285459676586
"and(two(stripes,(0,2)),two(stripes,(0,2)))",-13.276285459676586
"and(two(stripes,(0,2)),two(stripes,(0,1)))",-13.276285459676586
"and(two(stripes,(0,2)),two(plain,(1,2)))",-13.276285459676586
"and(two(stripes,(0,2)),two(plain,(0,2)))",-13.276285459676586
"and(two(stripes,(0,2)),two(plain,(0,1)))",-13.276285459676586
"and(two(stripes,(0,2)),two(high,(1,2)))",-13.276285459676586
"and(two(stripes,(0,2)),two(high,(0,2)))",-13.276285459676586
"and(two(stripes,(0,2)),two(high,(0,1)))",-13.276285459676586
"and(two(stripes,(0,2)),two(medium,(1,2)))",-13.276285459676586
"and(two(stripes,(0,2)),two(medium,(0,2)))",-13.276285459676586
"and(two(stripes,(0,2)),two(medium,(0,1)))",-13.276285459676586
"and(two(stripes,(0,2)),two(low,(1,2)))",-13.276285459676586
"and(two(stripes,(0,2)),two(low,(0,2)))",-13.276285459676586
"and(two(stripes,(0,2)),two(low,(0,1)))",-13.276285459676586
"and(two(stripes,(0,2)),two(triangle,(1,2)))",-13.276285459676586
"and(two(stripes,(0,2)),two(triangle,(0,2)))",-13.276285459676586
"and(two(stripes,(0,2)),two(triangle,(0,1)))",-13.276285459676586
"and(two(stripes,(0,2)),two(circle,(1,2)))",-13.276285459676586
"and(two(stripes,(0,2)),two(circle,(0,2)))",-13.276285459676586
"and(one(medium,(0)),one(circle,(1)))",-13.276285459676586
"and(one(medium,(0)),one(circle,(2)))",-13.276285459676586
"and(one(medium,(0)),one(triangle,(0)))",-13.276285459676586
"and(one(dots,(1)),two(stripes,(0,2)))",-13.276285459676586
"and(one(dots,(1)),two(low,(1,2)))",-13.276285459676586
"and(one(dots,(1)),two(medium,(0,1)))",-13.276285459676586
"and(one(dots,(1)),two(medium,(0,2)))",-13.276285459676586
"and(one(dots,(1)),two(medium,(1,2)))",-13.276285459676586
"and(one(dots,(1)),two(high,(0,1)))",-13.276285459676586
"and(one(dots,(1)),two(high,(0,2)))",-13.276285459676586
"and(one(dots,(1)),two(high,(1,2)))",-13.276285459676586
"and(one(dots,(1)),two(plain,(0,1)))",-13.276285459676586
"and(two(stripes,(1,2)),one(dots,(2)))",-13.276285459676586
"and(one(dots,(1)),two(plain,(0,2)))",-13.276285459676586
"and(one(dots,(1)),two(plain,(1,2)))",-13.276285459676586
"and(one(dots,(1)),two(stripes,(0,1)))",-13.276285459676586
"and(one(dots,(1)),two(stripes,(1,2)))",-13.276285459676586
"and(one(medium,(0)),one(triangle,(1)))",-13.276285459676586
"and(one(dots,(1)),two(dots,(0,1)))",-13.276285459676586
"and(one(dots,(1)),two(dots,(0,2)))",-13.276285459676586
"and(one(dots,(1)),two(dots,(1,2)))",-13.276285459676586
"and(one(medium,(0)),one(high,(1)))",-13.276285459676586
"and(one(medium,(0)),one(high,(0)))",-13.276285459676586
"and(one(medium,(0)),one(medium,(2)))",-13.276285459676586
"and(one(medium,(0)),one(medium,(1)))",-13.276285459676586
"and(one(medium,(0)),one(medium,(0)))",-13.276285459676586
"and(one(medium,(0)),one(low,(2)))",-13.276285459676586
"and(one(medium,(0)),one(low,(1)))",-13.276285459676586
"and(one(medium,(0)),one(low,(0)))",-13.276285459676586
"and(one(medium,(0)),one(triangle,(2)))",-13.276285459676586
"and(two(stripes,(1,2)),one(dots,(1)))",-13.276285459676586
"and(one(dots,(1)),one(high,(2)))",-13.276285459676586
"and(two(stripes,(1,2)),two(square,(0,1)))",-13.276285459676586
"and(two(dots,(0,1)),one(stripes,(0)))",-13.276285459676586
"and(two(dots,(0,1)),two(plain,(1,2)))",-13.276285459676586
"and(two(dots,(0,1)),two(stripes,(0,1)))",-13.276285459676586
"and(two(dots,(0,1)),two(stripes,(0,2)))",-13.276285459676586
"and(two(dots,(0,1)),two(stripes,(1,2)))",-13.276285459676586
"and(two(dots,(0,1)),two(dots,(0,1)))",-13.276285459676586
"and(two(dots,(0,1)),two(dots,(0,2)))",-13.276285459676586
"and(two(dots,(0,1)),two(dots,(1,2)))",-13.276285459676586
"and(one(medium,(0)),two(square,(1,2)))",-13.276285459676586
"and(one(medium,(0)),two(circle,(0,1)))",-13.276285459676586
"and(one(medium,(0)),two(circle,(0,2)))",-13.276285459676586
"and(one(medium,(0)),two(circle,(1,2)))",-13.276285459676586
"and(one(medium,(0)),two(triangle,(0,1)))",-13.276285459676586
"and(one(medium,(0)),two(triangle,(0,2)))",-13.276285459676586
"and(one(medium,(0)),two(triangle,(1,2)))",-13.276285459676586
"and(one(medium,(0)),two(low,(0,1)))",-13.276285459676586
"and(one(medium,(0)),two(low,(0,2)))",-13.276285459676586
"and(one(medium,(0)),two(low,(1,2)))",-13.276285459676586
"and(one(medium,(0)),two(medium,(0,1)))",-13.276285459676586
"and(one(medium,(0)),two(medium,(0,2)))",-13.276285459676586
"and(one(medium,(0)),two(medium,(1,2)))",-13.276285459676586
"and(one(medium,(0)),two(high,(0,1)))",-13.276285459676586
"and(two(dots,(0,1)),two(plain,(0,2)))",-13.276285459676586
"and(two(dots,(0,1)),two(plain,(0,1)))",-13.276285459676586
"and(two(dots,(0,1)),two(high,(1,2)))",-13.276285459676586
"and(two(dots,(0,1)),two(circle,(1,2)))",-13.276285459676586
"and(two(dots,(0,1)),one(stripes,(2)))",-13.276285459676586
"and(two(dots,(0,1)),one(dots,(0)))",-13.276285459676586
"and(two(dots,(0,1)),one(dots,(1)))",-13.276285459676586
"and(two(dots,(0,1)),one(dots,(2)))",-13.276285459676586
"and(two(dots,(0,1)),two(square,(0,1)))",-13.276285459676586
"and(two(dots,(0,1)),two(square,(0,2)))",-13.276285459676586
"and(two(dots,(0,1)),two(square,(1,2)))",-13.276285459676586
"and(two(dots,(0,1)),two(circle,(0,1)))",-13.276285459676586
"and(two(dots,(0,1)),two(circle,(0,2)))",-13.276285459676586
"and(two(dots,(0,1)),two(triangle,(0,1)))",-13.276285459676586
"and(two(dots,(0,1)),two(high,(0,2)))",-13.276285459676586
"and(two(dots,(0,1)),two(triangle,(0,2)))",-13.276285459676586
"and(two(dots,(0,1)),two(triangle,(1,2)))",-13.276285459676586
"and(two(dots,(0,1)),two(low,(0,1)))",-13.276285459676586
"and(two(dots,(0,1)),two(low,(0,2)))",-13.276285459676586
"and(two(dots,(0,1)),two(low,(1,2)))",-13.276285459676586
"and(two(dots,(0,1)),two(medium,(0,1)))",-13.276285459676586
"and(two(dots,(0,1)),two(medium,(0,2)))",-13.276285459676586
"and(two(dots,(0,1)),two(medium,(1,2)))",-13.276285459676586
"and(two(dots,(0,1)),two(high,(0,1)))",-13.276285459676586
"and(one(medium,(0)),two(high,(0,2)))",-13.276285459676586
"and(one(medium,(0)),two(high,(1,2)))",-13.276285459676586
"and(one(medium,(0)),two(plain,(0,1)))",-13.276285459676586
"and(two(dots,(0,2)),one(medium,(2)))",-13.276285459676586
"and(two(dots,(0,2)),one(circle,(2)))",-13.276285459676586
"and(two(dots,(0,2)),one(triangle,(0)))",-13.276285459676586
"and(two(dots,(0,2)),one(triangle,(1)))",-13.276285459676586
"and(two(dots,(0,2)),one(triangle,(2)))",-13.276285459676586
"and(two(dots,(0,2)),one(low,(0)))",-13.276285459676586
"and(two(dots,(0,2)),one(low,(1)))",-13.276285459676586
"and(two(dots,(0,2)),one(low,(2)))",-13.276285459676586
"and(two(dots,(0,2)),one(medium,(0)))",-13.276285459676586
"and(two(dots,(0,2)),one(medium,(1)))",-13.276285459676586
"and(two(dots,(0,2)),one(high,(0)))",-13.276285459676586
"and(two(dots,(0,2)),one(circle,(0)))",-13.276285459676586
"and(two(dots,(0,2)),one(high,(1)))",-13.276285459676586
"and(two(dots,(0,2)),one(high,(2)))",-13.276285459676586
"and(two(dots,(0,2)),one(plain,(0)))",-13.276285459676586
"and(two(dots,(0,2)),one(plain,(1)))",-13.276285459676586
"and(two(dots,(0,2)),one(plain,(2)))",-13.276285459676586
"and(two(dots,(0,2)),one(stripes,(0)))",-13.276285459676586
"and(two(dots,(0,2)),one(stripes,(1)))",-13.276285459676586
"and(two(dots,(0,2)),one(stripes,(2)))",-13.276285459676586
"and(two(dots,(0,2)),one(dots,(0)))",-13.276285459676586
"and(two(dots,(0,2)),one(circle,(1)))",-13.276285459676586
"and(two(dots,(0,2)),one(square,(2)))",-13.276285459676586
"and(one(medium,(0)),two(plain,(0,2)))",-13.276285459676586
"and(one(dots,(0)),two(dots,(0,1)))",-13.276285459676586
"and(one(medium,(0)),two(plain,(1,2)))",-13.276285459676586
"and(one(medium,(0)),two(stripes,(0,1)))",-13.276285459676586
"and(one(medium,(0)),two(stripes,(0,2)))",-13.276285459676586
"and(one(medium,(0)),two(stripes,(1,2)))",-13.276285459676586
"and(one(medium,(0)),two(dots,(0,1)))",-13.276285459676586
"and(one(medium,(0)),two(dots,(0,2)))",-13.276285459676586
"and(one(medium,(0)),two(dots,(1,2)))",-13.276285459676586
"and(one(dots,(0)),two(dots,(1,2)))",-13.276285459676586
"and(one(dots,(0)),two(dots,(0,2)))",-13.276285459676586
"and(one(dots,(0)),two(stripes,(1,2)))",-13.276285459676586
"and(two(dots,(0,2)),one(square,(1)))",-13.276285459676586
"and(one(dots,(0)),two(stripes,(0,2)))",-13.276285459676586
"and(one(dots,(0)),two(stripes,(0,1)))",-13.276285459676586
"and(one(dots,(0)),two(plain,(1,2)))",-13.276285459676586
"and(one(dots,(0)),two(plain,(0,2)))",-13.276285459676586
"and(one(dots,(0)),two(plain,(0,1)))",-13.276285459676586
"and(one(dots,(0)),two(high,(1,2)))",-13.276285459676586
"and(one(dots,(0)),two(high,(0,2)))",-13.276285459676586
"and(one(dots,(0)),two(high,(0,1)))",-13.276285459676586
"and(two(dots,(0,2)),one(square,(0)))",-13.276285459676586
"and(two(dots,(0,1)),one(stripes,(1)))",-13.276285459676586
"and(two(dots,(0,1)),one(plain,(2)))",-13.276285459676586
"and(two(stripes,(1,2)),two(square,(0,2)))",-13.276285459676586
"and(two(dots,(0,1)),one(plain,(1)))",-13.276285459676586
"and(two(stripes,(1,2)),two(dots,(1,2)))",-13.276285459676586
"and(one(dots,(1)),two(low,(0,1)))",-13.276285459676586
"and(one(dots,(1)),two(triangle,(1,2)))",-13.276285459676586
"and(one(dots,(1)),two(triangle,(0,2)))",-13.276285459676586
"and(one(dots,(1)),two(triangle,(0,1)))",-13.276285459676586
"and(one(dots,(1)),two(circle,(1,2)))",-13.276285459676586
"and(one(dots,(1)),two(circle,(0,2)))",-13.276285459676586
"and(one(dots,(1)),two(circle,(0,1)))",-13.276285459676586
"and(one(dots,(1)),two(square,(1,2)))",-13.276285459676586
"and(one(dots,(1)),two(square,(0,2)))",-13.276285459676586
"and(one(dots,(1)),two(square,(0,1)))",-13.276285459676586
"and(one(dots,(1)),one(dots,(2)))",-13.276285459676586
"and(one(dots,(1)),one(dots,(1)))",-13.276285459676586
"and(one(dots,(1)),one(dots,(0)))",-13.276285459676586
"and(one(dots,(1)),one(stripes,(2)))",-13.276285459676586
"and(one(dots,(1)),one(stripes,(1)))",-13.276285459676586
"and(one(dots,(1)),one(stripes,(0)))",-13.276285459676586
"and(one(dots,(1)),one(plain,(2)))",-13.276285459676586
"and(one(dots,(1)),one(plain,(1)))",-13.276285459676586
"and(one(dots,(1)),one(plain,(0)))",-13.276285459676586
"and(two(stripes,(0,2)),two(square,(1,2)))",-13.276285459676586
"and(two(stripes,(1,2)),two(dots,(0,2)))",-13.276285459676586
"and(two(stripes,(1,2)),two(dots,(0,1)))",-13.276285459676586
"and(two(stripes,(1,2)),two(stripes,(1,2)))",-13.276285459676586
"and(two(stripes,(1,2)),two(low,(1,2)))",-13.276285459676586
"and(two(stripes,(1,2)),two(square,(1,2)))",-13.276285459676586
"and(two(stripes,(1,2)),two(circle,(0,1)))",-13.276285459676586
"and(two(stripes,(1,2)),two(circle,(0,2)))",-13.276285459676586
"and(two(stripes,(1,2)),two(circle,(1,2)))",-13.276285459676586
"and(two(stripes,(1,2)),two(triangle,(0,1)))",-13.276285459676586
"and(two(stripes,(1,2)),two(triangle,(0,2)))",-13.276285459676586
"and(two(stripes,(1,2)),two(triangle,(1,2)))",-13.276285459676586
"and(two(stripes,(1,2)),two(low,(0,1)))",-13.276285459676586
"and(two(stripes,(1,2)),two(low,(0,2)))",-13.276285459676586
"and(two(stripes,(1,2)),two(medium,(0,1)))",-13.276285459676586
"and(two(stripes,(1,2)),two(stripes,(0,2)))",-13.276285459676586
"and(two(stripes,(1,2)),two(medium,(0,2)))",-13.276285459676586
"and(two(stripes,(1,2)),two(medium,(1,2)))",-13.276285459676586
"and(two(stripes,(1,2)),two(high,(0,1)))",-13.276285459676586
"and(two(stripes,(1,2)),two(high,(0,2)))",-13.276285459676586
"and(two(stripes,(1,2)),two(high,(1,2)))",-13.276285459676586
"and(two(stripes,(1,2)),two(plain,(0,1)))",-13.276285459676586
"and(two(stripes,(1,2)),two(plain,(0,2)))",-13.276285459676586
"and(two(stripes,(1,2)),two(plain,(1,2)))",-13.276285459676586
"and(two(stripes,(1,2)),two(stripes,(0,1)))",-13.276285459676586
"and(one(dots,(1)),one(high,(1)))",-13.276285459676586
"and(one(dots,(1)),one(high,(0)))",-13.276285459676586
"and(one(dots,(1)),one(medium,(2)))",-13.276285459676586
"and(two(dots,(0,1)),one(triangle,(2)))",-13.276285459676586
"and(one(medium,(0)),two(square,(0,2)))",-13.276285459676586
"and(two(dots,(0,1)),one(square,(0)))",-13.276285459676586
"and(two(dots,(0,1)),one(square,(1)))",-13.276285459676586
"and(two(dots,(0,1)),one(square,(2)))",-13.276285459676586
"and(two(dots,(0,1)),one(circle,(0)))",-13.276285459676586
"and(two(dots,(0,1)),one(circle,(1)))",-13.276285459676586
"and(two(dots,(0,1)),one(circle,(2)))",-13.276285459676586
"and(two(dots,(0,1)),one(triangle,(0)))",-13.276285459676586
"and(two(dots,(0,1)),one(triangle,(1)))",-13.276285459676586
"and(two(dots,(0,1)),one(low,(0)))",-13.276285459676586
"and(one(medium,(0)),one(dots,(2)))",-13.276285459676586
"and(two(dots,(0,1)),one(low,(1)))",-13.276285459676586
"and(two(dots,(0,1)),one(low,(2)))",-13.276285459676586
"and(two(dots,(0,1)),one(medium,(0)))",-13.276285459676586
"and(two(dots,(0,1)),one(medium,(1)))",-13.276285459676586
"and(two(dots,(0,1)),one(medium,(2)))",-13.276285459676586
"and(two(dots,(0,1)),one(high,(0)))",-13.276285459676586
"and(two(dots,(0,1)),one(high,(1)))",-13.276285459676586
"and(two(dots,(0,1)),one(high,(2)))",-13.276285459676586
"and(two(dots,(0,1)),one(plain,(0)))",-13.276285459676586
"and(one(medium,(0)),two(square,(0,1)))",-13.276285459676586
"and(one(medium,(0)),one(dots,(1)))",-13.276285459676586
"and(one(dots,(1)),one(medium,(1)))",-13.276285459676586
"and(one(dots,(1)),one(circle,(0)))",-13.276285459676586
"and(one(dots,(1)),one(medium,(0)))",-13.276285459676586
"and(one(dots,(1)),one(low,(2)))",-13.276285459676586
"and(one(dots,(1)),one(low,(1)))",-13.276285459676586
"and(one(dots,(1)),one(low,(0)))",-13.276285459676586
"and(one(dots,(1)),one(triangle,(2)))",-13.276285459676586
"and(one(dots,(1)),one(triangle,(1)))",-13.276285459676586
"and(one(dots,(1)),one(triangle,(0)))",-13.276285459676586
"and(one(dots,(1)),one(circle,(2)))",-13.276285459676586
"and(one(dots,(1)),one(circle,(1)))",-13.276285459676586
"and(one(dots,(1)),one(square,(2)))",-13.276285459676586
"and(one(medium,(0)),one(dots,(0)))",-13.276285459676586
"and(one(dots,(1)),one(square,(1)))",-13.276285459676586
"and(one(dots,(1)),one(square,(0)))",-13.276285459676586
"and(one(medium,(0)),one(high,(2)))",-13.276285459676586
"and(one(medium,(0)),one(plain,(0)))",-13.276285459676586
"and(one(medium,(0)),one(plain,(1)))",-13.276285459676586
"and(one(medium,(0)),one(plain,(2)))",-13.276285459676586
"and(one(medium,(0)),one(stripes,(0)))",-13.276285459676586
"and(one(medium,(0)),one(stripes,(1)))",-13.276285459676586
"and(one(medium,(0)),one(stripes,(2)))",-13.276285459676586
"and(two(stripes,(0,2)),two(circle,(0,1)))",-13.276285459676586
"and(one(dots,(2)),two(square,(0,2)))",-13.276285459676586
"and(two(stripes,(0,2)),two(square,(0,2)))",-13.276285459676586
"and(two(square,(0,1)),one(square,(1)))",-13.276285459676586
"and(two(square,(0,1)),one(low,(1)))",-13.276285459676586
"and(two(square,(0,1)),one(low,(0)))",-13.276285459676586
"and(two(square,(0,1)),one(triangle,(2)))",-13.276285459676586
"and(two(square,(0,1)),one(triangle,(1)))",-13.276285459676586
"and(two(square,(0,1)),one(triangle,(0)))",-13.276285459676586
"and(two(square,(0,1)),one(circle,(2)))",-13.276285459676586
"and(two(square,(0,1)),one(circle,(1)))",-13.276285459676586
"and(two(square,(0,1)),one(circle,(0)))",-13.276285459676586
"and(two(square,(0,1)),one(square,(2)))",-13.276285459676586
"and(two(square,(0,1)),one(square,(0)))",-13.276285459676586
"and(two(stripes,(0,2)),two(square,(0,1)))",-13.276285459676586
"and(one(low,(2)),one(circle,(1)))",-13.276285459676586
"and(one(low,(2)),one(circle,(2)))",-13.276285459676586
"and(one(low,(2)),one(triangle,(0)))",-13.276285459676586
"and(one(low,(2)),one(triangle,(1)))",-13.276285459676586
"and(one(low,(2)),one(triangle,(2)))",-13.276285459676586
"and(one(low,(2)),one(low,(0)))",-13.276285459676586
"and(one(low,(2)),one(low,(1)))",-13.276285459676586
"and(one(low,(2)),one(low,(2)))",-13.276285459676586
"and(one(low,(2)),one(medium,(0)))",-13.276285459676586
"and(two(square,(0,1)),one(low,(2)))",-13.276285459676586
"and(two(square,(0,1)),one(medium,(0)))",-13.276285459676586
"and(two(square,(0,1)),one(medium,(1)))",-13.276285459676586
"and(two(square,(0,1)),one(medium,(2)))",-13.276285459676586
"and(two(plain,(0,2)),two(plain,(1,2)))",-13.276285459676586
"and(two(plain,(0,2)),two(stripes,(0,1)))",-13.276285459676586
"and(two(plain,(0,2)),two(stripes,(0,2)))",-13.276285459676586
"and(two(plain,(0,2)),two(stripes,(1,2)))",-13.276285459676586
"and(two(plain,(0,2)),two(dots,(0,1)))",-13.276285459676586
"and(two(plain,(0,2)),two(dots,(0,2)))",-13.276285459676586
"and(two(plain,(0,2)),two(dots,(1,2)))",-13.276285459676586
"and(two(square,(0,1)),one(dots,(2)))",-13.276285459676586
"and(two(square,(0,1)),one(dots,(1)))",-13.276285459676586
"and(two(square,(0,1)),one(dots,(0)))",-13.276285459676586
"and(two(square,(0,1)),one(stripes,(2)))",-13.276285459676586
"and(two(square,(0,1)),one(stripes,(1)))",-13.276285459676586
"and(two(square,(0,1)),one(stripes,(0)))",-13.276285459676586
"and(two(square,(0,1)),one(plain,(2)))",-13.276285459676586
"and(two(square,(0,1)),one(plain,(1)))",-13.276285459676586
"and(two(square,(0,1)),one(plain,(0)))",-13.276285459676586
"and(two(square,(0,1)),one(high,(2)))",-13.276285459676586
"and(two(square,(0,1)),one(high,(1)))",-13.276285459676586
"and(two(square,(0,1)),one(high,(0)))",-13.276285459676586
"and(one(low,(2)),one(medium,(1)))",-13.276285459676586
"and(one(low,(2)),one(medium,(2)))",-13.276285459676586
"and(one(low,(2)),one(high,(0)))",-13.276285459676586
"and(two(plain,(1,2)),one(medium,(0)))",-13.276285459676586
"and(two(plain,(1,2)),one(medium,(2)))",-13.276285459676586
"and(two(plain,(1,2)),one(high,(0)))",-13.276285459676586
"and(two(plain,(1,2)),one(high,(1)))",-13.276285459676586
"and(two(plain,(1,2)),one(high,(2)))",-13.276285459676586
"and(two(plain,(1,2)),one(plain,(0)))",-13.276285459676586
"and(two(plain,(1,2)),one(plain,(1)))",-13.276285459676586
"and(two(plain,(1,2)),one(plain,(2)))",-13.276285459676586
"and(two(plain,(1,2)),one(stripes,(0)))",-13.276285459676586
"and(two(plain,(1,2)),one(stripes,(1)))",-13.276285459676586
"and(two(plain,(1,2)),one(stripes,(2)))",-13.276285459676586
"and(two(plain,(1,2)),one(dots,(0)))",-13.276285459676586
"and(two(plain,(1,2)),one(dots,(1)))",-13.276285459676586
"and(two(plain,(1,2)),one(dots,(2)))",-13.276285459676586
"and(two(plain,(1,2)),two(square,(0,1)))",-13.276285459676586
"and(two(plain,(1,2)),two(square,(0,2)))",-13.276285459676586
"and(two(plain,(1,2)),two(square,(1,2)))",-13.276285459676586
"and(two(plain,(1,2)),two(circle,(0,1)))",-13.276285459676586
"and(two(plain,(1,2)),two(circle,(0,2)))",-13.276285459676586
"and(two(plain,(1,2)),two(circle,(1,2)))",-13.276285459676586
"and(two(plain,(1,2)),one(medium,(1)))",-13.276285459676586
"and(two(plain,(1,2)),one(low,(2)))",-13.276285459676586
"and(one(low,(2)),one(high,(1)))",-13.276285459676586
"and(two(plain,(1,2)),one(low,(1)))",-13.276285459676586
"and(one(low,(2)),one(high,(2)))",-13.276285459676586
"and(one(low,(2)),one(plain,(0)))",-13.276285459676586
"and(one(low,(2)),one(plain,(1)))",-13.276285459676586
"and(one(low,(2)),one(plain,(2)))",-13.276285459676586
"and(one(low,(2)),one(stripes,(0)))",-13.276285459676586
"and(one(low,(2)),one(stripes,(1)))",-13.276285459676586
"and(one(low,(2)),one(stripes,(2)))",-13.276285459676586
"and(one(low,(2)),one(dots,(0)))",-13.276285459676586
"and(one(low,(2)),one(dots,(1)))",-13.276285459676586
"and(two(plain,(1,2)),one(square,(0)))",-13.276285459676586
"and(two(plain,(1,2)),one(square,(1)))",-13.276285459676586
"and(two(plain,(1,2)),one(square,(2)))",-13.276285459676586
"and(two(plain,(1,2)),one(circle,(0)))",-13.276285459676586
"and(two(plain,(1,2)),one(circle,(1)))",-13.276285459676586
"and(two(plain,(1,2)),one(circle,(2)))",-13.276285459676586
"and(two(plain,(1,2)),one(triangle,(0)))",-13.276285459676586
"and(two(plain,(1,2)),one(triangle,(1)))",-13.276285459676586
"and(two(plain,(1,2)),one(triangle,(2)))",-13.276285459676586
"and(two(plain,(1,2)),one(low,(0)))",-13.276285459676586
"and(two(plain,(0,2)),two(plain,(0,2)))",-13.276285459676586
"and(two(plain,(0,2)),two(plain,(0,1)))",-13.276285459676586
"and(two(plain,(0,2)),two(high,(1,2)))",-13.276285459676586
"and(one(square,(0)),one(circle,(1)))",-13.276285459676586
"and(one(square,(0)),one(square,(2)))",-13.276285459676586
"and(one(square,(0)),one(square,(1)))",-13.276285459676586
"and(one(square,(0)),one(square,(0)))",-13.276285459676586
"and(two(square,(0,1)),two(plain,(0,1)))",-13.276285459676586
"and(two(square,(0,1)),two(high,(1,2)))",-13.276285459676586
"and(two(square,(0,1)),two(high,(0,2)))",-13.276285459676586
"and(two(square,(0,1)),two(high,(0,1)))",-13.276285459676586
"and(two(square,(0,1)),two(medium,(1,2)))",-13.276285459676586
"and(two(square,(0,1)),two(medium,(0,2)))",-13.276285459676586
"and(two(square,(0,1)),two(medium,(0,1)))",-13.276285459676586
"and(two(square,(0,1)),two(low,(1,2)))",-13.276285459676586
"and(two(square,(0,1)),two(low,(0,2)))",-13.276285459676586
"and(two(square,(0,1)),two(low,(0,1)))",-13.276285459676586
"and(two(square,(0,1)),two(triangle,(1,2)))",-13.276285459676586
"and(two(square,(0,1)),two(triangle,(0,2)))",-13.276285459676586
"and(two(square,(0,1)),two(triangle,(0,1)))",-13.276285459676586
"and(two(square,(0,1)),two(circle,(1,2)))",-13.276285459676586
"and(two(square,(0,1)),two(circle,(0,2)))",-13.276285459676586
"and(two(square,(0,1)),two(circle,(0,1)))",-13.276285459676586
"and(one(square,(0)),one(circle,(0)))",-13.276285459676586
"and(one(square,(0)),one(circle,(2)))",-13.276285459676586
"and(two(square,(0,1)),two(square,(0,2)))",-13.276285459676586
"and(one(square,(0)),one(triangle,(0)))",-13.276285459676586
"and(one(square,(0)),one(dots,(1)))",-13.276285459676586
"and(one(square,(0)),one(dots,(0)))",-13.276285459676586
"and(one(square,(0)),one(stripes,(2)))",-13.276285459676586
"and(one(square,(0)),one(stripes,(1)))",-13.276285459676586
"and(one(square,(0)),one(stripes,(0)))",-13.276285459676586
"and(one(square,(0)),one(plain,(2)))",-13.276285459676586
"and(one(square,(0)),one(plain,(1)))",-13.276285459676586
"and(one(square,(0)),one(plain,(0)))",-13.276285459676586
"and(one(square,(0)),one(high,(2)))",-13.276285459676586
"and(one(square,(0)),one(high,(1)))",-13.276285459676586
"and(one(square,(0)),one(high,(0)))",-13.276285459676586
"and(one(square,(0)),one(medium,(2)))",-13.276285459676586
"and(one(square,(0)),one(medium,(1)))",-13.276285459676586
"and(one(square,(0)),one(medium,(0)))",-13.276285459676586
"and(one(square,(0)),one(low,(2)))",-13.276285459676586
"and(one(square,(0)),one(low,(1)))",-13.276285459676586
"and(one(square,(0)),one(low,(0)))",-13.276285459676586
"and(one(square,(0)),one(triangle,(2)))",-13.276285459676586
"and(one(square,(0)),one(triangle,(1)))",-13.276285459676586
"and(two(square,(0,1)),two(square,(1,2)))",-13.276285459676586
"and(two(square,(0,1)),two(square,(0,1)))",-13.276285459676586
"and(two(plain,(0,2)),two(high,(0,2)))",-13.276285459676586
"and(two(plain,(0,2)),one(stripes,(1)))",-13.276285459676586
"and(two(plain,(0,2)),one(dots,(0)))",-13.276285459676586
"and(two(plain,(0,2)),one(dots,(1)))",-13.276285459676586
"and(two(plain,(0,2)),one(dots,(2)))",-13.276285459676586
"and(two(plain,(0,2)),two(square,(0,1)))",-13.276285459676586
"and(two(plain,(0,2)),two(square,(0,2)))",-13.276285459676586
"and(two(plain,(0,2)),two(square,(1,2)))",-13.276285459676586
"and(two(plain,(0,2)),two(circle,(0,1)))",-13.276285459676586
"and(two(plain,(0,2)),two(circle,(0,2)))",-13.276285459676586
"and(two(plain,(0,2)),two(circle,(1,2)))",-13.276285459676586
"and(two(plain,(0,2)),two(triangle,(0,1)))",-13.276285459676586
"and(two(plain,(0,2)),two(triangle,(0,2)))",-13.276285459676586
"and(two(plain,(0,2)),two(triangle,(1,2)))",-13.276285459676586
"and(two(plain,(0,2)),two(low,(0,1)))",-13.276285459676586
"and(two(plain,(0,2)),two(low,(0,2)))",-13.276285459676586
"and(two(plain,(0,2)),two(low,(1,2)))",-13.276285459676586
"and(two(plain,(0,2)),two(medium,(0,1)))",-13.276285459676586
"and(two(plain,(0,2)),two(medium,(0,2)))",-13.276285459676586
"and(two(plain,(0,2)),two(medium,(1,2)))",-13.276285459676586
"and(two(plain,(0,2)),two(high,(0,1)))",-13.276285459676586
"and(two(plain,(0,2)),one(stripes,(2)))",-13.276285459676586
"and(two(plain,(0,2)),one(stripes,(0)))",-13.276285459676586
"and(two(plain,(0,2)),one(square,(0)))",-13.276285459676586
"and(two(plain,(0,2)),one(plain,(2)))",-13.276285459676586
"and(two(plain,(0,2)),one(square,(1)))",-13.276285459676586
"and(two(plain,(0,2)),one(square,(2)))",-13.276285459676586
"and(two(plain,(0,2)),one(circle,(0)))",-13.276285459676586
"and(two(plain,(0,2)),one(circle,(1)))",-13.276285459676586
"and(two(plain,(0,2)),one(circle,(2)))",-13.276285459676586
"and(two(plain,(0,2)),one(triangle,(0)))",-13.276285459676586
"and(two(plain,(0,2)),one(triangle,(1)))",-13.276285459676586
"and(two(plain,(0,2)),one(triangle,(2)))",-13.276285459676586
"and(two(plain,(0,2)),one(low,(0)))",-13.276285459676586
"and(two(plain,(0,2)),one(low,(1)))",-13.276285459676586
"and(two(plain,(0,2)),one(low,(2)))",-13.276285459676586
"and(two(plain,(0,2)),one(medium,(0)))",-13.276285459676586
"and(two(plain,(0,2)),one(medium,(1)))",-13.276285459676586
"and(two(plain,(0,2)),one(medium,(2)))",-13.276285459676586
"and(two(plain,(0,2)),one(high,(0)))",-13.276285459676586
"and(two(plain,(0,2)),one(high,(1)))",-13.276285459676586
"and(two(plain,(0,2)),one(high,(2)))",-13.276285459676586
"and(two(plain,(0,2)),one(plain,(0)))",-13.276285459676586
"and(two(plain,(0,2)),one(plain,(1)))",-13.276285459676586
"and(two(plain,(1,2)),two(triangle,(0,1)))",-13.276285459676586
"and(two(plain,(1,2)),two(triangle,(0,2)))",-13.276285459676586
"and(two(plain,(1,2)),two(triangle,(1,2)))",-13.276285459676586
"and(two(stripes,(0,1)),two(plain,(1,2)))",-13.276285459676586
"and(two(stripes,(0,1)),two(stripes,(0,2)))",-13.276285459676586
"and(two(stripes,(0,1)),two(stripes,(1,2)))",-13.276285459676586
"and(two(stripes,(0,1)),two(dots,(0,1)))",-13.276285459676586
"and(two(stripes,(0,1)),two(dots,(0,2)))",-13.276285459676586
"and(two(stripes,(0,1)),two(dots,(1,2)))",-13.276285459676586
"and(one(dots,(2)),two(circle,(0,2)))",-13.276285459676586
"and(one(dots,(2)),two(circle,(0,1)))",-13.276285459676586
"and(one(dots,(2)),two(square,(1,2)))",-13.276285459676586
"and(two(dots,(0,2)),one(dots,(2)))",-13.276285459676586
"and(one(dots,(2)),two(square,(0,1)))",-13.276285459676586
"and(one(dots,(2)),one(dots,(2)))",-13.276285459676586
"and(one(dots,(2)),one(dots,(1)))",-13.276285459676586
"and(one(dots,(2)),one(dots,(0)))",-13.276285459676586
"and(one(dots,(2)),one(stripes,(2)))",-13.276285459676586
"and(one(dots,(2)),one(stripes,(1)))",-13.276285459676586
"and(one(dots,(2)),one(stripes,(0)))",-13.276285459676586
"and(one(dots,(2)),one(plain,(2)))",-13.276285459676586
"and(one(dots,(2)),one(plain,(1)))",-13.276285459676586
"and(one(dots,(2)),one(plain,(0)))",-13.276285459676586
"and(two(stripes,(0,1)),two(stripes,(0,1)))",-13.276285459676586
"and(two(stripes,(0,1)),two(plain,(0,2)))",-13.276285459676586
"and(one(dots,(2)),one(high,(1)))",-13.276285459676586
"and(two(stripes,(0,1)),two(plain,(0,1)))",-13.276285459676586
"and(two(stripes,(0,1)),one(dots,(2)))",-13.276285459676586
"and(two(stripes,(0,1)),two(square,(0,1)))",-13.276285459676586
"and(two(stripes,(0,1)),two(square,(0,2)))",-13.276285459676586
"and(two(stripes,(0,1)),two(square,(1,2)))",-13.276285459676586
"and(two(stripes,(0,1)),two(circle,(0,1)))",-13.276285459676586
"and(two(stripes,(0,1)),two(circle,(0,2)))",-13.276285459676586
"and(two(stripes,(0,1)),two(circle,(1,2)))",-13.276285459676586
"and(two(stripes,(0,1)),two(triangle,(0,1)))",-13.276285459676586
"and(two(stripes,(0,1)),two(triangle,(0,2)))",-13.276285459676586
"and(two(stripes,(0,1)),two(triangle,(1,2)))",-13.276285459676586
"and(two(stripes,(0,1)),two(low,(0,1)))",-13.276285459676586
"and(two(stripes,(0,1)),two(low,(0,2)))",-13.276285459676586
"and(two(stripes,(0,1)),two(low,(1,2)))",-13.276285459676586
"and(two(stripes,(0,1)),two(medium,(0,1)))",-13.276285459676586
"and(two(stripes,(0,1)),two(medium,(0,2)))",-13.276285459676586
"and(two(stripes,(0,1)),two(medium,(1,2)))",-13.276285459676586
"and(two(stripes,(0,1)),two(high,(0,1)))",-13.276285459676586
"and(two(stripes,(0,1)),two(high,(0,2)))",-13.276285459676586
"and(two(stripes,(0,1)),two(high,(1,2)))",-13.276285459676586
"and(one(dots,(2)),one(high,(2)))",-13.276285459676586
"and(one(dots,(2)),one(high,(0)))",-13.276285459676586
"and(two(stripes,(0,1)),one(dots,(0)))",-13.276285459676586
"and(two(stripes,(0,2)),one(triangle,(0)))",-13.276285459676586
"and(two(stripes,(0,2)),one(triangle,(2)))",-13.276285459676586
"and(two(stripes,(0,2)),one(low,(0)))",-13.276285459676586
"and(two(stripes,(0,2)),one(low,(1)))",-13.276285459676586
"and(two(stripes,(0,2)),one(low,(2)))",-13.276285459676586
"and(two(stripes,(0,2)),one(medium,(0)))",-13.276285459676586
"and(two(stripes,(0,2)),one(medium,(1)))",-13.276285459676586
"and(two(stripes,(0,2)),one(medium,(2)))",-13.276285459676586
"and(two(stripes,(0,2)),one(high,(0)))",-13.276285459676586
"and(two(stripes,(0,2)),one(high,(1)))",-13.276285459676586
"and(two(stripes,(0,2)),one(high,(2)))",-13.276285459676586
"and(two(stripes,(0,2)),one(plain,(0)))",-13.276285459676586
"and(two(stripes,(0,2)),one(plain,(1)))",-13.276285459676586
"and(two(stripes,(0,2)),one(plain,(2)))",-13.276285459676586
"and(two(stripes,(0,2)),one(stripes,(0)))",-13.276285459676586
"and(two(stripes,(0,2)),one(stripes,(1)))",-13.276285459676586
"and(two(stripes,(0,2)),one(stripes,(2)))",-13.276285459676586
"and(two(stripes,(0,2)),one(dots,(0)))",-13.276285459676586
"and(two(stripes,(0,2)),one(dots,(1)))",-13.276285459676586
"and(two(stripes,(0,2)),one(dots,(2)))",-13.276285459676586
"and(two(stripes,(0,2)),one(triangle,(1)))",-13.276285459676586
"and(two(stripes,(0,2)),one(circle,(2)))",-13.276285459676586
"and(one(dots,(2)),one(medium,(2)))",-13.276285459676586
"and(two(stripes,(0,2)),one(circle,(1)))",-13.276285459676586
"and(one(dots,(2)),one(medium,(1)))",-13.276285459676586
"and(one(dots,(2)),one(medium,(0)))",-13.276285459676586
"and(one(dots,(2)),one(low,(2)))",-13.276285459676586
"and(one(dots,(2)),one(low,(1)))",-13.276285459676586
"and(one(dots,(2)),one(low,(0)))",-13.276285459676586
"and(one(dots,(2)),one(triangle,(2)))",-13.276285459676586
"and(one(dots,(2)),one(triangle,(1)))",-13.276285459676586
"and(one(dots,(2)),one(triangle,(0)))",-13.276285459676586
"and(one(dots,(2)),one(circle,(2)))",-13.276285459676586
"and(one(dots,(2)),one(circle,(1)))",-13.276285459676586
"and(one(dots,(2)),one(circle,(0)))",-13.276285459676586
"and(one(dots,(2)),one(square,(2)))",-13.276285459676586
"and(one(dots,(2)),one(square,(1)))",-13.276285459676586
"and(one(dots,(2)),one(square,(0)))",-13.276285459676586
"and(one(low,(2)),two(dots,(1,2)))",-13.276285459676586
"and(two(stripes,(0,2)),one(square,(0)))",-13.276285459676586
"and(two(stripes,(0,2)),one(square,(1)))",-13.276285459676586
"and(two(stripes,(0,2)),one(square,(2)))",-13.276285459676586
"and(two(stripes,(0,2)),one(circle,(0)))",-13.276285459676586
"and(two(stripes,(0,1)),one(dots,(1)))",-13.276285459676586
"and(two(stripes,(0,1)),one(stripes,(2)))",-13.276285459676586
"and(two(plain,(1,2)),two(low,(0,1)))",-13.276285459676586
"and(one(low,(2)),two(circle,(0,1)))",-13.276285459676586
"and(one(low,(2)),two(circle,(1,2)))",-13.276285459676586
"and(one(low,(2)),two(triangle,(0,1)))",-13.276285459676586
"and(one(low,(2)),two(triangle,(0,2)))",-13.276285459676586
"and(one(low,(2)),two(triangle,(1,2)))",-13.276285459676586
"and(one(low,(2)),two(low,(0,1)))",-13.276285459676586
"and(one(low,(2)),two(low,(0,2)))",-13.276285459676586
"and(one(low,(2)),two(low,(1,2)))",-13.276285459676586
"and(one(low,(2)),two(medium,(0,1)))",-13.276285459676586
"and(one(low,(2)),two(medium,(0,2)))",-13.276285459676586
"and(one(low,(2)),two(medium,(1,2)))",-13.276285459676586
"and(one(low,(2)),two(high,(0,1)))",-13.276285459676586
"and(one(low,(2)),two(high,(0,2)))",-13.276285459676586
"and(one(low,(2)),two(high,(1,2)))",-13.276285459676586
"and(one(low,(2)),two(plain,(0,1)))",-13.276285459676586
"and(one(low,(2)),two(plain,(0,2)))",-13.276285459676586
"and(one(low,(2)),two(plain,(1,2)))",-13.276285459676586
"and(one(low,(2)),two(stripes,(0,1)))",-13.276285459676586
"and(one(low,(2)),two(stripes,(0,2)))",-13.276285459676586
"and(one(low,(2)),two(stripes,(1,2)))",-13.276285459676586
"and(one(low,(2)),two(circle,(0,2)))",-13.276285459676586
"and(one(low,(2)),two(square,(1,2)))",-13.276285459676586
"and(one(low,(2)),two(dots,(0,2)))",-13.276285459676586
"and(one(low,(2)),two(square,(0,2)))",-13.276285459676586
"and(two(plain,(1,2)),two(low,(0,2)))",-13.276285459676586
"and(two(plain,(1,2)),two(low,(1,2)))",-13.276285459676586
"and(two(plain,(1,2)),two(medium,(0,1)))",-13.276285459676586
"and(two(plain,(1,2)),two(medium,(0,2)))",-13.276285459676586
"and(two(plain,(1,2)),two(medium,(1,2)))",-13.276285459676586
"and(two(plain,(1,2)),two(high,(0,1)))",-13.276285459676586
"and(two(plain,(1,2)),two(high,(0,2)))",-13.276285459676586
"and(two(plain,(1,2)),two(high,(1,2)))",-13.276285459676586
"and(two(plain,(1,2)),two(plain,(0,1)))",-13.276285459676586
"and(two(plain,(1,2)),two(plain,(0,2)))",-13.276285459676586
"and(two(plain,(1,2)),two(plain,(1,2)))",-13.276285459676586
"and(two(plain,(1,2)),two(stripes,(0,1)))",-13.276285459676586
"and(two(plain,(1,2)),two(stripes,(0,2)))",-13.276285459676586
"and(two(plain,(1,2)),two(stripes,(1,2)))",-13.276285459676586
"and(two(plain,(1,2)),two(dots,(0,1)))",-13.276285459676586
"and(two(plain,(1,2)),two(dots,(0,2)))",-13.276285459676586
"and(two(plain,(1,2)),two(dots,(1,2)))",-13.276285459676586
"and(one(low,(2)),one(dots,(2)))",-13.276285459676586
"and(one(low,(2)),two(square,(0,1)))",-13.276285459676586
"and(one(low,(2)),two(dots,(0,1)))",-13.276285459676586
"and(one(dots,(2)),two(dots,(1,2)))",-13.276285459676586
"and(two(stripes,(0,1)),one(stripes,(1)))",-13.276285459676586
"and(two(stripes,(0,1)),one(square,(1)))",-13.276285459676586
"and(two(stripes,(0,1)),one(circle,(0)))",-13.276285459676586
"and(two(stripes,(0,1)),one(circle,(1)))",-13.276285459676586
"and(two(stripes,(0,1)),one(circle,(2)))",-13.276285459676586
"and(two(stripes,(0,1)),one(triangle,(0)))",-13.276285459676586
"and(two(stripes,(0,1)),one(triangle,(1)))",-13.276285459676586
"and(two(stripes,(0,1)),one(triangle,(2)))",-13.276285459676586
"and(two(stripes,(0,1)),one(low,(0)))",-13.276285459676586
"and(two(stripes,(0,1)),one(low,(1)))",-13.276285459676586
"and(two(stripes,(0,1)),one(low,(2)))",-13.276285459676586
"and(two(stripes,(0,1)),one(medium,(0)))",-13.276285459676586
"and(two(stripes,(0,1)),one(medium,(1)))",-13.276285459676586
"and(two(stripes,(0,1)),one(medium,(2)))",-13.276285459676586
"and(two(stripes,(0,1)),one(high,(0)))",-13.276285459676586
"and(two(stripes,(0,1)),one(high,(1)))",-13.276285459676586
"and(two(stripes,(0,1)),one(high,(2)))",-13.276285459676586
"and(two(stripes,(0,1)),one(plain,(0)))",-13.276285459676586
"and(two(stripes,(0,1)),one(plain,(1)))",-13.276285459676586
"and(two(stripes,(0,1)),one(plain,(2)))",-13.276285459676586
"and(two(stripes,(0,1)),one(stripes,(0)))",-13.276285459676586
"and(two(stripes,(0,1)),one(square,(2)))",-13.276285459676586
"and(two(stripes,(0,1)),one(square,(0)))",-13.276285459676586
"and(one(dots,(2)),two(dots,(0,2)))",-13.276285459676586
"and(one(dots,(2)),two(circle,(1,2)))",-13.276285459676586
"and(one(dots,(2)),two(dots,(0,1)))",-13.276285459676586
"and(one(dots,(2)),two(stripes,(1,2)))",-13.276285459676586
"and(one(dots,(2)),two(stripes,(0,2)))",-13.276285459676586
"and(one(dots,(2)),two(stripes,(0,1)))",-13.276285459676586
"and(one(dots,(2)),two(plain,(1,2)))",-13.276285459676586
"and(one(dots,(2)),two(plain,(0,2)))",-13.276285459676586
"and(one(dots,(2)),two(plain,(0,1)))",-13.276285459676586
"and(one(dots,(2)),two(high,(1,2)))",-13.276285459676586
"and(one(dots,(2)),two(high,(0,2)))",-13.276285459676586
"and(one(dots,(2)),two(high,(0,1)))",-13.276285459676586
"and(one(dots,(2)),two(medium,(1,2)))",-13.276285459676586
"and(one(dots,(2)),two(medium,(0,2)))",-13.276285459676586
"and(one(dots,(2)),two(medium,(0,1)))",-13.276285459676586
"and(one(dots,(2)),two(low,(1,2)))",-13.276285459676586
"and(one(dots,(2)),two(low,(0,2)))",-13.276285459676586
"and(one(dots,(2)),two(low,(0,1)))",-13.276285459676586
"and(one(dots,(2)),two(triangle,(1,2)))",-13.276285459676586
"and(one(dots,(2)),two(triangle,(0,2)))",-13.276285459676586
"and(one(dots,(2)),two(triangle,(0,1)))",-13.276285459676586
"and(two(dots,(0,2)),one(dots,(1)))",-13.276285459676586
"and(two(dots,(1,2)),one(triangle,(0)))",-13.276285459676586
"and(two(dots,(0,2)),two(square,(0,1)))",-13.276285459676586
"and(one(high,(0)),two(plain,(0,2)))",-13.276285459676586
"and(one(high,(0)),one(dots,(2)))",-13.276285459676586
"and(one(high,(0)),two(square,(0,1)))",-13.276285459676586
"and(one(high,(0)),two(square,(0,2)))",-13.276285459676586
"and(one(high,(0)),two(square,(1,2)))",-13.276285459676586
"and(one(high,(0)),two(circle,(0,1)))",-13.276285459676586
"and(one(high,(0)),two(circle,(0,2)))",-13.276285459676586
"and(one(high,(0)),two(circle,(1,2)))",-13.276285459676586
"and(one(high,(0)),two(triangle,(0,1)))",-13.276285459676586
"and(one(high,(0)),two(triangle,(0,2)))",-13.276285459676586
"and(one(high,(0)),two(triangle,(1,2)))",-13.276285459676586
"and(one(high,(0)),two(low,(0,1)))",-13.276285459676586
"and(one(high,(0)),two(low,(0,2)))",-13.276285459676586
"and(one(high,(0)),two(low,(1,2)))",-13.276285459676586
"and(one(high,(0)),two(medium,(0,1)))",-13.276285459676586
"and(one(high,(0)),two(medium,(0,2)))",-13.276285459676586
"and(one(high,(0)),two(medium,(1,2)))",-13.276285459676586
"and(one(high,(0)),two(high,(0,1)))",-13.276285459676586
"and(one(high,(0)),two(high,(0,2)))",-13.276285459676586
"and(one(high,(0)),two(high,(1,2)))",-13.276285459676586
"and(one(high,(0)),one(dots,(1)))",-13.276285459676586
"and(one(high,(0)),one(dots,(0)))",-13.276285459676586
"and(one(high,(0)),one(stripes,(2)))",-13.276285459676586
"and(one(high,(0)),one(medium,(0)))",-13.276285459676586
"and(one(plain,(2)),one(square,(2)))",-13.276285459676586
"and(one(plain,(2)),one(square,(1)))",-13.276285459676586
"and(one(plain,(2)),one(square,(0)))",-13.276285459676586
"and(one(high,(0)),one(triangle,(1)))",-13.276285459676586
"and(one(high,(0)),one(triangle,(2)))",-13.276285459676586
"and(one(high,(0)),one(low,(0)))",-13.276285459676586
"and(one(high,(0)),one(low,(1)))",-13.276285459676586
"and(one(high,(0)),one(low,(2)))",-13.276285459676586
"and(one(high,(0)),one(medium,(1)))",-13.276285459676586
"and(one(high,(0)),one(stripes,(1)))",-13.276285459676586
"and(one(high,(0)),one(medium,(2)))",-13.276285459676586
"and(one(high,(0)),one(high,(0)))",-13.276285459676586
"and(one(high,(0)),one(high,(1)))",-13.276285459676586
"and(one(high,(0)),one(high,(2)))",-13.276285459676586
"and(one(high,(0)),one(plain,(0)))",-13.276285459676586
"and(one(high,(0)),one(plain,(1)))",-13.276285459676586
"and(one(high,(0)),one(plain,(2)))",-13.276285459676586
"and(one(high,(0)),one(stripes,(0)))",-13.276285459676586
"and(one(high,(0)),two(plain,(0,1)))",-13.276285459676586
"and(one(high,(0)),two(plain,(1,2)))",-13.276285459676586
"and(one(plain,(2)),one(circle,(1)))",-13.276285459676586
"and(one(high,(0)),two(stripes,(0,1)))",-13.276285459676586
"and(one(plain,(1)),two(low,(0,1)))",-13.276285459676586
"and(one(plain,(1)),two(triangle,(1,2)))",-13.276285459676586
"and(one(plain,(1)),two(triangle,(0,2)))",-13.276285459676586
"and(one(plain,(1)),two(triangle,(0,1)))",-13.276285459676586
"and(one(plain,(1)),two(circle,(1,2)))",-13.276285459676586
"and(one(plain,(1)),two(circle,(0,2)))",-13.276285459676586
"and(one(plain,(1)),two(circle,(0,1)))",-13.276285459676586
"and(one(plain,(1)),two(square,(1,2)))",-13.276285459676586
"and(one(plain,(1)),two(square,(0,2)))",-13.276285459676586
"and(one(plain,(1)),two(square,(0,1)))",-13.276285459676586
"and(one(plain,(1)),one(dots,(2)))",-13.276285459676586
"and(one(plain,(1)),one(dots,(1)))",-13.276285459676586
"and(one(plain,(1)),one(dots,(0)))",-13.276285459676586
"and(one(plain,(1)),one(stripes,(2)))",-13.276285459676586
"and(one(plain,(1)),one(stripes,(1)))",-13.276285459676586
"and(one(plain,(1)),one(stripes,(0)))",-13.276285459676586
"and(one(plain,(1)),one(plain,(2)))",-13.276285459676586
"and(one(plain,(1)),one(plain,(1)))",-13.276285459676586
"and(one(plain,(1)),one(plain,(0)))",-13.276285459676586
"and(one(plain,(1)),two(low,(0,2)))",-13.276285459676586
"and(one(plain,(1)),two(low,(1,2)))",-13.276285459676586
"and(one(plain,(1)),two(medium,(0,1)))",-13.276285459676586
"and(one(plain,(1)),two(stripes,(1,2)))",-13.276285459676586
"and(one(high,(0)),two(stripes,(0,2)))",-13.276285459676586
"and(one(high,(0)),two(stripes,(1,2)))",-13.276285459676586
"and(one(high,(0)),two(dots,(0,1)))",-13.276285459676586
"and(one(high,(0)),two(dots,(0,2)))",-13.276285459676586
"and(one(high,(0)),two(dots,(1,2)))",-13.276285459676586
"and(one(plain,(1)),two(dots,(1,2)))",-13.276285459676586
"and(one(plain,(1)),two(dots,(0,2)))",-13.276285459676586
"and(one(plain,(1)),two(dots,(0,1)))",-13.276285459676586
"and(one(plain,(1)),two(stripes,(0,2)))",-13.276285459676586
"and(one(plain,(1)),two(medium,(0,2)))",-13.276285459676586
"and(one(plain,(1)),two(stripes,(0,1)))",-13.276285459676586
"and(one(plain,(1)),two(plain,(1,2)))",-13.276285459676586
"and(one(plain,(1)),two(plain,(0,2)))",-13.276285459676586
"and(one(plain,(1)),two(plain,(0,1)))",-13.276285459676586
"and(one(plain,(1)),two(high,(1,2)))",-13.276285459676586
"and(one(plain,(1)),two(high,(0,2)))",-13.276285459676586
"and(one(plain,(1)),two(high,(0,1)))",-13.276285459676586
"and(one(plain,(1)),two(medium,(1,2)))",-13.276285459676586
"and(one(plain,(2)),one(circle,(0)))",-13.276285459676586
"and(one(plain,(2)),one(circle,(2)))",-13.276285459676586
"and(one(plain,(1)),one(high,(1)))",-13.276285459676586
"and(one(plain,(2)),two(stripes,(1,2)))",-13.276285459676586
"and(one(medium,(2)),two(high,(1,2)))",-13.276285459676586
"and(one(medium,(2)),two(plain,(0,1)))",-13.276285459676586
"and(one(medium,(2)),two(plain,(0,2)))",-13.276285459676586
"and(one(medium,(2)),two(plain,(1,2)))",-13.276285459676586
"and(one(medium,(2)),two(stripes,(0,1)))",-13.276285459676586
"and(one(medium,(2)),two(stripes,(0,2)))",-13.276285459676586
"and(one(medium,(2)),two(stripes,(1,2)))",-13.276285459676586
"and(one(medium,(2)),two(dots,(0,1)))",-13.276285459676586
"and(one(medium,(2)),two(dots,(0,2)))",-13.276285459676586
"and(one(medium,(2)),two(dots,(1,2)))",-13.276285459676586
"and(one(high,(0)),one(square,(0)))",-13.276285459676586
"and(one(high,(0)),one(square,(1)))",-13.276285459676586
"and(one(high,(0)),one(square,(2)))",-13.276285459676586
"and(one(high,(0)),one(circle,(0)))",-13.276285459676586
"and(one(high,(0)),one(circle,(1)))",-13.276285459676586
"and(one(high,(0)),one(circle,(2)))",-13.276285459676586
"and(one(high,(0)),one(triangle,(0)))",-13.276285459676586
"and(one(plain,(2)),two(dots,(1,2)))",-13.276285459676586
"and(one(plain,(2)),two(dots,(0,2)))",-13.276285459676586
"and(one(medium,(2)),two(high,(0,2)))",-13.276285459676586
"and(one(stripes,(0)),one(square,(0)))",-13.276285459676586
"and(one(stripes,(0)),one(square,(1)))",-13.276285459676586
"and(one(stripes,(0)),one(medium,(0)))",-13.276285459676586
"and(one(stripes,(0)),one(plain,(2)))",-13.276285459676586
"and(one(stripes,(0)),one(plain,(1)))",-13.276285459676586
"and(one(stripes,(0)),one(plain,(0)))",-13.276285459676586
"and(one(stripes,(0)),one(high,(2)))",-13.276285459676586
"and(one(stripes,(0)),one(high,(1)))",-13.276285459676586
"and(one(stripes,(0)),one(high,(0)))",-13.276285459676586
"and(one(stripes,(0)),one(medium,(2)))",-13.276285459676586
"and(one(stripes,(0)),one(medium,(1)))",-13.276285459676586
"and(one(stripes,(0)),one(low,(2)))",-13.276285459676586
"and(one(stripes,(0)),one(square,(2)))",-13.276285459676586
"and(one(stripes,(0)),one(low,(1)))",-13.276285459676586
"and(one(stripes,(0)),one(low,(0)))",-13.276285459676586
"and(one(stripes,(0)),one(triangle,(2)))",-13.276285459676586
"and(one(stripes,(0)),one(triangle,(1)))",-13.276285459676586
"and(one(stripes,(0)),one(triangle,(0)))",-13.276285459676586
"and(one(stripes,(0)),one(circle,(2)))",-13.276285459676586
"and(one(stripes,(0)),one(circle,(1)))",-13.276285459676586
"and(one(stripes,(0)),one(circle,(0)))",-13.276285459676586
"and(one(plain,(2)),two(dots,(0,1)))",-13.276285459676586
"and(one(plain,(2)),two(stripes,(0,2)))",-13.276285459676586
"and(one(plain,(2)),one(triangle,(0)))",-13.276285459676586
"and(one(plain,(2)),two(stripes,(0,1)))",-13.276285459676586
"and(one(plain,(2)),one(dots,(1)))",-13.276285459676586
"and(one(plain,(2)),one(dots,(0)))",-13.276285459676586
"and(one(plain,(2)),one(stripes,(2)))",-13.276285459676586
"and(one(plain,(2)),one(stripes,(1)))",-13.276285459676586
"and(one(plain,(2)),one(stripes,(0)))",-13.276285459676586
"and(one(plain,(2)),one(plain,(2)))",-13.276285459676586
"and(one(plain,(2)),one(plain,(1)))",-13.276285459676586
"and(one(plain,(2)),one(plain,(0)))",-13.276285459676586
"and(one(plain,(2)),one(high,(2)))",-13.276285459676586
"and(one(plain,(2)),one(high,(1)))",-13.276285459676586
"and(one(plain,(2)),one(high,(0)))",-13.276285459676586
"and(one(plain,(2)),one(medium,(2)))",-13.276285459676586
"and(one(plain,(2)),one(medium,(1)))",-13.276285459676586
"and(one(plain,(2)),one(medium,(0)))",-13.276285459676586
"and(one(plain,(2)),one(low,(2)))",-13.276285459676586
"and(one(plain,(2)),one(low,(1)))",-13.276285459676586
"and(one(plain,(2)),one(low,(0)))",-13.276285459676586
"and(one(plain,(2)),one(triangle,(2)))",-13.276285459676586
"and(one(plain,(2)),one(triangle,(1)))",-13.276285459676586
"and(one(plain,(2)),one(dots,(2)))",-13.276285459676586
"and(one(plain,(2)),two(square,(0,1)))",-13.276285459676586
"and(one(plain,(2)),two(square,(0,2)))",-13.276285459676586
"and(one(plain,(2)),two(medium,(0,1)))",-13.276285459676586
"and(one(plain,(2)),two(plain,(1,2)))",-13.276285459676586
"and(one(plain,(2)),two(plain,(0,2)))",-13.276285459676586
"and(one(plain,(2)),two(plain,(0,1)))",-13.276285459676586
"and(one(plain,(2)),two(high,(1,2)))",-13.276285459676586
"and(one(plain,(2)),two(high,(0,2)))",-13.276285459676586
"and(one(plain,(2)),two(high,(0,1)))",-13.276285459676586
"and(one(plain,(2)),two(medium,(1,2)))",-13.276285459676586
"and(one(plain,(2)),two(medium,(0,2)))",-13.276285459676586
"and(one(plain,(2)),two(low,(1,2)))",-13.276285459676586
"and(one(plain,(2)),two(square,(1,2)))",-13.276285459676586
"and(one(plain,(2)),two(low,(0,2)))",-13.276285459676586
"and(one(plain,(2)),two(low,(0,1)))",-13.276285459676586
"and(one(plain,(2)),two(triangle,(1,2)))",-13.276285459676586
"and(one(plain,(2)),two(triangle,(0,2)))",-13.276285459676586
"and(one(plain,(2)),two(triangle,(0,1)))",-13.276285459676586
"and(one(plain,(2)),two(circle,(1,2)))",-13.276285459676586
"and(one(plain,(2)),two(circle,(0,2)))",-13.276285459676586
"and(one(plain,(2)),two(circle,(0,1)))",-13.276285459676586
"and(one(plain,(1)),one(high,(2)))",-13.276285459676586
"and(one(plain,(1)),one(high,(0)))",-13.276285459676586
"and(two(dots,(0,2)),two(square,(0,2)))",-13.276285459676586
"and(one(high,(2)),two(high,(0,2)))",-13.276285459676586
"and(one(high,(1)),two(high,(1,2)))",-13.276285459676586
"and(one(high,(1)),two(plain,(0,1)))",-13.276285459676586
"and(one(high,(1)),two(plain,(0,2)))",-13.276285459676586
"and(one(high,(1)),two(plain,(1,2)))",-13.276285459676586
"and(one(high,(1)),two(stripes,(0,1)))",-13.276285459676586
"and(one(high,(1)),two(stripes,(0,2)))",-13.276285459676586
"and(one(high,(1)),two(stripes,(1,2)))",-13.276285459676586
"and(one(high,(1)),two(dots,(0,1)))",-13.276285459676586
"and(one(high,(1)),two(dots,(0,2)))",-13.276285459676586
"and(one(high,(1)),two(dots,(1,2)))",-13.276285459676586
"and(one(high,(2)),two(dots,(1,2)))",-13.276285459676586
"and(one(high,(2)),two(dots,(0,2)))",-13.276285459676586
"and(one(high,(2)),two(dots,(0,1)))",-13.276285459676586
"and(one(high,(2)),two(stripes,(1,2)))",-13.276285459676586
"and(one(high,(2)),two(stripes,(0,2)))",-13.276285459676586
"and(one(high,(2)),two(stripes,(0,1)))",-13.276285459676586
"and(one(high,(2)),two(plain,(1,2)))",-13.276285459676586
"and(one(high,(2)),two(plain,(0,2)))",-13.276285459676586
"and(one(high,(2)),two(plain,(0,1)))",-13.276285459676586
"and(one(high,(1)),two(high,(0,2)))",-13.276285459676586
"and(one(high,(1)),two(high,(0,1)))",-13.276285459676586
"and(one(high,(1)),two(medium,(1,2)))",-13.276285459676586
"and(one(high,(1)),two(circle,(0,1)))",-13.276285459676586
"and(one(high,(1)),one(stripes,(1)))",-13.276285459676586
"and(one(high,(1)),one(stripes,(2)))",-13.276285459676586
"and(one(high,(1)),one(dots,(0)))",-13.276285459676586
"and(one(high,(1)),one(dots,(1)))",-13.276285459676586
"and(one(high,(1)),one(dots,(2)))",-13.276285459676586
"and(one(high,(1)),two(square,(0,1)))",-13.276285459676586
"and(one(high,(1)),two(square,(0,2)))",-13.276285459676586
"and(one(high,(1)),two(square,(1,2)))",-13.276285459676586
"and(one(high,(1)),two(circle,(0,2)))",-13.276285459676586
"and(one(high,(1)),two(medium,(0,2)))",-13.276285459676586
"and(one(high,(1)),two(circle,(1,2)))",-13.276285459676586
"and(one(high,(1)),two(triangle,(0,1)))",-13.276285459676586
"and(one(high,(1)),two(triangle,(0,2)))",-13.276285459676586
"and(one(high,(1)),two(triangle,(1,2)))",-13.276285459676586
"and(one(high,(1)),two(low,(0,1)))",-13.276285459676586
"and(one(high,(1)),two(low,(0,2)))",-13.276285459676586
"and(one(high,(1)),two(low,(1,2)))",-13.276285459676586
"and(one(high,(1)),two(medium,(0,1)))",-13.276285459676586
"and(one(high,(2)),two(high,(1,2)))",-13.276285459676586
"and(one(high,(2)),two(high,(0,1)))",-13.276285459676586
"and(one(high,(1)),one(plain,(2)))",-13.276285459676586
"and(one(high,(2)),two(medium,(1,2)))",-13.276285459676586
"and(one(high,(2)),one(plain,(0)))",-13.276285459676586
"and(one(high,(2)),one(high,(2)))",-13.276285459676586
"and(one(high,(2)),one(high,(1)))",-13.276285459676586
"and(one(high,(2)),one(high,(0)))",-13.276285459676586
"and(one(high,(2)),one(medium,(2)))",-13.276285459676586
"and(one(high,(2)),one(medium,(1)))",-13.276285459676586
"and(one(high,(2)),one(medium,(0)))",-13.276285459676586
"and(one(high,(2)),one(low,(2)))",-13.276285459676586
"and(one(high,(2)),one(low,(1)))",-13.276285459676586
"and(one(high,(2)),one(low,(0)))",-13.276285459676586
"and(one(high,(2)),one(triangle,(2)))",-13.276285459676586
"and(one(high,(2)),one(triangle,(1)))",-13.276285459676586
"and(one(high,(2)),one(triangle,(0)))",-13.276285459676586
"and(one(high,(2)),one(circle,(2)))",-13.276285459676586
"and(one(high,(2)),one(circle,(1)))",-13.276285459676586
"and(one(high,(2)),one(circle,(0)))",-13.276285459676586
"and(one(high,(2)),one(square,(2)))",-13.276285459676586
"and(one(high,(2)),one(square,(1)))",-13.276285459676586
"and(one(high,(2)),one(square,(0)))",-13.276285459676586
"and(one(high,(2)),one(plain,(1)))",-13.276285459676586
"and(one(high,(2)),one(plain,(2)))",-13.276285459676586
"and(one(high,(2)),one(stripes,(0)))",-13.276285459676586
"and(one(high,(2)),two(circle,(1,2)))",-13.276285459676586
"and(one(high,(2)),two(medium,(0,2)))",-13.276285459676586
"and(one(high,(2)),two(medium,(0,1)))",-13.276285459676586
"and(one(high,(2)),two(low,(1,2)))",-13.276285459676586
"and(one(high,(2)),two(low,(0,2)))",-13.276285459676586
"and(one(high,(2)),two(low,(0,1)))",-13.276285459676586
"and(one(high,(2)),two(triangle,(1,2)))",-13.276285459676586
"and(one(high,(2)),two(triangle,(0,2)))",-13.276285459676586
"and(one(high,(2)),two(triangle,(0,1)))",-13.276285459676586
"and(one(high,(2)),two(circle,(0,2)))",-13.276285459676586
"and(one(high,(2)),one(stripes,(1)))",-13.276285459676586
"and(one(high,(2)),two(circle,(0,1)))",-13.276285459676586
"and(one(high,(2)),two(square,(1,2)))",-13.276285459676586
"and(one(high,(2)),two(square,(0,2)))",-13.276285459676586
"and(one(high,(2)),two(square,(0,1)))",-13.276285459676586
"and(one(high,(2)),one(dots,(2)))",-13.276285459676586
"and(one(high,(2)),one(dots,(1)))",-13.276285459676586
"and(one(high,(2)),one(dots,(0)))",-13.276285459676586
"and(one(high,(2)),one(stripes,(2)))",-13.276285459676586
"and(one(high,(1)),one(stripes,(0)))",-13.276285459676586
"and(one(plain,(0)),one(square,(0)))",-13.276285459676586
"and(one(plain,(1)),one(medium,(2)))",-13.276285459676586
"and(one(plain,(0)),two(plain,(0,1)))",-13.276285459676586
"and(one(high,(1)),one(triangle,(2)))",-13.276285459676586
"and(one(high,(1)),one(low,(0)))",-13.276285459676586
"and(one(high,(1)),one(low,(1)))",-13.276285459676586
"and(one(high,(1)),one(low,(2)))",-13.276285459676586
"and(one(high,(1)),one(medium,(0)))",-13.276285459676586
"and(one(high,(1)),one(medium,(1)))",-13.276285459676586
"and(one(high,(1)),one(medium,(2)))",-13.276285459676586
"and(one(high,(1)),one(high,(0)))",-13.276285459676586
"and(one(high,(1)),one(high,(1)))",-13.276285459676586
"and(one(high,(1)),one(high,(2)))",-13.276285459676586
"and(one(high,(1)),one(plain,(0)))",-13.276285459676586
"and(one(high,(1)),one(plain,(1)))",-13.276285459676586
"and(one(plain,(0)),two(dots,(1,2)))",-13.276285459676586
"and(one(plain,(0)),two(dots,(0,2)))",-13.276285459676586
"and(one(plain,(0)),two(dots,(0,1)))",-13.276285459676586
"and(one(plain,(0)),two(stripes,(1,2)))",-13.276285459676586
"and(one(plain,(0)),two(stripes,(0,2)))",-13.276285459676586
"and(one(plain,(0)),two(stripes,(0,1)))",-13.276285459676586
"and(one(plain,(0)),two(plain,(1,2)))",-13.276285459676586
"and(one(high,(1)),one(triangle,(1)))",-13.276285459676586
"and(one(high,(1)),one(triangle,(0)))",-13.276285459676586
"and(one(high,(1)),one(circle,(2)))",-13.276285459676586
"and(one(plain,(1)),one(circle,(2)))",-13.276285459676586
"and(one(plain,(1)),one(medium,(1)))",-13.276285459676586
"and(one(plain,(1)),one(medium,(0)))",-13.276285459676586
"and(one(plain,(1)),one(low,(2)))",-13.276285459676586
"and(one(plain,(1)),one(low,(1)))",-13.276285459676586
"and(one(plain,(1)),one(low,(0)))",-13.276285459676586
"and(one(plain,(1)),one(triangle,(2)))",-13.276285459676586
"and(one(plain,(1)),one(triangle,(1)))",-13.276285459676586
"and(one(plain,(1)),one(triangle,(0)))",-13.276285459676586
"and(one(plain,(1)),one(circle,(1)))",-13.276285459676586
"and(one(high,(1)),one(circle,(1)))",-13.276285459676586
"and(one(plain,(1)),one(circle,(0)))",-13.276285459676586
"and(one(plain,(1)),one(square,(2)))",-13.276285459676586
"and(one(plain,(1)),one(square,(1)))",-13.276285459676586
"and(one(plain,(1)),one(square,(0)))",-13.276285459676586
"and(one(high,(1)),one(square,(0)))",-13.276285459676586
"and(one(high,(1)),one(square,(1)))",-13.276285459676586
"and(one(high,(1)),one(square,(2)))",-13.276285459676586
"and(one(high,(1)),one(circle,(0)))",-13.276285459676586
"and(one(plain,(0)),two(plain,(0,2)))",-13.276285459676586
"and(one(plain,(0)),two(high,(1,2)))",-13.276285459676586
"and(one(plain,(0)),one(square,(1)))",-13.276285459676586
"and(one(plain,(0)),two(high,(0,2)))",-13.276285459676586
"and(one(plain,(0)),one(plain,(2)))",-13.276285459676586
"and(one(plain,(0)),one(plain,(1)))",-13.276285459676586
"and(one(plain,(0)),one(plain,(0)))",-13.276285459676586
"and(one(plain,(0)),one(high,(2)))",-13.276285459676586
"and(one(plain,(0)),one(high,(1)))",-13.276285459676586
"and(one(plain,(0)),one(high,(0)))",-13.276285459676586
"and(one(plain,(0)),one(medium,(2)))",-13.276285459676586
"and(one(plain,(0)),one(medium,(1)))",-13.276285459676586
"and(one(plain,(0)),one(medium,(0)))",-13.276285459676586
"and(one(plain,(0)),one(low,(2)))",-13.276285459676586
"and(one(plain,(0)),one(low,(1)))",-13.276285459676586
"and(one(plain,(0)),one(low,(0)))",-13.276285459676586
"and(one(plain,(0)),one(triangle,(2)))",-13.276285459676586
"and(one(plain,(0)),one(triangle,(1)))",-13.276285459676586
"and(one(plain,(0)),one(triangle,(0)))",-13.276285459676586
"and(one(plain,(0)),one(circle,(2)))",-13.276285459676586
"and(one(plain,(0)),one(circle,(1)))",-13.276285459676586
"and(one(plain,(0)),one(circle,(0)))",-13.276285459676586
"and(one(plain,(0)),one(square,(2)))",-13.276285459676586
"and(one(plain,(0)),one(stripes,(0)))",-13.276285459676586
"and(one(plain,(0)),one(stripes,(1)))",-13.276285459676586
"and(one(plain,(0)),one(stripes,(2)))",-13.276285459676586
"and(one(plain,(0)),two(triangle,(0,2)))",-13.276285459676586
"and(one(plain,(0)),two(high,(0,1)))",-13.276285459676586
"and(one(plain,(0)),two(medium,(1,2)))",-13.276285459676586
"and(one(plain,(0)),two(medium,(0,2)))",-13.276285459676586
"and(one(plain,(0)),two(medium,(0,1)))",-13.276285459676586
"and(one(plain,(0)),two(low,(1,2)))",-13.276285459676586
"and(one(plain,(0)),two(low,(0,2)))",-13.276285459676586
"and(one(plain,(0)),two(low,(0,1)))",-13.276285459676586
"and(one(plain,(0)),two(triangle,(1,2)))",-13.276285459676586
"and(one(plain,(0)),two(triangle,(0,1)))",-13.276285459676586
"and(one(plain,(0)),one(dots,(0)))",-13.276285459676586
"and(one(plain,(0)),two(circle,(1,2)))",-13.276285459676586
"and(one(plain,(0)),two(circle,(0,2)))",-13.276285459676586
"and(one(plain,(0)),two(circle,(0,1)))",-13.276285459676586
"and(one(plain,(0)),two(square,(1,2)))",-13.276285459676586
"and(one(plain,(0)),two(square,(0,2)))",-13.276285459676586
"and(one(plain,(0)),two(square,(0,1)))",-13.276285459676586
"and(one(plain,(0)),one(dots,(2)))",-13.276285459676586
"and(one(plain,(0)),one(dots,(1)))",-13.276285459676586
"and(one(stripes,(0)),one(stripes,(0)))",-13.276285459676586
"and(one(stripes,(0)),one(stripes,(1)))",-13.276285459676586
"and(one(stripes,(0)),one(stripes,(2)))",-13.276285459676586
"and(one(medium,(1)),one(low,(2)))",-13.276285459676586
"and(two(dots,(1,2)),two(plain,(0,1)))",-13.276285459676586
"and(two(dots,(1,2)),two(plain,(0,2)))",-13.276285459676586
"and(two(dots,(1,2)),two(plain,(1,2)))",-13.276285459676586
"and(two(dots,(1,2)),two(stripes,(0,1)))",-13.276285459676586
"and(two(dots,(1,2)),two(stripes,(0,2)))",-13.276285459676586
"and(two(dots,(1,2)),two(stripes,(1,2)))",-13.276285459676586
"and(two(dots,(1,2)),two(dots,(0,1)))",-13.276285459676586
"and(two(dots,(1,2)),two(dots,(0,2)))",-13.276285459676586
"and(two(dots,(1,2)),two(dots,(1,2)))",-13.276285459676586
"and(one(medium,(1)),one(square,(0)))",-13.276285459676586
"and(one(medium,(1)),one(square,(1)))",-13.276285459676586
"and(one(medium,(1)),one(square,(2)))",-13.276285459676586
"and(one(medium,(1)),one(circle,(0)))",-13.276285459676586
"and(one(medium,(1)),one(circle,(1)))",-13.276285459676586
"and(one(medium,(1)),one(circle,(2)))",-13.276285459676586
"and(one(medium,(1)),one(triangle,(0)))",-13.276285459676586
"and(one(medium,(1)),one(triangle,(1)))",-13.276285459676586
"and(one(medium,(1)),one(triangle,(2)))",-13.276285459676586
"and(one(medium,(1)),one(low,(0)))",-13.276285459676586
"and(two(dots,(1,2)),two(high,(1,2)))",-13.276285459676586
"and(two(dots,(1,2)),two(high,(0,2)))",-13.276285459676586
"and(two(dots,(1,2)),two(high,(0,1)))",-13.276285459676586
"and(two(dots,(1,2)),two(circle,(0,2)))",-13.276285459676586
"and(two(dots,(1,2)),one(stripes,(2)))",-13.276285459676586
"and(two(dots,(1,2)),one(dots,(0)))",-13.276285459676586
"and(two(dots,(1,2)),one(dots,(1)))",-13.276285459676586
"and(two(dots,(1,2)),one(dots,(2)))",-13.276285459676586
"and(two(dots,(1,2)),two(square,(0,1)))",-13.276285459676586
"and(two(dots,(1,2)),two(square,(0,2)))",-13.276285459676586
"and(two(dots,(1,2)),two(square,(1,2)))",-13.276285459676586
"and(two(dots,(1,2)),two(circle,(0,1)))",-13.276285459676586
"and(two(dots,(1,2)),two(circle,(1,2)))",-13.276285459676586
"and(two(dots,(1,2)),two(medium,(1,2)))",-13.276285459676586
"and(two(dots,(1,2)),two(triangle,(0,1)))",-13.276285459676586
"and(two(dots,(1,2)),two(triangle,(0,2)))",-13.276285459676586
"and(two(dots,(1,2)),two(triangle,(1,2)))",-13.276285459676586
"and(two(dots,(1,2)),two(low,(0,1)))",-13.276285459676586
"and(two(dots,(1,2)),two(low,(0,2)))",-13.276285459676586
"and(two(dots,(1,2)),two(low,(1,2)))",-13.276285459676586
"and(two(dots,(1,2)),two(medium,(0,1)))",-13.276285459676586
"and(two(dots,(1,2)),two(medium,(0,2)))",-13.276285459676586
"and(one(medium,(1)),one(low,(1)))",-13.276285459676586
"and(one(medium,(1)),one(medium,(0)))",-13.276285459676586
"and(two(dots,(1,2)),one(stripes,(0)))",-13.276285459676586
"and(one(medium,(1)),one(medium,(1)))",-13.276285459676586
"and(one(stripes,(2)),two(plain,(1,2)))",-13.276285459676586
"and(one(stripes,(2)),two(plain,(0,2)))",-13.276285459676586
"and(one(stripes,(2)),two(plain,(0,1)))",-13.276285459676586
"and(one(stripes,(2)),two(high,(1,2)))",-13.276285459676586
"and(one(stripes,(2)),two(high,(0,2)))",-13.276285459676586
"and(one(stripes,(2)),two(high,(0,1)))",-13.276285459676586
"and(one(stripes,(2)),two(medium,(1,2)))",-13.276285459676586
"and(one(stripes,(2)),two(medium,(0,2)))",-13.276285459676586
"and(one(stripes,(2)),two(medium,(0,1)))",-13.276285459676586
"and(one(stripes,(2)),two(low,(1,2)))",-13.276285459676586
"and(one(stripes,(2)),two(low,(0,2)))",-13.276285459676586
"and(one(stripes,(2)),two(low,(0,1)))",-13.276285459676586
"and(one(stripes,(2)),two(triangle,(1,2)))",-13.276285459676586
"and(one(stripes,(2)),two(triangle,(0,2)))",-13.276285459676586
"and(one(stripes,(2)),two(triangle,(0,1)))",-13.276285459676586
"and(one(stripes,(2)),two(circle,(1,2)))",-13.276285459676586
"and(one(stripes,(2)),two(circle,(0,2)))",-13.276285459676586
"and(one(stripes,(2)),two(circle,(0,1)))",-13.276285459676586
"and(one(stripes,(2)),two(square,(1,2)))",-13.276285459676586
"and(one(stripes,(2)),two(stripes,(0,1)))",-13.276285459676586
"and(one(stripes,(2)),two(stripes,(0,2)))",-13.276285459676586
"and(one(stripes,(2)),two(stripes,(1,2)))",-13.276285459676586
"and(one(medium,(1)),one(stripes,(1)))",-13.276285459676586
"and(one(medium,(1)),one(medium,(2)))",-13.276285459676586
"and(one(medium,(1)),one(high,(0)))",-13.276285459676586
"and(one(medium,(1)),one(high,(1)))",-13.276285459676586
"and(one(medium,(1)),one(high,(2)))",-13.276285459676586
"and(one(medium,(1)),one(plain,(0)))",-13.276285459676586
"and(one(medium,(1)),one(plain,(1)))",-13.276285459676586
"and(one(medium,(1)),one(plain,(2)))",-13.276285459676586
"and(one(medium,(1)),one(stripes,(0)))",-13.276285459676586
"and(one(medium,(1)),one(stripes,(2)))",-13.276285459676586
"and(one(stripes,(2)),two(dots,(0,1)))",-13.276285459676586
"and(one(medium,(1)),one(dots,(0)))",-13.276285459676586
"and(one(medium,(1)),one(dots,(1)))",-13.276285459676586
"and(one(medium,(1)),one(dots,(2)))",-13.276285459676586
"and(one(medium,(1)),two(square,(0,1)))",-13.276285459676586
"and(one(medium,(1)),two(square,(0,2)))",-13.276285459676586
"and(one(medium,(1)),two(square,(1,2)))",-13.276285459676586
"and(one(stripes,(2)),two(dots,(1,2)))",-13.276285459676586
"and(one(stripes,(2)),two(dots,(0,2)))",-13.276285459676586
"and(two(dots,(1,2)),one(stripes,(1)))",-13.276285459676586
"and(two(dots,(1,2)),one(plain,(2)))",-13.276285459676586
"and(one(stripes,(0)),one(dots,(0)))",-13.276285459676586
"and(one(dots,(0)),one(dots,(0)))",-13.276285459676586
"and(two(dots,(0,2)),two(dots,(0,1)))",-13.276285459676586
"and(two(dots,(0,2)),two(dots,(0,2)))",-13.276285459676586
"and(two(dots,(0,2)),two(dots,(1,2)))",-13.276285459676586
"and(one(dots,(0)),two(medium,(1,2)))",-13.276285459676586
"and(one(dots,(0)),two(medium,(0,2)))",-13.276285459676586
"and(one(dots,(0)),two(medium,(0,1)))",-13.276285459676586
"and(one(dots,(0)),two(low,(1,2)))",-13.276285459676586
"and(one(dots,(0)),two(low,(0,2)))",-13.276285459676586
"and(one(dots,(0)),two(low,(0,1)))",-13.276285459676586
"and(one(dots,(0)),two(triangle,(1,2)))",-13.276285459676586
"and(one(dots,(0)),two(triangle,(0,2)))",-13.276285459676586
"and(one(dots,(0)),two(triangle,(0,1)))",-13.276285459676586
"and(one(dots,(0)),two(circle,(1,2)))",-13.276285459676586
"and(one(dots,(0)),two(circle,(0,2)))",-13.276285459676586
"and(one(dots,(0)),two(circle,(0,1)))",-13.276285459676586
"and(one(dots,(0)),two(square,(1,2)))",-13.276285459676586
"and(one(dots,(0)),two(square,(0,2)))",-13.276285459676586
"and(one(dots,(0)),two(square,(0,1)))",-13.276285459676586
"and(one(dots,(0)),one(dots,(2)))",-13.276285459676586
"and(two(dots,(0,2)),two(stripes,(1,2)))",-13.276285459676586
"and(two(dots,(0,2)),two(stripes,(0,2)))",-13.276285459676586
"and(two(dots,(0,2)),two(stripes,(0,1)))",-13.276285459676586
"and(two(dots,(0,2)),two(low,(0,2)))",-13.276285459676586
"and(two(dots,(0,2)),two(square,(1,2)))",-13.276285459676586
"and(two(dots,(0,2)),two(circle,(0,1)))",-13.276285459676586
"and(two(dots,(0,2)),two(circle,(0,2)))",-13.276285459676586
"and(two(dots,(0,2)),two(circle,(1,2)))",-13.276285459676586
"and(two(dots,(0,2)),two(triangle,(0,1)))",-13.276285459676586
"and(two(dots,(0,2)),two(triangle,(0,2)))",-13.276285459676586
"and(two(dots,(0,2)),two(triangle,(1,2)))",-13.276285459676586
"and(two(dots,(0,2)),two(low,(0,1)))",-13.276285459676586
"and(two(dots,(0,2)),two(low,(1,2)))",-13.276285459676586
"and(two(dots,(0,2)),two(plain,(1,2)))",-13.276285459676586
"and(two(dots,(0,2)),two(medium,(0,1)))",-13.276285459676586
"and(two(dots,(0,2)),two(medium,(0,2)))",-13.276285459676586
"and(two(dots,(0,2)),two(medium,(1,2)))",-13.276285459676586
"and(two(dots,(0,2)),two(high,(0,1)))",-13.276285459676586
"and(two(dots,(0,2)),two(high,(0,2)))",-13.276285459676586
"and(two(dots,(0,2)),two(high,(1,2)))",-13.276285459676586
"and(two(dots,(0,2)),two(plain,(0,1)))",-13.276285459676586
"and(two(dots,(0,2)),two(plain,(0,2)))",-13.276285459676586
"and(one(dots,(0)),one(dots,(1)))",-13.276285459676586
"and(one(dots,(0)),one(stripes,(2)))",-13.276285459676586
"and(two(dots,(1,2)),one(plain,(1)))",-13.276285459676586
"and(one(dots,(0)),one(stripes,(1)))",-13.276285459676586
"and(two(dots,(1,2)),one(square,(0)))",-13.276285459676586
"and(two(dots,(1,2)),one(square,(1)))",-13.276285459676586
"and(two(dots,(1,2)),one(square,(2)))",-13.276285459676586
"and(two(dots,(1,2)),one(circle,(0)))",-13.276285459676586
"and(two(dots,(1,2)),one(circle,(1)))",-13.276285459676586
"and(two(dots,(1,2)),one(circle,(2)))",-13.276285459676586
"and(one(square,(0)),two(square,(0,1)))",-13.276285459676586
"and(two(dots,(1,2)),one(triangle,(1)))",-13.276285459676586
"and(two(dots,(1,2)),one(triangle,(2)))",-13.276285459676586
"and(two(dots,(1,2)),one(low,(0)))",-13.276285459676586
"and(two(dots,(1,2)),one(low,(1)))",-13.276285459676586
"and(two(dots,(1,2)),one(low,(2)))",-13.276285459676586
"and(two(dots,(1,2)),one(medium,(0)))",-13.276285459676586
"and(two(dots,(1,2)),one(medium,(1)))",-13.276285459676586
"and(two(dots,(1,2)),one(medium,(2)))",-13.276285459676586
"and(two(dots,(1,2)),one(high,(0)))",-13.276285459676586
"and(two(dots,(1,2)),one(high,(1)))",-13.276285459676586
"and(two(dots,(1,2)),one(high,(2)))",-13.276285459676586
"and(two(dots,(1,2)),one(plain,(0)))",-13.276285459676586
"and(one(dots,(0)),one(square,(0)))",-13.276285459676586
"and(one(dots,(0)),one(square,(1)))",-13.276285459676586
"and(one(dots,(0)),one(square,(2)))",-13.276285459676586
"and(one(dots,(0)),one(medium,(1)))",-13.276285459676586
"and(one(dots,(0)),one(stripes,(0)))",-13.276285459676586
"and(one(dots,(0)),one(plain,(2)))",-13.276285459676586
"and(one(dots,(0)),one(plain,(1)))",-13.276285459676586
"and(one(dots,(0)),one(plain,(0)))",-13.276285459676586
"and(one(dots,(0)),one(high,(2)))",-13.276285459676586
"and(one(dots,(0)),one(high,(1)))",-13.276285459676586
"and(one(dots,(0)),one(high,(0)))",-13.276285459676586
"and(one(dots,(0)),one(medium,(2)))",-13.276285459676586
"and(one(dots,(0)),one(medium,(0)))",-13.276285459676586
"and(one(dots,(0)),one(circle,(0)))",-13.276285459676586
"and(one(dots,(0)),one(low,(2)))",-13.276285459676586
"and(one(dots,(0)),one(low,(1)))",-13.276285459676586
"and(one(dots,(0)),one(low,(0)))",-13.276285459676586
"and(one(dots,(0)),one(triangle,(2)))",-13.276285459676586
"and(one(dots,(0)),one(triangle,(1)))",-13.276285459676586
"and(one(dots,(0)),one(triangle,(0)))",-13.276285459676586
"and(one(dots,(0)),one(circle,(2)))",-13.276285459676586
"and(one(dots,(0)),one(circle,(1)))",-13.276285459676586
"and(one(stripes,(2)),two(square,(0,2)))",-13.276285459676586
"and(one(stripes,(2)),two(square,(0,1)))",-13.276285459676586
"and(one(stripes,(2)),one(dots,(2)))",-13.276285459676586
"and(one(medium,(2)),two(square,(0,2)))",-13.276285459676586
"and(one(medium,(2)),one(triangle,(2)))",-13.276285459676586
"and(one(medium,(2)),one(low,(0)))",-13.276285459676586
"and(one(medium,(2)),one(low,(1)))",-13.276285459676586
"and(one(medium,(2)),one(low,(2)))",-13.276285459676586
"and(one(medium,(2)),one(medium,(0)))",-13.276285459676586
"and(one(medium,(2)),one(medium,(1)))",-13.276285459676586
"and(one(medium,(2)),one(medium,(2)))",-13.276285459676586
"and(one(medium,(2)),one(high,(0)))",-13.276285459676586
"and(one(medium,(2)),one(high,(1)))",-13.276285459676586
"and(one(medium,(2)),one(high,(2)))",-13.276285459676586
"and(one(medium,(2)),one(plain,(0)))",-13.276285459676586
"and(one(medium,(2)),one(plain,(1)))",-13.276285459676586
"and(one(medium,(2)),one(plain,(2)))",-13.276285459676586
"and(one(medium,(2)),one(stripes,(0)))",-13.276285459676586
"and(one(medium,(2)),one(stripes,(1)))",-13.276285459676586
"and(one(medium,(2)),one(stripes,(2)))",-13.276285459676586
"and(one(medium,(2)),one(dots,(0)))",-13.276285459676586
"and(one(medium,(2)),one(dots,(1)))",-13.276285459676586
"and(one(medium,(2)),one(dots,(2)))",-13.276285459676586
"and(one(medium,(2)),one(triangle,(1)))",-13.276285459676586
"and(one(medium,(2)),one(triangle,(0)))",-13.276285459676586
"and(one(medium,(2)),one(circle,(2)))",-13.276285459676586
"and(one(stripes,(1)),one(circle,(2)))",-13.276285459676586
"and(one(stripes,(1)),one(medium,(1)))",-13.276285459676586
"and(one(stripes,(1)),one(medium,(0)))",-13.276285459676586
"and(one(stripes,(1)),one(low,(2)))",-13.276285459676586
"and(one(stripes,(1)),one(low,(1)))",-13.276285459676586
"and(one(stripes,(1)),one(low,(0)))",-13.276285459676586
"and(one(stripes,(1)),one(triangle,(2)))",-13.276285459676586
"and(one(stripes,(1)),one(triangle,(1)))",-13.276285459676586
"and(one(stripes,(1)),one(triangle,(0)))",-13.276285459676586
"and(one(stripes,(1)),one(circle,(1)))",-13.276285459676586
"and(one(medium,(2)),one(circle,(1)))",-13.276285459676586
"and(one(stripes,(1)),one(circle,(0)))",-13.276285459676586
"and(one(stripes,(1)),one(square,(2)))",-13.276285459676586
"and(one(stripes,(1)),one(square,(1)))",-13.276285459676586
"and(one(stripes,(1)),one(square,(0)))",-13.276285459676586
"and(one(medium,(2)),one(square,(0)))",-13.276285459676586
"and(one(medium,(2)),one(square,(1)))",-13.276285459676586
"and(one(medium,(2)),one(square,(2)))",-13.276285459676586
"and(one(medium,(2)),one(circle,(0)))",-13.276285459676586
"and(one(medium,(2)),two(square,(0,1)))",-13.276285459676586
"and(one(medium,(2)),two(square,(1,2)))",-13.276285459676586
"and(one(stripes,(2)),one(dots,(1)))",-13.276285459676586
"and(one(medium,(2)),two(circle,(0,1)))",-13.276285459676586
"and(one(stripes,(0)),two(high,(0,2)))",-13.276285459676586
"and(one(stripes,(0)),two(high,(0,1)))",-13.276285459676586
"and(one(stripes,(0)),two(medium,(1,2)))",-13.276285459676586
"and(one(stripes,(0)),two(medium,(0,2)))",-13.276285459676586
"and(one(stripes,(0)),two(medium,(0,1)))",-13.276285459676586
"and(one(stripes,(0)),two(low,(1,2)))",-13.276285459676586
"and(one(stripes,(0)),two(low,(0,2)))",-13.276285459676586
"and(one(stripes,(0)),two(low,(0,1)))",-13.276285459676586
"and(one(stripes,(0)),two(triangle,(1,2)))",-13.276285459676586
"and(one(stripes,(0)),two(triangle,(0,2)))",-13.276285459676586
"and(one(stripes,(0)),two(triangle,(0,1)))",-13.276285459676586
"and(one(stripes,(0)),two(circle,(1,2)))",-13.276285459676586
"and(one(stripes,(0)),two(circle,(0,2)))",-13.276285459676586
"and(one(stripes,(0)),two(circle,(0,1)))",-13.276285459676586
"and(one(stripes,(0)),two(square,(1,2)))",-13.276285459676586
"and(one(stripes,(0)),two(square,(0,2)))",-13.276285459676586
"and(one(stripes,(0)),two(square,(0,1)))",-13.276285459676586
"and(one(stripes,(0)),one(dots,(2)))",-13.276285459676586
"and(one(stripes,(0)),one(dots,(1)))",-13.276285459676586
"and(one(stripes,(0)),two(high,(1,2)))",-13.276285459676586
"and(one(stripes,(0)),two(plain,(0,1)))",-13.276285459676586
"and(one(stripes,(0)),two(plain,(0,2)))",-13.276285459676586
"and(one(medium,(2)),two(medium,(0,1)))",-13.276285459676586
"and(one(medium,(2)),two(circle,(0,2)))",-13.276285459676586
"and(one(medium,(2)),two(circle,(1,2)))",-13.276285459676586
"and(one(medium,(2)),two(triangle,(0,1)))",-13.276285459676586
"and(one(medium,(2)),two(triangle,(0,2)))",-13.276285459676586
"and(one(medium,(2)),two(triangle,(1,2)))",-13.276285459676586
"and(one(medium,(2)),two(low,(0,1)))",-13.276285459676586
"and(one(medium,(2)),two(low,(0,2)))",-13.276285459676586
"and(one(medium,(2)),two(low,(1,2)))",-13.276285459676586
"and(one(medium,(2)),two(medium,(0,2)))",-13.276285459676586
"and(one(stripes,(0)),two(plain,(1,2)))",-13.276285459676586
"and(one(medium,(2)),two(medium,(1,2)))",-13.276285459676586
"and(one(medium,(2)),two(high,(0,1)))",-13.276285459676586
"and(one(stripes,(0)),two(dots,(1,2)))",-13.276285459676586
"and(one(stripes,(0)),two(dots,(0,2)))",-13.276285459676586
"and(one(stripes,(0)),two(dots,(0,1)))",-13.276285459676586
"and(one(stripes,(0)),two(stripes,(1,2)))",-13.276285459676586
"and(one(stripes,(0)),two(stripes,(0,2)))",-13.276285459676586
"and(one(stripes,(0)),two(stripes,(0,1)))",-13.276285459676586
"and(one(stripes,(1)),one(medium,(2)))",-13.276285459676586
"and(one(stripes,(1)),one(high,(0)))",-13.276285459676586
"and(one(stripes,(1)),one(high,(1)))",-13.276285459676586
"and(one(stripes,(1)),one(high,(2)))",-13.276285459676586
"and(one(stripes,(2)),one(square,(2)))",-13.276285459676586
"and(one(stripes,(2)),one(square,(1)))",-13.276285459676586
"and(one(stripes,(2)),one(square,(0)))",-13.276285459676586
"and(one(medium,(1)),two(circle,(0,1)))",-13.276285459676586
"and(one(medium,(1)),two(circle,(0,2)))",-13.276285459676586
"and(one(medium,(1)),two(circle,(1,2)))",-13.276285459676586
"and(one(medium,(1)),two(triangle,(0,1)))",-13.276285459676586
"and(one(medium,(1)),two(triangle,(0,2)))",-13.276285459676586
"and(one(medium,(1)),two(triangle,(1,2)))",-13.276285459676586
"and(one(medium,(1)),two(low,(0,1)))",-13.276285459676586
"and(one(medium,(1)),two(low,(0,2)))",-13.276285459676586
"and(one(medium,(1)),two(low,(1,2)))",-13.276285459676586
"and(one(medium,(1)),two(medium,(0,1)))",-13.276285459676586
"and(one(medium,(1)),two(medium,(0,2)))",-13.276285459676586
"and(one(medium,(1)),two(medium,(1,2)))",-13.276285459676586
"and(one(medium,(1)),two(high,(0,1)))",-13.276285459676586
"and(one(medium,(1)),two(high,(0,2)))",-13.276285459676586
"and(one(medium,(1)),two(high,(1,2)))",-13.276285459676586
"and(one(medium,(1)),two(plain,(0,1)))",-13.276285459676586
"and(one(stripes,(2)),one(circle,(0)))",-13.276285459676586
"and(one(stripes,(2)),one(circle,(1)))",-13.276285459676586
"and(one(stripes,(2)),one(circle,(2)))",-13.276285459676586
"and(one(stripes,(2)),one(high,(1)))",-13.276285459676586
"and(one(stripes,(2)),one(dots,(0)))",-13.276285459676586
"and(one(stripes,(2)),one(stripes,(2)))",-13.276285459676586
"and(one(stripes,(2)),one(stripes,(1)))",-13.276285459676586
"and(one(stripes,(2)),one(stripes,(0)))",-13.276285459676586
"and(one(stripes,(2)),one(plain,(2)))",-13.276285459676586
"and(one(stripes,(2)),one(plain,(1)))",-13.276285459676586
"and(one(stripes,(2)),one(plain,(0)))",-13.276285459676586
"and(one(stripes,(2)),one(high,(2)))",-13.276285459676586
"and(one(stripes,(2)),one(high,(0)))",-13.276285459676586
"and(one(stripes,(2)),one(triangle,(0)))",-13.276285459676586
"and(one(stripes,(2)),one(medium,(2)))",-13.276285459676586
"and(one(stripes,(2)),one(medium,(1)))",-13.276285459676586
"and(one(stripes,(2)),one(medium,(0)))",-13.276285459676586
"and(one(stripes,(2)),one(low,(2)))",-13.276285459676586
"and(one(stripes,(2)),one(low,(1)))",-13.276285459676586
"and(one(stripes,(2)),one(low,(0)))",-13.276285459676586
"and(one(stripes,(2)),one(triangle,(2)))",-13.276285459676586
"and(one(stripes,(2)),one(triangle,(1)))",-13.276285459676586
"and(one(medium,(1)),two(plain,(0,2)))",-13.276285459676586
"and(one(medium,(1)),two(plain,(1,2)))",-13.276285459676586
"and(one(medium,(1)),two(stripes,(0,1)))",-13.276285459676586
"and(one(stripes,(1)),two(square,(0,1)))",-13.276285459676586
"and(one(stripes,(1)),two(triangle,(1,2)))",-13.276285459676586
"and(one(stripes,(1)),two(triangle,(0,2)))",-13.276285459676586
"and(one(stripes,(1)),two(triangle,(0,1)))",-13.276285459676586
"and(one(stripes,(1)),two(circle,(1,2)))",-13.276285459676586
"and(one(stripes,(1)),two(circle,(0,2)))",-13.276285459676586
"and(one(stripes,(1)),two(circle,(0,1)))",-13.276285459676586
"and(one(stripes,(1)),two(square,(1,2)))",-13.276285459676586
"and(one(stripes,(1)),two(square,(0,2)))",-13.276285459676586
"and(one(stripes,(1)),one(dots,(2)))",-13.276285459676586
"and(one(stripes,(1)),two(low,(0,2)))",-13.276285459676586
"and(one(stripes,(1)),one(dots,(1)))",-13.276285459676586
"and(one(stripes,(1)),one(dots,(0)))",-13.276285459676586
"and(one(stripes,(1)),one(stripes,(2)))",-13.276285459676586
"and(one(stripes,(1)),one(stripes,(1)))",-13.276285459676586
"and(one(stripes,(1)),one(stripes,(0)))",-13.276285459676586
"and(one(stripes,(1)),one(plain,(2)))",-13.276285459676586
"and(one(stripes,(1)),one(plain,(1)))",-13.276285459676586
"and(one(stripes,(1)),one(plain,(0)))",-13.276285459676586
"and(one(stripes,(1)),two(low,(0,1)))",-13.276285459676586
"and(one(stripes,(1)),two(low,(1,2)))",-13.276285459676586
"and(one(medium,(1)),two(stripes,(0,2)))",-13.276285459676586
"and(one(stripes,(1)),two(stripes,(0,2)))",-13.276285459676586
"and(one(medium,(1)),two(stripes,(1,2)))",-13.276285459676586
"and(one(medium,(1)),two(dots,(0,1)))",-13.276285459676586
"and(one(medium,(1)),two(dots,(0,2)))",-13.276285459676586
"and(one(medium,(1)),two(dots,(1,2)))",-13.276285459676586
"and(one(stripes,(1)),two(dots,(1,2)))",-13.276285459676586
"and(one(stripes,(1)),two(dots,(0,2)))",-13.276285459676586
"and(one(stripes,(1)),two(dots,(0,1)))",-13.276285459676586
"and(one(stripes,(1)),two(stripes,(1,2)))",-13.276285459676586
"and(one(stripes,(1)),two(stripes,(0,1)))",-13.276285459676586
"and(one(stripes,(1)),two(medium,(0,1)))",-13.276285459676586
"and(one(stripes,(1)),two(plain,(1,2)))",-13.276285459676586
"and(one(stripes,(1)),two(plain,(0,2)))",-13.276285459676586
"and(one(stripes,(1)),two(plain,(0,1)))",-13.276285459676586
"and(one(stripes,(1)),two(high,(1,2)))",-13.276285459676586
"and(one(stripes,(1)),two(high,(0,2)))",-13.276285459676586
"and(one(stripes,(1)),two(high,(0,1)))",-13.276285459676586
"and(one(stripes,(1)),two(medium,(1,2)))",-13.276285459676586
"and(one(stripes,(1)),two(medium,(0,2)))",-13.276285459676586
"and(one(square,(0)),one(dots,(2)))",-13.276285459676586
"and(two(plain,(0,1)),two(square,(0,2)))",-13.276285459676586
"and(one(square,(0)),two(square,(0,2)))",-13.276285459676586
"and(one(triangle,(0)),two(triangle,(1,2)))",-13.276285459676586
"and(two(triangle,(1,2)),one(triangle,(1)))",-13.276285459676586
"and(two(triangle,(1,2)),one(triangle,(2)))",-13.276285459676586
"and(two(triangle,(1,2)),one(low,(0)))",-13.276285459676586
"and(two(triangle,(1,2)),one(low,(1)))",-13.276285459676586
"and(two(triangle,(1,2)),one(low,(2)))",-13.276285459676586
"and(two(triangle,(1,2)),one(medium,(0)))",-13.276285459676586
"and(two(triangle,(1,2)),one(medium,(1)))",-13.276285459676586
"and(two(triangle,(1,2)),one(medium,(2)))",-13.276285459676586
"and(two(triangle,(1,2)),one(high,(0)))",-13.276285459676586
"and(two(triangle,(1,2)),one(high,(1)))",-13.276285459676586
"and(two(triangle,(1,2)),one(high,(2)))",-13.276285459676586
"and(two(triangle,(1,2)),one(plain,(0)))",-13.276285459676586
"and(two(triangle,(1,2)),one(plain,(1)))",-13.276285459676586
"and(two(triangle,(1,2)),one(plain,(2)))",-13.276285459676586
"and(two(triangle,(1,2)),one(stripes,(0)))",-13.276285459676586
"and(two(triangle,(1,2)),one(stripes,(1)))",-13.276285459676586
"and(two(triangle,(1,2)),one(stripes,(2)))",-13.276285459676586
"and(two(triangle,(1,2)),one(dots,(0)))",-13.276285459676586
"and(two(triangle,(1,2)),one(dots,(1)))",-13.276285459676586
"and(two(triangle,(1,2)),one(dots,(2)))",-13.276285459676586
"and(two(triangle,(1,2)),two(square,(0,1)))",-13.276285459676586
"and(two(triangle,(1,2)),one(triangle,(0)))",-13.276285459676586
"and(two(triangle,(1,2)),one(circle,(2)))",-13.276285459676586
"and(two(triangle,(1,2)),one(circle,(1)))",-13.276285459676586
"and(one(triangle,(0)),one(dots,(0)))",-13.276285459676586
"and(one(triangle,(0)),two(triangle,(0,1)))",-13.276285459676586
"and(one(triangle,(0)),two(circle,(1,2)))",-13.276285459676586
"and(one(triangle,(0)),two(circle,(0,2)))",-13.276285459676586
"and(one(triangle,(0)),two(circle,(0,1)))",-13.276285459676586
"and(one(triangle,(0)),two(square,(1,2)))",-13.276285459676586
"and(one(triangle,(0)),two(square,(0,2)))",-13.276285459676586
"and(one(triangle,(0)),two(square,(0,1)))",-13.276285459676586
"and(one(triangle,(0)),one(dots,(2)))",-13.276285459676586
"and(one(triangle,(0)),one(dots,(1)))",-13.276285459676586
"and(one(triangle,(0)),one(stripes,(2)))",-13.276285459676586
"and(two(triangle,(1,2)),one(circle,(0)))",-13.276285459676586
"and(one(triangle,(0)),one(stripes,(1)))",-13.276285459676586
"and(one(triangle,(0)),one(stripes,(0)))",-13.276285459676586
"and(one(triangle,(0)),one(plain,(2)))",-13.276285459676586
"and(one(triangle,(0)),one(plain,(1)))",-13.276285459676586
"and(one(triangle,(0)),one(plain,(0)))",-13.276285459676586
"and(one(triangle,(0)),one(high,(2)))",-13.276285459676586
"and(two(triangle,(1,2)),one(square,(0)))",-13.276285459676586
"and(two(triangle,(1,2)),one(square,(1)))",-13.276285459676586
"and(two(triangle,(1,2)),one(square,(2)))",-13.276285459676586
"and(two(triangle,(1,2)),two(square,(0,2)))",-13.276285459676586
"and(two(triangle,(1,2)),two(square,(1,2)))",-13.276285459676586
"and(two(triangle,(1,2)),two(circle,(0,1)))",-13.276285459676586
"and(one(triangle,(0)),one(circle,(2)))",-13.276285459676586
"and(one(triangle,(0)),one(medium,(2)))",-13.276285459676586
"and(one(triangle,(0)),one(medium,(1)))",-13.276285459676586
"and(one(triangle,(0)),one(medium,(0)))",-13.276285459676586
"and(one(triangle,(0)),one(low,(2)))",-13.276285459676586
"and(one(triangle,(0)),one(low,(1)))",-13.276285459676586
"and(one(triangle,(0)),one(low,(0)))",-13.276285459676586
"and(one(triangle,(0)),one(triangle,(2)))",-13.276285459676586
"and(one(triangle,(0)),one(triangle,(1)))",-13.276285459676586
"and(one(triangle,(0)),one(triangle,(0)))",-13.276285459676586
"and(one(triangle,(0)),one(circle,(1)))",-13.276285459676586
"and(one(triangle,(0)),one(high,(1)))",-13.276285459676586
"and(one(triangle,(0)),one(circle,(0)))",-13.276285459676586
"and(one(triangle,(0)),one(square,(2)))",-13.276285459676586
"and(one(triangle,(0)),one(square,(1)))",-13.276285459676586
"and(one(triangle,(0)),one(square,(0)))",-13.276285459676586
"and(two(square,(1,2)),one(plain,(1)))",-13.276285459676586
"and(two(square,(1,2)),one(plain,(0)))",-13.276285459676586
"and(two(square,(1,2)),one(high,(2)))",-13.276285459676586
"and(two(square,(1,2)),one(high,(1)))",-13.276285459676586
"and(two(square,(1,2)),one(high,(0)))",-13.276285459676586
"and(one(triangle,(0)),one(high,(0)))",-13.276285459676586
"and(two(triangle,(1,2)),two(dots,(1,2)))",-13.276285459676586
"and(two(triangle,(1,2)),two(circle,(0,2)))",-13.276285459676586
"and(two(triangle,(1,2)),two(medium,(1,2)))",-13.276285459676586
"and(two(triangle,(1,2)),two(circle,(1,2)))",-13.276285459676586
"and(two(triangle,(1,2)),two(triangle,(0,1)))",-13.276285459676586
"and(two(triangle,(1,2)),two(triangle,(0,2)))",-13.276285459676586
"and(two(triangle,(1,2)),two(triangle,(1,2)))",-13.276285459676586
"and(two(triangle,(1,2)),two(low,(0,1)))",-13.276285459676586
"and(two(triangle,(1,2)),two(low,(0,2)))",-13.276285459676586
"and(two(triangle,(1,2)),two(low,(1,2)))",-13.276285459676586
"and(two(triangle,(1,2)),two(medium,(0,1)))",-13.276285459676586
"and(two(triangle,(1,2)),two(medium,(0,2)))",-13.276285459676586
"and(two(triangle,(1,2)),two(high,(0,1)))",-13.276285459676586
"and(two(triangle,(1,2)),two(dots,(0,2)))",-13.276285459676586
"and(two(triangle,(1,2)),two(high,(0,2)))",-13.276285459676586
"and(two(triangle,(1,2)),two(high,(1,2)))",-13.276285459676586
"and(two(triangle,(1,2)),two(plain,(0,1)))",-13.276285459676586
"and(two(triangle,(1,2)),two(plain,(0,2)))",-13.276285459676586
"and(two(triangle,(1,2)),two(plain,(1,2)))",-13.276285459676586
"and(two(triangle,(1,2)),two(stripes,(0,1)))",-13.276285459676586
"and(two(triangle,(1,2)),two(stripes,(0,2)))",-13.276285459676586
"and(two(triangle,(1,2)),two(stripes,(1,2)))",-13.276285459676586
"and(two(triangle,(1,2)),two(dots,(0,1)))",-13.276285459676586
"and(one(triangle,(0)),two(triangle,(0,2)))",-13.276285459676586
"and(one(triangle,(0)),two(low,(0,1)))",-13.276285459676586
"and(two(square,(1,2)),one(medium,(1)))",-13.276285459676586
"and(one(triangle,(0)),two(low,(0,2)))",-13.276285459676586
"and(two(triangle,(0,2)),one(medium,(1)))",-13.276285459676586
"and(two(triangle,(0,2)),one(medium,(2)))",-13.276285459676586
"and(two(triangle,(0,2)),one(high,(0)))",-13.276285459676586
"and(two(triangle,(0,2)),one(high,(1)))",-13.276285459676586
"and(two(triangle,(0,2)),one(high,(2)))",-13.276285459676586
"and(two(triangle,(0,2)),one(plain,(0)))",-13.276285459676586
"and(two(triangle,(0,2)),one(plain,(1)))",-13.276285459676586
"and(two(triangle,(0,2)),one(plain,(2)))",-13.276285459676586
"and(two(triangle,(0,2)),one(stripes,(0)))",-13.276285459676586
"and(two(triangle,(0,2)),one(stripes,(1)))",-13.276285459676586
"and(two(triangle,(0,2)),one(stripes,(2)))",-13.276285459676586
"and(two(triangle,(0,2)),one(dots,(0)))",-13.276285459676586
"and(two(triangle,(0,2)),one(dots,(1)))",-13.276285459676586
"and(two(triangle,(0,2)),one(dots,(2)))",-13.276285459676586
"and(two(triangle,(0,2)),two(square,(0,1)))",-13.276285459676586
"and(two(triangle,(0,2)),two(square,(0,2)))",-13.276285459676586
"and(two(triangle,(0,2)),two(square,(1,2)))",-13.276285459676586
"and(two(triangle,(0,2)),two(circle,(0,1)))",-13.276285459676586
"and(two(triangle,(0,2)),two(circle,(0,2)))",-13.276285459676586
"and(two(triangle,(0,2)),two(circle,(1,2)))",-13.276285459676586
"and(two(triangle,(0,2)),two(triangle,(0,1)))",-13.276285459676586
"and(two(triangle,(0,2)),one(medium,(0)))",-13.276285459676586
"and(two(triangle,(0,2)),one(low,(2)))",-13.276285459676586
"and(two(triangle,(0,2)),one(low,(1)))",-13.276285459676586
"and(two(square,(1,2)),two(triangle,(0,1)))",-13.276285459676586
"and(two(square,(1,2)),two(high,(0,1)))",-13.276285459676586
"and(two(square,(1,2)),two(medium,(1,2)))",-13.276285459676586
"and(two(square,(1,2)),two(medium,(0,2)))",-13.276285459676586
"and(two(square,(1,2)),two(medium,(0,1)))",-13.276285459676586
"and(two(square,(1,2)),two(low,(1,2)))",-13.276285459676586
"and(two(square,(1,2)),two(low,(0,2)))",-13.276285459676586
"and(two(square,(1,2)),two(low,(0,1)))",-13.276285459676586
"and(two(square,(1,2)),two(triangle,(1,2)))",-13.276285459676586
"and(two(square,(1,2)),two(triangle,(0,2)))",-13.276285459676586
"and(two(square,(1,2)),two(circle,(1,2)))",-13.276285459676586
"and(two(triangle,(0,2)),one(low,(0)))",-13.276285459676586
"and(two(triangle,(0,2)),one(square,(0)))",-13.276285459676586
"and(two(triangle,(0,2)),one(square,(1)))",-13.276285459676586
"and(two(triangle,(0,2)),one(square,(2)))",-13.276285459676586
"and(two(triangle,(0,2)),one(circle,(0)))",-13.276285459676586
"and(two(triangle,(0,2)),one(circle,(1)))",-13.276285459676586
"and(two(triangle,(0,2)),one(circle,(2)))",-13.276285459676586
"and(two(triangle,(0,2)),one(triangle,(0)))",-13.276285459676586
"and(two(triangle,(0,2)),one(triangle,(1)))",-13.276285459676586
"and(two(triangle,(0,2)),one(triangle,(2)))",-13.276285459676586
"and(two(triangle,(0,2)),two(triangle,(0,2)))",-13.276285459676586
"and(two(triangle,(0,2)),two(triangle,(1,2)))",-13.276285459676586
"and(two(triangle,(0,2)),two(low,(0,1)))",-13.276285459676586
"and(one(triangle,(0)),two(stripes,(0,1)))",-13.276285459676586
"and(two(square,(1,2)),one(stripes,(2)))",-13.276285459676586
"and(two(square,(1,2)),one(stripes,(1)))",-13.276285459676586
"and(two(square,(1,2)),one(stripes,(0)))",-13.276285459676586
"and(two(square,(1,2)),one(plain,(2)))",-13.276285459676586
"and(one(triangle,(0)),two(dots,(1,2)))",-13.276285459676586
"and(one(triangle,(0)),two(dots,(0,2)))",-13.276285459676586
"and(one(triangle,(0)),two(dots,(0,1)))",-13.276285459676586
"and(one(triangle,(0)),two(stripes,(1,2)))",-13.276285459676586
"and(one(triangle,(0)),two(stripes,(0,2)))",-13.276285459676586
"and(one(triangle,(0)),two(plain,(1,2)))",-13.276285459676586
"and(two(square,(1,2)),one(dots,(1)))",-13.276285459676586
"and(one(triangle,(0)),two(plain,(0,2)))",-13.276285459676586
"and(one(triangle,(0)),two(plain,(0,1)))",-13.276285459676586
"and(one(triangle,(0)),two(high,(1,2)))",-13.276285459676586
"and(one(triangle,(0)),two(high,(0,2)))",-13.276285459676586
"and(one(triangle,(0)),two(high,(0,1)))",-13.276285459676586
"and(one(triangle,(0)),two(medium,(1,2)))",-13.276285459676586
"and(one(triangle,(0)),two(medium,(0,2)))",-13.276285459676586
"and(one(triangle,(0)),two(medium,(0,1)))",-13.276285459676586
"and(one(triangle,(0)),two(low,(1,2)))",-13.276285459676586
"and(two(square,(1,2)),one(dots,(0)))",-13.276285459676586
"and(two(square,(1,2)),one(dots,(2)))",-13.276285459676586
"and(two(triangle,(0,2)),two(low,(0,2)))",-13.276285459676586
"and(two(triangle,(0,2)),two(plain,(1,2)))",-13.276285459676586
"and(two(triangle,(0,2)),two(low,(1,2)))",-13.276285459676586
"and(two(triangle,(0,2)),two(medium,(0,1)))",-13.276285459676586
"and(two(triangle,(0,2)),two(medium,(0,2)))",-13.276285459676586
"and(two(triangle,(0,2)),two(medium,(1,2)))",-13.276285459676586
"and(two(triangle,(0,2)),two(high,(0,1)))",-13.276285459676586
"and(two(triangle,(0,2)),two(high,(0,2)))",-13.276285459676586
"and(two(triangle,(0,2)),two(high,(1,2)))",-13.276285459676586
"and(two(triangle,(0,2)),two(plain,(0,1)))",-13.276285459676586
"and(two(triangle,(0,2)),two(plain,(0,2)))",-13.276285459676586
"and(two(triangle,(0,2)),two(stripes,(0,1)))",-13.276285459676586
"and(two(square,(1,2)),two(square,(0,1)))",-13.276285459676586
"and(two(triangle,(0,2)),two(stripes,(0,2)))",-13.276285459676586
"and(two(triangle,(0,2)),two(stripes,(1,2)))",-13.276285459676586
"and(two(triangle,(0,2)),two(dots,(0,1)))",-13.276285459676586
"and(two(triangle,(0,2)),two(dots,(0,2)))",-13.276285459676586
"and(two(triangle,(0,2)),two(dots,(1,2)))",-13.276285459676586
"and(two(square,(1,2)),two(circle,(0,2)))",-13.276285459676586
"and(two(square,(1,2)),two(circle,(0,1)))",-13.276285459676586
"and(two(square,(1,2)),two(square,(1,2)))",-13.276285459676586
"and(two(square,(1,2)),two(square,(0,2)))",-13.276285459676586
"and(two(square,(1,2)),one(medium,(2)))",-13.276285459676586
"and(two(square,(1,2)),one(medium,(0)))",-13.276285459676586
"and(one(square,(0)),two(square,(1,2)))",-13.276285459676586
"and(one(circle,(2)),one(stripes,(2)))",-13.276285459676586
"and(two(low,(0,2)),one(square,(2)))",-13.276285459676586
"and(two(low,(0,2)),one(circle,(0)))",-13.276285459676586
"and(two(low,(0,2)),one(circle,(1)))",-13.276285459676586
"and(two(low,(0,2)),one(circle,(2)))",-13.276285459676586
"and(two(low,(0,2)),one(triangle,(0)))",-13.276285459676586
"and(two(low,(0,2)),one(triangle,(1)))",-13.276285459676586
"and(two(low,(0,2)),one(triangle,(2)))",-13.276285459676586
"and(two(low,(0,2)),one(low,(0)))",-13.276285459676586
"and(two(low,(0,2)),one(low,(1)))",-13.276285459676586
"and(two(low,(0,2)),one(low,(2)))",-13.276285459676586
"and(two(low,(0,2)),one(medium,(0)))",-13.276285459676586
"and(two(low,(0,2)),one(medium,(1)))",-13.276285459676586
"and(two(low,(0,2)),one(medium,(2)))",-13.276285459676586
"and(two(low,(0,2)),one(high,(0)))",-13.276285459676586
"and(two(low,(0,2)),one(high,(1)))",-13.276285459676586
"and(two(low,(0,2)),one(high,(2)))",-13.276285459676586
"and(two(low,(0,2)),one(plain,(0)))",-13.276285459676586
"and(two(low,(0,2)),one(plain,(1)))",-13.276285459676586
"and(two(low,(0,2)),one(plain,(2)))",-13.276285459676586
"and(two(low,(0,2)),one(stripes,(0)))",-13.276285459676586
"and(two(low,(0,2)),one(stripes,(1)))",-13.276285459676586
"and(two(low,(0,2)),one(square,(1)))",-13.276285459676586
"and(two(low,(0,2)),one(square,(0)))",-13.276285459676586
"and(one(circle,(2)),one(square,(0)))",-13.276285459676586
"and(one(circle,(2)),one(medium,(0)))",-13.276285459676586
"and(one(circle,(2)),one(stripes,(0)))",-13.276285459676586
"and(one(circle,(2)),one(plain,(2)))",-13.276285459676586
"and(one(circle,(2)),one(plain,(1)))",-13.276285459676586
"and(one(circle,(2)),one(plain,(0)))",-13.276285459676586
"and(one(circle,(2)),one(high,(2)))",-13.276285459676586
"and(one(circle,(2)),one(high,(1)))",-13.276285459676586
"and(one(circle,(2)),one(high,(0)))",-13.276285459676586
"and(one(circle,(2)),one(medium,(2)))",-13.276285459676586
"and(one(circle,(2)),one(medium,(1)))",-13.276285459676586
"and(one(circle,(2)),one(low,(2)))",-13.276285459676586
"and(one(circle,(2)),one(square,(1)))",-13.276285459676586
"and(one(circle,(2)),one(low,(1)))",-13.276285459676586
"and(one(circle,(2)),one(low,(0)))",-13.276285459676586
"and(one(circle,(2)),one(triangle,(2)))",-13.276285459676586
"and(one(circle,(2)),one(triangle,(1)))",-13.276285459676586
"and(one(circle,(2)),one(triangle,(0)))",-13.276285459676586
"and(one(circle,(2)),one(circle,(2)))",-13.276285459676586
"and(one(circle,(2)),one(circle,(1)))",-13.276285459676586
"and(one(circle,(2)),one(circle,(0)))",-13.276285459676586
"and(one(circle,(2)),one(square,(2)))",-13.276285459676586
"and(two(low,(0,2)),one(stripes,(2)))",-13.276285459676586
"and(two(low,(0,2)),one(dots,(0)))",-13.276285459676586
"and(two(low,(0,2)),one(dots,(1)))",-13.276285459676586
"and(one(low,(1)),one(triangle,(0)))",-13.276285459676586
"and(two(low,(0,2)),two(dots,(0,1)))",-13.276285459676586
"and(two(low,(0,2)),two(dots,(0,2)))",-13.276285459676586
"and(two(low,(0,2)),two(dots,(1,2)))",-13.276285459676586
"and(one(low,(1)),one(square,(0)))",-13.276285459676586
"and(one(low,(1)),one(square,(1)))",-13.276285459676586
"and(one(low,(1)),one(square,(2)))",-13.276285459676586
"and(one(low,(1)),one(circle,(0)))",-13.276285459676586
"and(one(low,(1)),one(circle,(1)))",-13.276285459676586
"and(one(low,(1)),one(circle,(2)))",-13.276285459676586
"and(one(low,(1)),one(triangle,(1)))",-13.276285459676586
"and(two(low,(0,2)),two(stripes,(0,2)))",-13.276285459676586
"and(one(low,(1)),one(triangle,(2)))",-13.276285459676586
"and(one(low,(1)),one(low,(0)))",-13.276285459676586
"and(one(low,(1)),one(low,(1)))",-13.276285459676586
"and(one(low,(1)),one(low,(2)))",-13.276285459676586
"and(one(low,(1)),one(medium,(0)))",-13.276285459676586
"and(one(low,(1)),one(medium,(1)))",-13.276285459676586
"and(one(low,(1)),one(medium,(2)))",-13.276285459676586
"and(one(low,(1)),one(high,(0)))",-13.276285459676586
"and(one(low,(1)),one(high,(1)))",-13.276285459676586
"and(two(low,(0,2)),two(stripes,(1,2)))",-13.276285459676586
"and(two(low,(0,2)),two(stripes,(0,1)))",-13.276285459676586
"and(two(low,(0,2)),one(dots,(2)))",-13.276285459676586
"and(two(low,(0,2)),two(low,(0,1)))",-13.276285459676586
"and(two(low,(0,2)),two(square,(0,1)))",-13.276285459676586
"and(two(low,(0,2)),two(square,(0,2)))",-13.276285459676586
"and(two(low,(0,2)),two(square,(1,2)))",-13.276285459676586
"and(two(low,(0,2)),two(circle,(0,1)))",-13.276285459676586
"and(two(low,(0,2)),two(circle,(0,2)))",-13.276285459676586
"and(two(low,(0,2)),two(circle,(1,2)))",-13.276285459676586
"and(two(low,(0,2)),two(triangle,(0,1)))",-13.276285459676586
"and(two(low,(0,2)),two(triangle,(0,2)))",-13.276285459676586
"and(two(low,(0,2)),two(triangle,(1,2)))",-13.276285459676586
"and(two(low,(0,2)),two(low,(0,2)))",-13.276285459676586
"and(two(low,(0,2)),two(plain,(1,2)))",-13.276285459676586
"and(two(low,(0,2)),two(low,(1,2)))",-13.276285459676586
"and(two(low,(0,2)),two(medium,(0,1)))",-13.276285459676586
"and(two(low,(0,2)),two(medium,(0,2)))",-13.276285459676586
"and(two(low,(0,2)),two(medium,(1,2)))",-13.276285459676586
"and(two(low,(0,2)),two(high,(0,1)))",-13.276285459676586
"and(two(low,(0,2)),two(high,(0,2)))",-13.276285459676586
"and(two(low,(0,2)),two(high,(1,2)))",-13.276285459676586
"and(two(low,(0,2)),two(plain,(0,1)))",-13.276285459676586
"and(two(low,(0,2)),two(plain,(0,2)))",-13.276285459676586
"and(one(circle,(2)),one(stripes,(1)))",-13.276285459676586
"and(one(circle,(2)),one(dots,(0)))",-13.276285459676586
"and(two(square,(1,2)),one(low,(2)))",-13.276285459676586
"and(one(circle,(2)),one(dots,(1)))",-13.276285459676586
"and(two(low,(0,1)),one(triangle,(2)))",-13.276285459676586
"and(two(low,(0,1)),one(low,(0)))",-13.276285459676586
"and(two(low,(0,1)),one(low,(1)))",-13.276285459676586
"and(two(low,(0,1)),one(low,(2)))",-13.276285459676586
"and(two(low,(0,1)),one(medium,(0)))",-13.276285459676586
"and(two(low,(0,1)),one(medium,(1)))",-13.276285459676586
"and(two(low,(0,1)),one(medium,(2)))",-13.276285459676586
"and(two(low,(0,1)),one(high,(0)))",-13.276285459676586
"and(two(low,(0,1)),one(high,(1)))",-13.276285459676586
"and(two(low,(0,1)),one(high,(2)))",-13.276285459676586
"and(two(low,(0,1)),one(plain,(0)))",-13.276285459676586
"and(two(low,(0,1)),one(plain,(1)))",-13.276285459676586
"and(two(low,(0,1)),one(plain,(2)))",-13.276285459676586
"and(two(low,(0,1)),one(stripes,(0)))",-13.276285459676586
"and(two(low,(0,1)),one(stripes,(1)))",-13.276285459676586
"and(two(low,(0,1)),one(stripes,(2)))",-13.276285459676586
"and(two(low,(0,1)),one(dots,(0)))",-13.276285459676586
"and(two(low,(0,1)),one(dots,(1)))",-13.276285459676586
"and(two(low,(0,1)),one(dots,(2)))",-13.276285459676586
"and(two(low,(0,1)),two(square,(0,1)))",-13.276285459676586
"and(two(low,(0,1)),two(square,(0,2)))",-13.276285459676586
"and(two(low,(0,1)),one(triangle,(1)))",-13.276285459676586
"and(two(low,(0,1)),one(triangle,(0)))",-13.276285459676586
"and(two(low,(0,1)),one(circle,(2)))",-13.276285459676586
"and(two(square,(1,2)),one(square,(1)))",-13.276285459676586
"and(two(square,(1,2)),one(low,(1)))",-13.276285459676586
"and(two(square,(1,2)),one(low,(0)))",-13.276285459676586
"and(two(square,(1,2)),one(triangle,(2)))",-13.276285459676586
"and(two(square,(1,2)),one(triangle,(1)))",-13.276285459676586
"and(two(square,(1,2)),one(triangle,(0)))",-13.276285459676586
"and(two(square,(1,2)),one(circle,(2)))",-13.276285459676586
"and(two(square,(1,2)),one(circle,(1)))",-13.276285459676586
"and(two(square,(1,2)),one(circle,(0)))",-13.276285459676586
"and(two(square,(1,2)),one(square,(2)))",-13.276285459676586
"and(two(square,(1,2)),one(square,(0)))",-13.276285459676586
"and(two(low,(0,1)),one(circle,(1)))",-13.276285459676586
"and(one(circle,(2)),two(dots,(1,2)))",-13.276285459676586
"and(one(circle,(2)),two(dots,(0,2)))",-13.276285459676586
"and(one(circle,(2)),two(dots,(0,1)))",-13.276285459676586
"and(one(circle,(2)),two(stripes,(1,2)))",-13.276285459676586
"and(one(circle,(2)),two(stripes,(0,2)))",-13.276285459676586
"and(two(low,(0,1)),one(square,(0)))",-13.276285459676586
"and(two(low,(0,1)),one(square,(1)))",-13.276285459676586
"and(two(low,(0,1)),one(square,(2)))",-13.276285459676586
"and(two(low,(0,1)),one(circle,(0)))",-13.276285459676586
"and(two(low,(0,1)),two(square,(1,2)))",-13.276285459676586
"and(two(low,(0,1)),two(circle,(0,1)))",-13.276285459676586
"and(two(low,(0,1)),two(circle,(0,2)))",-13.276285459676586
"and(one(circle,(2)),two(low,(0,1)))",-13.276285459676586
"and(one(circle,(2)),two(plain,(0,1)))",-13.276285459676586
"and(one(circle,(2)),two(high,(1,2)))",-13.276285459676586
"and(one(circle,(2)),two(high,(0,2)))",-13.276285459676586
"and(one(circle,(2)),two(high,(0,1)))",-13.276285459676586
"and(one(circle,(2)),two(medium,(1,2)))",-13.276285459676586
"and(one(circle,(2)),two(medium,(0,2)))",-13.276285459676586
"and(one(circle,(2)),two(medium,(0,1)))",-13.276285459676586
"and(one(circle,(2)),two(low,(1,2)))",-13.276285459676586
"and(one(circle,(2)),two(low,(0,2)))",-13.276285459676586
"and(one(circle,(2)),two(triangle,(1,2)))",-13.276285459676586
"and(one(circle,(2)),two(plain,(1,2)))",-13.276285459676586
"and(one(circle,(2)),two(triangle,(0,2)))",-13.276285459676586
"and(one(circle,(2)),two(triangle,(0,1)))",-13.276285459676586
"and(one(circle,(2)),two(circle,(1,2)))",-13.276285459676586
"and(one(circle,(2)),two(circle,(0,2)))",-13.276285459676586
"and(one(circle,(2)),two(circle,(0,1)))",-13.276285459676586
"and(one(circle,(2)),two(square,(1,2)))",-13.276285459676586
"and(one(circle,(2)),two(square,(0,2)))",-13.276285459676586
"and(one(circle,(2)),two(square,(0,1)))",-13.276285459676586
"and(one(circle,(2)),one(dots,(2)))",-13.276285459676586
"and(one(circle,(2)),two(plain,(0,2)))",-13.276285459676586
"and(one(circle,(2)),two(stripes,(0,1)))",-13.276285459676586
"and(two(low,(0,1)),two(circle,(1,2)))",-13.276285459676586
"and(two(low,(0,1)),two(high,(0,1)))",-13.276285459676586
"and(two(low,(0,1)),two(triangle,(0,1)))",-13.276285459676586
"and(two(low,(0,1)),two(triangle,(0,2)))",-13.276285459676586
"and(two(low,(0,1)),two(triangle,(1,2)))",-13.276285459676586
"and(two(low,(0,1)),two(low,(0,1)))",-13.276285459676586
"and(two(low,(0,1)),two(low,(0,2)))",-13.276285459676586
"and(two(low,(0,1)),two(low,(1,2)))",-13.276285459676586
"and(two(low,(0,1)),two(medium,(0,1)))",-13.276285459676586
"and(two(low,(0,1)),two(medium,(0,2)))",-13.276285459676586
"and(two(low,(0,1)),two(medium,(1,2)))",-13.276285459676586
"and(two(low,(0,1)),two(high,(0,2)))",-13.276285459676586
"and(two(low,(0,1)),two(dots,(1,2)))",-13.276285459676586
"and(two(low,(0,1)),two(high,(1,2)))",-13.276285459676586
"and(two(low,(0,1)),two(plain,(0,1)))",-13.276285459676586
"and(two(low,(0,1)),two(plain,(0,2)))",-13.276285459676586
"and(two(low,(0,1)),two(plain,(1,2)))",-13.276285459676586
"and(two(low,(0,1)),two(stripes,(0,1)))",-13.276285459676586
"and(two(low,(0,1)),two(stripes,(0,2)))",-13.276285459676586
"and(two(low,(0,1)),two(stripes,(1,2)))",-13.276285459676586
"and(two(low,(0,1)),two(dots,(0,1)))",-13.276285459676586
"and(two(low,(0,1)),two(dots,(0,2)))",-13.276285459676586
"and(two(square,(1,2)),two(high,(0,2)))",-13.276285459676586
"and(two(square,(1,2)),two(high,(1,2)))",-13.276285459676586
"and(two(square,(1,2)),two(plain,(0,1)))",-13.276285459676586
"and(one(low,(0)),two(high,(0,2)))",-13.276285459676586
"and(two(circle,(0,2)),one(high,(2)))",-13.276285459676586
"and(two(circle,(0,2)),one(plain,(0)))",-13.276285459676586
"and(two(circle,(0,2)),one(plain,(1)))",-13.276285459676586
"and(two(circle,(0,2)),one(plain,(2)))",-13.276285459676586
"and(two(circle,(0,2)),one(stripes,(0)))",-13.276285459676586
"and(two(circle,(0,2)),one(stripes,(1)))",-13.276285459676586
"and(two(circle,(0,2)),one(stripes,(2)))",-13.276285459676586
"and(two(circle,(0,2)),one(dots,(0)))",-13.276285459676586
"and(two(circle,(0,2)),one(dots,(1)))",-13.276285459676586
"and(two(circle,(0,2)),one(dots,(2)))",-13.276285459676586
"and(two(circle,(0,2)),two(square,(0,1)))",-13.276285459676586
"and(two(circle,(0,2)),two(square,(0,2)))",-13.276285459676586
"and(two(circle,(0,2)),two(square,(1,2)))",-13.276285459676586
"and(two(circle,(0,2)),two(circle,(0,1)))",-13.276285459676586
"and(two(circle,(0,2)),two(circle,(0,2)))",-13.276285459676586
"and(two(circle,(0,2)),two(circle,(1,2)))",-13.276285459676586
"and(two(circle,(0,2)),two(triangle,(0,1)))",-13.276285459676586
"and(two(circle,(0,2)),two(triangle,(0,2)))",-13.276285459676586
"and(two(circle,(0,2)),two(triangle,(1,2)))",-13.276285459676586
"and(two(circle,(0,2)),two(low,(0,1)))",-13.276285459676586
"and(two(circle,(0,2)),two(low,(0,2)))",-13.276285459676586
"and(two(circle,(0,2)),one(high,(1)))",-13.276285459676586
"and(two(circle,(0,2)),one(high,(0)))",-13.276285459676586
"and(two(circle,(0,2)),one(medium,(2)))",-13.276285459676586
"and(two(circle,(0,2)),one(square,(2)))",-13.276285459676586
"and(one(low,(0)),two(plain,(0,1)))",-13.276285459676586
"and(one(low,(0)),two(plain,(0,2)))",-13.276285459676586
"and(one(low,(0)),two(plain,(1,2)))",-13.276285459676586
"and(one(low,(0)),two(stripes,(0,1)))",-13.276285459676586
"and(one(triangle,(2)),two(dots,(1,2)))",-13.276285459676586
"and(one(triangle,(2)),two(dots,(0,2)))",-13.276285459676586
"and(one(triangle,(2)),two(dots,(0,1)))",-13.276285459676586
"and(two(circle,(0,2)),one(square,(0)))",-13.276285459676586
"and(two(circle,(0,2)),one(square,(1)))",-13.276285459676586
"and(two(circle,(0,2)),one(circle,(0)))",-13.276285459676586
"and(two(circle,(0,2)),one(medium,(1)))",-13.276285459676586
"and(two(circle,(0,2)),one(circle,(1)))",-13.276285459676586
"and(two(circle,(0,2)),one(circle,(2)))",-13.276285459676586
"and(two(circle,(0,2)),one(triangle,(0)))",-13.276285459676586
"and(two(circle,(0,2)),one(triangle,(1)))",-13.276285459676586
"and(two(circle,(0,2)),one(triangle,(2)))",-13.276285459676586
"and(two(circle,(0,2)),one(low,(0)))",-13.276285459676586
"and(two(circle,(0,2)),one(low,(1)))",-13.276285459676586
"and(two(circle,(0,2)),one(low,(2)))",-13.276285459676586
"and(two(circle,(0,2)),one(medium,(0)))",-13.276285459676586
"and(two(circle,(0,2)),two(low,(1,2)))",-13.276285459676586
"and(two(circle,(0,2)),two(medium,(0,1)))",-13.276285459676586
"and(two(circle,(0,2)),two(medium,(0,2)))",-13.276285459676586
"and(one(triangle,(2)),two(square,(1,2)))",-13.276285459676586
"and(one(triangle,(2)),two(low,(1,2)))",-13.276285459676586
"and(one(triangle,(2)),two(low,(0,2)))",-13.276285459676586
"and(one(triangle,(2)),two(low,(0,1)))",-13.276285459676586
"and(one(triangle,(2)),two(triangle,(1,2)))",-13.276285459676586
"and(one(triangle,(2)),two(triangle,(0,2)))",-13.276285459676586
"and(one(triangle,(2)),two(triangle,(0,1)))",-13.276285459676586
"and(one(triangle,(2)),two(circle,(1,2)))",-13.276285459676586
"and(one(triangle,(2)),two(circle,(0,2)))",-13.276285459676586
"and(one(triangle,(2)),two(circle,(0,1)))",-13.276285459676586
"and(one(triangle,(2)),two(square,(0,2)))",-13.276285459676586
"and(one(triangle,(2)),two(medium,(0,2)))",-13.276285459676586
"and(one(triangle,(2)),two(square,(0,1)))",-13.276285459676586
"and(one(triangle,(2)),one(dots,(2)))",-13.276285459676586
"and(one(triangle,(2)),one(dots,(1)))",-13.276285459676586
"and(one(triangle,(2)),one(dots,(0)))",-13.276285459676586
"and(one(triangle,(2)),one(stripes,(2)))",-13.276285459676586
"and(one(triangle,(2)),one(stripes,(1)))",-13.276285459676586
"and(one(triangle,(2)),one(stripes,(0)))",-13.276285459676586
"and(one(triangle,(2)),one(plain,(2)))",-13.276285459676586
"and(one(triangle,(2)),one(plain,(1)))",-13.276285459676586
"and(one(triangle,(2)),two(medium,(0,1)))",-13.276285459676586
"and(one(triangle,(2)),two(medium,(1,2)))",-13.276285459676586
"and(two(circle,(0,2)),two(medium,(1,2)))",-13.276285459676586
"and(two(circle,(0,2)),two(dots,(0,1)))",-13.276285459676586
"and(two(circle,(0,2)),two(high,(0,1)))",-13.276285459676586
"and(two(circle,(0,2)),two(high,(0,2)))",-13.276285459676586
"and(two(circle,(0,2)),two(high,(1,2)))",-13.276285459676586
"and(two(circle,(0,2)),two(plain,(0,1)))",-13.276285459676586
"and(two(circle,(0,2)),two(plain,(0,2)))",-13.276285459676586
"and(two(circle,(0,2)),two(plain,(1,2)))",-13.276285459676586
"and(two(circle,(0,2)),two(stripes,(0,1)))",-13.276285459676586
"and(two(circle,(0,2)),two(stripes,(0,2)))",-13.276285459676586
"and(two(circle,(0,2)),two(stripes,(1,2)))",-13.276285459676586
"and(two(circle,(0,2)),two(dots,(0,2)))",-13.276285459676586
"and(one(triangle,(2)),two(high,(0,1)))",-13.276285459676586
"and(two(circle,(0,2)),two(dots,(1,2)))",-13.276285459676586
"and(one(triangle,(2)),two(stripes,(1,2)))",-13.276285459676586
"and(one(triangle,(2)),two(stripes,(0,2)))",-13.276285459676586
"and(one(triangle,(2)),two(stripes,(0,1)))",-13.276285459676586
"and(one(triangle,(2)),two(plain,(1,2)))",-13.276285459676586
"and(one(triangle,(2)),two(plain,(0,2)))",-13.276285459676586
"and(one(triangle,(2)),two(plain,(0,1)))",-13.276285459676586
"and(one(triangle,(2)),two(high,(1,2)))",-13.276285459676586
"and(one(triangle,(2)),two(high,(0,2)))",-13.276285459676586
"and(one(low,(0)),two(high,(1,2)))",-13.276285459676586
"and(one(low,(0)),two(high,(0,1)))",-13.276285459676586
"and(two(square,(1,2)),two(plain,(0,2)))",-13.276285459676586
"and(one(low,(0)),two(medium,(1,2)))",-13.276285459676586
"and(two(circle,(0,1)),one(stripes,(2)))",-13.276285459676586
"and(two(circle,(0,1)),one(dots,(0)))",-13.276285459676586
"and(two(circle,(0,1)),one(dots,(1)))",-13.276285459676586
"and(two(circle,(0,1)),one(dots,(2)))",-13.276285459676586
"and(two(circle,(0,1)),two(square,(0,1)))",-13.276285459676586
"and(two(circle,(0,1)),two(square,(0,2)))",-13.276285459676586
"and(two(circle,(0,1)),two(square,(1,2)))",-13.276285459676586
"and(two(circle,(0,1)),two(circle,(0,1)))",-13.276285459676586
"and(two(circle,(0,1)),two(circle,(0,2)))",-13.276285459676586
"and(two(circle,(0,1)),two(circle,(1,2)))",-13.276285459676586
"and(two(circle,(0,1)),two(triangle,(0,1)))",-13.276285459676586
"and(two(circle,(0,1)),two(triangle,(0,2)))",-13.276285459676586
"and(two(circle,(0,1)),two(triangle,(1,2)))",-13.276285459676586
"and(two(circle,(0,1)),two(low,(0,1)))",-13.276285459676586
"and(two(circle,(0,1)),two(low,(0,2)))",-13.276285459676586
"and(two(circle,(0,1)),two(low,(1,2)))",-13.276285459676586
"and(two(circle,(0,1)),two(medium,(0,1)))",-13.276285459676586
"and(two(circle,(0,1)),two(medium,(0,2)))",-13.276285459676586
"and(two(circle,(0,1)),two(medium,(1,2)))",-13.276285459676586
"and(two(circle,(0,1)),two(high,(0,1)))",-13.276285459676586
"and(two(circle,(0,1)),two(high,(0,2)))",-13.276285459676586
"and(two(circle,(0,1)),one(stripes,(1)))",-13.276285459676586
"and(two(circle,(0,1)),one(stripes,(0)))",-13.276285459676586
"and(two(circle,(0,1)),one(plain,(2)))",-13.276285459676586
"and(two(circle,(0,1)),one(triangle,(2)))",-13.276285459676586
"and(one(low,(0)),one(plain,(2)))",-13.276285459676586
"and(two(circle,(0,1)),one(square,(0)))",-13.276285459676586
"and(two(circle,(0,1)),one(square,(1)))",-13.276285459676586
"and(two(circle,(0,1)),one(square,(2)))",-13.276285459676586
"and(two(circle,(0,1)),one(circle,(0)))",-13.276285459676586
"and(two(circle,(0,1)),one(circle,(1)))",-13.276285459676586
"and(two(circle,(0,1)),one(circle,(2)))",-13.276285459676586
"and(two(circle,(0,1)),one(triangle,(0)))",-13.276285459676586
"and(two(circle,(0,1)),one(triangle,(1)))",-13.276285459676586
"and(two(circle,(0,1)),one(low,(0)))",-13.276285459676586
"and(two(circle,(0,1)),one(plain,(1)))",-13.276285459676586
"and(two(circle,(0,1)),one(low,(1)))",-13.276285459676586
"and(two(circle,(0,1)),one(low,(2)))",-13.276285459676586
"and(two(circle,(0,1)),one(medium,(0)))",-13.276285459676586
"and(two(circle,(0,1)),one(medium,(1)))",-13.276285459676586
"and(two(circle,(0,1)),one(medium,(2)))",-13.276285459676586
"and(two(circle,(0,1)),one(high,(0)))",-13.276285459676586
"and(two(circle,(0,1)),one(high,(1)))",-13.276285459676586
"and(two(circle,(0,1)),one(high,(2)))",-13.276285459676586
"and(two(circle,(0,1)),one(plain,(0)))",-13.276285459676586
"and(two(circle,(0,1)),two(high,(1,2)))",-13.276285459676586
"and(two(circle,(0,1)),two(plain,(0,1)))",-13.276285459676586
"and(two(circle,(0,1)),two(plain,(0,2)))",-13.276285459676586
"and(one(low,(0)),two(circle,(0,1)))",-13.276285459676586
"and(one(low,(0)),one(square,(1)))",-13.276285459676586
"and(one(low,(0)),one(square,(0)))",-13.276285459676586
"and(one(low,(0)),one(stripes,(2)))",-13.276285459676586
"and(one(low,(0)),one(dots,(0)))",-13.276285459676586
"and(one(low,(0)),one(dots,(1)))",-13.276285459676586
"and(one(low,(0)),one(dots,(2)))",-13.276285459676586
"and(one(low,(0)),two(square,(0,1)))",-13.276285459676586
"and(one(low,(0)),two(square,(0,2)))",-13.276285459676586
"and(one(low,(0)),two(square,(1,2)))",-13.276285459676586
"and(one(low,(0)),two(circle,(0,2)))",-13.276285459676586
"and(one(low,(0)),one(circle,(0)))",-13.276285459676586
"and(one(low,(0)),two(circle,(1,2)))",-13.276285459676586
"and(one(low,(0)),two(triangle,(0,1)))",-13.276285459676586
"and(one(low,(0)),two(triangle,(0,2)))",-13.276285459676586
"and(one(low,(0)),two(triangle,(1,2)))",-13.276285459676586
"and(one(low,(0)),two(low,(0,1)))",-13.276285459676586
"and(one(low,(0)),two(low,(0,2)))",-13.276285459676586
"and(one(low,(0)),two(low,(1,2)))",-13.276285459676586
"and(one(low,(0)),two(medium,(0,1)))",-13.276285459676586
"and(one(low,(0)),two(medium,(0,2)))",-13.276285459676586
"and(one(low,(0)),one(square,(2)))",-13.276285459676586
"and(one(low,(0)),one(circle,(1)))",-13.276285459676586
"and(two(circle,(0,1)),two(plain,(1,2)))",-13.276285459676586
"and(one(low,(0)),one(high,(1)))",-13.276285459676586
"and(two(circle,(0,1)),two(stripes,(0,1)))",-13.276285459676586
"and(two(circle,(0,1)),two(stripes,(0,2)))",-13.276285459676586
"and(two(circle,(0,1)),two(stripes,(1,2)))",-13.276285459676586
"and(two(circle,(0,1)),two(dots,(0,1)))",-13.276285459676586
"and(two(circle,(0,1)),two(dots,(0,2)))",-13.276285459676586
"and(two(circle,(0,1)),two(dots,(1,2)))",-13.276285459676586
"and(one(low,(0)),one(plain,(1)))",-13.276285459676586
"and(one(low,(0)),one(plain,(0)))",-13.276285459676586
"and(one(low,(0)),one(high,(2)))",-13.276285459676586
"and(one(low,(0)),one(high,(0)))",-13.276285459676586
"and(one(low,(0)),one(circle,(2)))",-13.276285459676586
"and(one(low,(0)),one(medium,(2)))",-13.276285459676586
"and(one(low,(0)),one(medium,(1)))",-13.276285459676586
"and(one(low,(0)),one(medium,(0)))",-13.276285459676586
"and(one(low,(0)),one(low,(2)))",-13.276285459676586
"and(one(low,(0)),one(low,(1)))",-13.276285459676586
"and(one(low,(0)),one(low,(0)))",-13.276285459676586
"and(one(low,(0)),one(triangle,(2)))",-13.276285459676586
"and(one(low,(0)),one(triangle,(1)))",-13.276285459676586
"and(one(low,(0)),one(triangle,(0)))",-13.276285459676586
"and(one(triangle,(2)),one(plain,(0)))",-13.276285459676586
"and(one(triangle,(2)),one(high,(2)))",-13.276285459676586
"and(one(triangle,(2)),one(high,(1)))",-13.276285459676586
"and(one(triangle,(2)),one(high,(0)))",-13.276285459676586
"and(two(triangle,(0,1)),one(plain,(1)))",-13.276285459676586
"and(two(triangle,(0,1)),one(plain,(2)))",-13.276285459676586
"and(two(triangle,(0,1)),one(stripes,(0)))",-13.276285459676586
"and(two(triangle,(0,1)),one(stripes,(1)))",-13.276285459676586
"and(two(triangle,(0,1)),one(stripes,(2)))",-13.276285459676586
"and(two(triangle,(0,1)),one(dots,(0)))",-13.276285459676586
"and(two(triangle,(0,1)),one(dots,(1)))",-13.276285459676586
"and(two(triangle,(0,1)),one(dots,(2)))",-13.276285459676586
"and(two(triangle,(0,1)),two(square,(0,1)))",-13.276285459676586
"and(two(triangle,(0,1)),two(square,(0,2)))",-13.276285459676586
"and(two(triangle,(0,1)),two(square,(1,2)))",-13.276285459676586
"and(two(triangle,(0,1)),two(circle,(0,1)))",-13.276285459676586
"and(two(triangle,(0,1)),two(circle,(0,2)))",-13.276285459676586
"and(two(triangle,(0,1)),two(circle,(1,2)))",-13.276285459676586
"and(two(triangle,(0,1)),two(triangle,(0,1)))",-13.276285459676586
"and(two(triangle,(0,1)),two(triangle,(0,2)))",-13.276285459676586
"and(two(triangle,(0,1)),two(triangle,(1,2)))",-13.276285459676586
"and(two(triangle,(0,1)),two(low,(0,1)))",-13.276285459676586
"and(two(triangle,(0,1)),two(low,(0,2)))",-13.276285459676586
"and(two(triangle,(0,1)),two(low,(1,2)))",-13.276285459676586
"and(two(triangle,(0,1)),two(medium,(0,1)))",-13.276285459676586
"and(two(triangle,(0,1)),one(plain,(0)))",-13.276285459676586
"and(two(triangle,(0,1)),one(high,(2)))",-13.276285459676586
"and(two(triangle,(0,1)),one(high,(1)))",-13.276285459676586
"and(two(triangle,(0,1)),one(circle,(1)))",-13.276285459676586
"and(one(triangle,(1)),two(low,(1,2)))",-13.276285459676586
"and(one(triangle,(1)),two(low,(0,2)))",-13.276285459676586
"and(one(triangle,(1)),two(low,(0,1)))",-13.276285459676586
"and(one(triangle,(1)),two(triangle,(1,2)))",-13.276285459676586
"and(one(triangle,(1)),two(triangle,(0,2)))",-13.276285459676586
"and(two(triangle,(0,1)),one(square,(0)))",-13.276285459676586
"and(two(triangle,(0,1)),one(square,(1)))",-13.276285459676586
"and(two(triangle,(0,1)),one(square,(2)))",-13.276285459676586
"and(two(triangle,(0,1)),one(circle,(0)))",-13.276285459676586
"and(two(triangle,(0,1)),one(circle,(2)))",-13.276285459676586
"and(two(triangle,(0,1)),one(high,(0)))",-13.276285459676586
"and(two(triangle,(0,1)),one(triangle,(0)))",-13.276285459676586
"and(two(triangle,(0,1)),one(triangle,(1)))",-13.276285459676586
"and(two(triangle,(0,1)),one(triangle,(2)))",-13.276285459676586
"and(two(triangle,(0,1)),one(low,(0)))",-13.276285459676586
"and(two(triangle,(0,1)),one(low,(1)))",-13.276285459676586
"and(two(triangle,(0,1)),one(low,(2)))",-13.276285459676586
"and(two(triangle,(0,1)),one(medium,(0)))",-13.276285459676586
"and(two(triangle,(0,1)),one(medium,(1)))",-13.276285459676586
"and(two(triangle,(0,1)),one(medium,(2)))",-13.276285459676586
"and(two(triangle,(0,1)),two(medium,(0,2)))",-13.276285459676586
"and(two(triangle,(0,1)),two(medium,(1,2)))",-13.276285459676586
"and(two(triangle,(0,1)),two(high,(0,1)))",-13.276285459676586
"and(one(triangle,(1)),one(low,(1)))",-13.276285459676586
"and(one(triangle,(1)),one(plain,(1)))",-13.276285459676586
"and(one(triangle,(1)),one(plain,(0)))",-13.276285459676586
"and(one(triangle,(1)),one(high,(2)))",-13.276285459676586
"and(one(triangle,(1)),one(high,(1)))",-13.276285459676586
"and(one(triangle,(1)),one(high,(0)))",-13.276285459676586
"and(one(triangle,(1)),one(medium,(2)))",-13.276285459676586
"and(one(triangle,(1)),one(medium,(1)))",-13.276285459676586
"and(one(triangle,(1)),one(medium,(0)))",-13.276285459676586
"and(one(triangle,(1)),one(low,(2)))",-13.276285459676586
"and(one(triangle,(1)),one(low,(0)))",-13.276285459676586
"and(one(triangle,(1)),one(stripes,(0)))",-13.276285459676586
"and(one(triangle,(1)),one(triangle,(2)))",-13.276285459676586
"and(one(triangle,(1)),one(triangle,(1)))",-13.276285459676586
"and(one(triangle,(1)),one(triangle,(0)))",-13.276285459676586
"and(one(triangle,(1)),one(circle,(2)))",-13.276285459676586
"and(one(triangle,(1)),one(circle,(1)))",-13.276285459676586
"and(one(triangle,(1)),one(circle,(0)))",-13.276285459676586
"and(one(triangle,(1)),one(square,(2)))",-13.276285459676586
"and(one(triangle,(1)),one(square,(1)))",-13.276285459676586
"and(one(triangle,(1)),one(square,(0)))",-13.276285459676586
"and(one(triangle,(1)),one(plain,(2)))",-13.276285459676586
"and(one(triangle,(1)),one(stripes,(1)))",-13.276285459676586
"and(two(triangle,(0,1)),two(high,(0,2)))",-13.276285459676586
"and(two(triangle,(0,1)),two(dots,(1,2)))",-13.276285459676586
"and(two(triangle,(0,1)),two(high,(1,2)))",-13.276285459676586
"and(two(triangle,(0,1)),two(plain,(0,1)))",-13.276285459676586
"and(two(triangle,(0,1)),two(plain,(0,2)))",-13.276285459676586
"and(two(triangle,(0,1)),two(plain,(1,2)))",-13.276285459676586
"and(two(triangle,(0,1)),two(stripes,(0,1)))",-13.276285459676586
"and(two(triangle,(0,1)),two(stripes,(0,2)))",-13.276285459676586
"and(two(triangle,(0,1)),two(stripes,(1,2)))",-13.276285459676586
"and(two(triangle,(0,1)),two(dots,(0,1)))",-13.276285459676586
"and(two(triangle,(0,1)),two(dots,(0,2)))",-13.276285459676586
"and(one(triangle,(1)),two(triangle,(0,1)))",-13.276285459676586
"and(one(triangle,(1)),one(stripes,(2)))",-13.276285459676586
"and(one(triangle,(1)),two(circle,(1,2)))",-13.276285459676586
"and(one(triangle,(1)),two(circle,(0,2)))",-13.276285459676586
"and(one(triangle,(1)),two(circle,(0,1)))",-13.276285459676586
"and(one(triangle,(1)),two(square,(1,2)))",-13.276285459676586
"and(one(triangle,(1)),two(square,(0,2)))",-13.276285459676586
"and(one(triangle,(1)),two(square,(0,1)))",-13.276285459676586
"and(one(triangle,(1)),one(dots,(2)))",-13.276285459676586
"and(one(triangle,(1)),one(dots,(1)))",-13.276285459676586
"and(one(triangle,(1)),one(dots,(0)))",-13.276285459676586
"and(one(triangle,(1)),two(medium,(0,1)))",-13.276285459676586
"and(one(triangle,(1)),two(medium,(0,2)))",-13.276285459676586
"and(one(triangle,(1)),two(medium,(1,2)))",-13.276285459676586
"and(two(circle,(1,2)),one(plain,(2)))",-13.276285459676586
"and(two(circle,(1,2)),one(low,(2)))",-13.276285459676586
"and(two(circle,(1,2)),one(medium,(0)))",-13.276285459676586
"and(two(circle,(1,2)),one(medium,(1)))",-13.276285459676586
"and(two(circle,(1,2)),one(medium,(2)))",-13.276285459676586
"and(two(circle,(1,2)),one(high,(0)))",-13.276285459676586
"and(two(circle,(1,2)),one(high,(1)))",-13.276285459676586
"and(two(circle,(1,2)),one(high,(2)))",-13.276285459676586
"and(two(circle,(1,2)),one(plain,(0)))",-13.276285459676586
"and(two(circle,(1,2)),one(plain,(1)))",-13.276285459676586
"and(two(circle,(1,2)),one(stripes,(0)))",-13.276285459676586
"and(two(circle,(1,2)),one(low,(0)))",-13.276285459676586
"and(two(circle,(1,2)),one(stripes,(1)))",-13.276285459676586
"and(two(circle,(1,2)),one(stripes,(2)))",-13.276285459676586
"and(two(circle,(1,2)),one(dots,(0)))",-13.276285459676586
"and(two(circle,(1,2)),one(dots,(1)))",-13.276285459676586
"and(two(circle,(1,2)),one(dots,(2)))",-13.276285459676586
"and(two(circle,(1,2)),two(square,(0,1)))",-13.276285459676586
"and(two(circle,(1,2)),two(square,(0,2)))",-13.276285459676586
"and(two(circle,(1,2)),two(square,(1,2)))",-13.276285459676586
"and(two(circle,(1,2)),two(circle,(0,1)))",-13.276285459676586
"and(two(circle,(1,2)),one(low,(1)))",-13.276285459676586
"and(two(circle,(1,2)),one(triangle,(2)))",-13.276285459676586
"and(two(circle,(1,2)),two(circle,(1,2)))",-13.276285459676586
"and(one(triangle,(2)),one(circle,(2)))",-13.276285459676586
"and(one(triangle,(2)),one(medium,(2)))",-13.276285459676586
"and(one(triangle,(2)),one(medium,(1)))",-13.276285459676586
"and(one(triangle,(2)),one(medium,(0)))",-13.276285459676586
"and(one(triangle,(2)),one(low,(2)))",-13.276285459676586
"and(one(triangle,(2)),one(low,(1)))",-13.276285459676586
"and(one(triangle,(2)),one(low,(0)))",-13.276285459676586
"and(one(triangle,(2)),one(triangle,(2)))",-13.276285459676586
"and(one(triangle,(2)),one(triangle,(1)))",-13.276285459676586
"and(one(triangle,(2)),one(triangle,(0)))",-13.276285459676586
"and(one(triangle,(2)),one(circle,(1)))",-13.276285459676586
"and(two(circle,(1,2)),one(triangle,(1)))",-13.276285459676586
"and(one(triangle,(2)),one(circle,(0)))",-13.276285459676586
"and(one(triangle,(2)),one(square,(2)))",-13.276285459676586
"and(two(circle,(1,2)),one(square,(0)))",-13.276285459676586
"and(two(circle,(1,2)),one(square,(1)))",-13.276285459676586
"and(two(circle,(1,2)),one(square,(2)))",-13.276285459676586
"and(two(circle,(1,2)),one(circle,(0)))",-13.276285459676586
"and(two(circle,(1,2)),one(circle,(1)))",-13.276285459676586
"and(two(circle,(1,2)),one(circle,(2)))",-13.276285459676586
"and(two(circle,(1,2)),one(triangle,(0)))",-13.276285459676586
"and(two(circle,(1,2)),two(circle,(0,2)))",-13.276285459676586
"and(two(circle,(1,2)),two(triangle,(0,1)))",-13.276285459676586
"and(one(triangle,(1)),two(high,(0,1)))",-13.276285459676586
"and(one(triangle,(1)),two(dots,(1,2)))",-13.276285459676586
"and(one(low,(0)),two(dots,(0,2)))",-13.276285459676586
"and(one(low,(0)),two(dots,(1,2)))",-13.276285459676586
"and(two(square,(1,2)),two(dots,(1,2)))",-13.276285459676586
"and(two(square,(1,2)),two(dots,(0,2)))",-13.276285459676586
"and(two(square,(1,2)),two(dots,(0,1)))",-13.276285459676586
"and(two(square,(1,2)),two(stripes,(1,2)))",-13.276285459676586
"and(two(square,(1,2)),two(stripes,(0,2)))",-13.276285459676586
"and(two(square,(1,2)),two(stripes,(0,1)))",-13.276285459676586
"and(two(square,(1,2)),two(plain,(1,2)))",-13.276285459676586
"and(one(triangle,(1)),two(dots,(0,2)))",-13.276285459676586
"and(one(low,(0)),two(stripes,(1,2)))",-13.276285459676586
"and(one(triangle,(1)),two(dots,(0,1)))",-13.276285459676586
"and(one(triangle,(1)),two(stripes,(1,2)))",-13.276285459676586
"and(one(triangle,(1)),two(stripes,(0,2)))",-13.276285459676586
"and(one(triangle,(1)),two(stripes,(0,1)))",-13.276285459676586
"and(one(triangle,(1)),two(plain,(1,2)))",-13.276285459676586
"and(one(triangle,(1)),two(plain,(0,2)))",-13.276285459676586
"and(one(triangle,(1)),two(plain,(0,1)))",-13.276285459676586
"and(one(triangle,(1)),two(high,(1,2)))",-13.276285459676586
"and(one(triangle,(1)),two(high,(0,2)))",-13.276285459676586
"and(one(low,(0)),two(dots,(0,1)))",-13.276285459676586
"and(one(low,(0)),two(stripes,(0,2)))",-13.276285459676586
"and(two(circle,(1,2)),two(triangle,(0,2)))",-13.276285459676586
"and(two(circle,(1,2)),two(high,(1,2)))",-13.276285459676586
"and(two(circle,(1,2)),two(triangle,(1,2)))",-13.276285459676586
"and(two(circle,(1,2)),two(low,(0,1)))",-13.276285459676586
"and(two(circle,(1,2)),two(low,(0,2)))",-13.276285459676586
"and(two(circle,(1,2)),two(low,(1,2)))",-13.276285459676586
"and(two(circle,(1,2)),two(medium,(0,1)))",-13.276285459676586
"and(two(circle,(1,2)),two(medium,(0,2)))",-13.276285459676586
"and(two(circle,(1,2)),two(medium,(1,2)))",-13.276285459676586
"and(two(circle,(1,2)),two(high,(0,1)))",-13.276285459676586
"and(two(circle,(1,2)),two(high,(0,2)))",-13.276285459676586
"and(two(circle,(1,2)),two(plain,(0,1)))",-13.276285459676586
"and(one(triangle,(2)),one(square,(0)))",-13.276285459676586
"and(two(circle,(1,2)),two(plain,(0,2)))",-13.276285459676586
"and(two(circle,(1,2)),two(plain,(1,2)))",-13.276285459676586
"and(two(circle,(1,2)),two(stripes,(0,1)))",-13.276285459676586
"and(two(circle,(1,2)),two(stripes,(0,2)))",-13.276285459676586
"and(two(circle,(1,2)),two(stripes,(1,2)))",-13.276285459676586
"and(two(circle,(1,2)),two(dots,(0,1)))",-13.276285459676586
"and(two(circle,(1,2)),two(dots,(0,2)))",-13.276285459676586
"and(two(circle,(1,2)),two(dots,(1,2)))",-13.276285459676586
"and(one(triangle,(2)),one(square,(1)))",-13.276285459676586
"and(one(low,(1)),one(high,(2)))",-13.276285459676586
"and(one(low,(1)),one(plain,(0)))",-13.276285459676586
"and(one(low,(1)),one(plain,(1)))",-13.276285459676586
"and(two(high,(0,1)),two(plain,(1,2)))",-13.276285459676586
"and(one(low,(1)),two(high,(1,2)))",-13.276285459676586
"and(one(low,(1)),two(plain,(0,1)))",-13.276285459676586
"and(one(low,(1)),two(plain,(0,2)))",-13.276285459676586
"and(one(low,(1)),two(plain,(1,2)))",-13.276285459676586
"and(one(low,(1)),two(stripes,(0,1)))",-13.276285459676586
"and(one(low,(1)),two(stripes,(0,2)))",-13.276285459676586
"and(one(low,(1)),two(stripes,(1,2)))",-13.276285459676586
"and(one(low,(1)),two(dots,(0,1)))",-13.276285459676586
"and(one(low,(1)),two(dots,(0,2)))",-13.276285459676586
"and(one(low,(1)),two(dots,(1,2)))",-13.276285459676586
"and(one(square,(1)),two(dots,(1,2)))",-13.276285459676586
"and(one(square,(1)),two(dots,(0,2)))",-13.276285459676586
"and(one(square,(1)),two(dots,(0,1)))",-13.276285459676586
"and(one(square,(1)),two(stripes,(1,2)))",-13.276285459676586
"and(one(square,(1)),two(stripes,(0,2)))",-13.276285459676586
"and(one(square,(1)),two(stripes,(0,1)))",-13.276285459676586
"and(one(square,(1)),two(plain,(1,2)))",-13.276285459676586
"and(one(square,(1)),two(plain,(0,2)))",-13.276285459676586
"and(one(square,(1)),two(plain,(0,1)))",-13.276285459676586
"and(one(square,(1)),two(high,(1,2)))",-13.276285459676586
"and(one(square,(1)),two(high,(0,2)))",-13.276285459676586
"and(one(low,(1)),two(high,(0,2)))",-13.276285459676586
"and(one(low,(1)),two(high,(0,1)))",-13.276285459676586
"and(one(low,(1)),two(medium,(1,2)))",-13.276285459676586
"and(one(square,(2)),one(square,(2)))",-13.276285459676586
"and(two(high,(0,1)),two(stripes,(0,2)))",-13.276285459676586
"and(two(high,(0,1)),two(stripes,(1,2)))",-13.276285459676586
"and(two(high,(0,1)),two(dots,(0,1)))",-13.276285459676586
"and(two(high,(0,1)),two(dots,(0,2)))",-13.276285459676586
"and(two(high,(0,1)),two(dots,(1,2)))",-13.276285459676586
"and(one(square,(2)),one(triangle,(0)))",-13.276285459676586
"and(one(square,(2)),one(circle,(2)))",-13.276285459676586
"and(one(square,(2)),one(circle,(1)))",-13.276285459676586
"and(one(square,(2)),one(circle,(0)))",-13.276285459676586
"and(one(square,(2)),one(square,(1)))",-13.276285459676586
"and(one(low,(1)),two(medium,(0,2)))",-13.276285459676586
"and(one(square,(2)),one(square,(0)))",-13.276285459676586
"and(two(square,(0,2)),one(circle,(1)))",-13.276285459676586
"and(two(square,(0,2)),one(circle,(0)))",-13.276285459676586
"and(two(square,(0,2)),one(square,(2)))",-13.276285459676586
"and(two(square,(0,2)),one(square,(1)))",-13.276285459676586
"and(two(square,(0,2)),one(square,(0)))",-13.276285459676586
"and(one(low,(1)),two(low,(0,2)))",-13.276285459676586
"and(one(low,(1)),two(low,(1,2)))",-13.276285459676586
"and(one(low,(1)),two(medium,(0,1)))",-13.276285459676586
"and(two(high,(0,2)),one(square,(0)))",-13.276285459676586
"and(two(high,(0,2)),one(square,(1)))",-13.276285459676586
"and(two(high,(0,2)),one(square,(2)))",-13.276285459676586
"and(two(high,(0,2)),two(low,(0,2)))",-13.276285459676586
"and(two(high,(0,2)),two(square,(0,2)))",-13.276285459676586
"and(two(high,(0,2)),two(square,(1,2)))",-13.276285459676586
"and(two(high,(0,2)),two(circle,(0,1)))",-13.276285459676586
"and(two(high,(0,2)),two(circle,(0,2)))",-13.276285459676586
"and(two(high,(0,2)),two(circle,(1,2)))",-13.276285459676586
"and(two(high,(0,2)),two(triangle,(0,1)))",-13.276285459676586
"and(two(high,(0,2)),two(triangle,(0,2)))",-13.276285459676586
"and(two(high,(0,2)),two(triangle,(1,2)))",-13.276285459676586
"and(two(high,(0,2)),two(low,(0,1)))",-13.276285459676586
"and(two(high,(0,2)),two(low,(1,2)))",-13.276285459676586
"and(two(high,(0,2)),one(dots,(2)))",-13.276285459676586
"and(two(high,(0,2)),two(medium,(0,1)))",-13.276285459676586
"and(two(high,(0,2)),two(medium,(0,2)))",-13.276285459676586
"and(two(high,(0,2)),two(medium,(1,2)))",-13.276285459676586
"and(two(high,(0,2)),two(high,(0,1)))",-13.276285459676586
"and(two(high,(0,2)),two(high,(0,2)))",-13.276285459676586
"and(two(high,(0,2)),two(high,(1,2)))",-13.276285459676586
"and(two(high,(0,2)),two(plain,(0,1)))",-13.276285459676586
"and(two(high,(0,2)),two(plain,(0,2)))",-13.276285459676586
"and(two(high,(0,2)),two(plain,(1,2)))",-13.276285459676586
"and(two(high,(0,2)),two(square,(0,1)))",-13.276285459676586
"and(two(high,(0,2)),one(dots,(1)))",-13.276285459676586
"and(two(high,(0,2)),one(circle,(0)))",-13.276285459676586
"and(two(high,(0,2)),one(medium,(1)))",-13.276285459676586
"and(two(high,(0,2)),one(circle,(1)))",-13.276285459676586
"and(two(high,(0,2)),one(circle,(2)))",-13.276285459676586
"and(two(high,(0,2)),one(triangle,(0)))",-13.276285459676586
"and(two(high,(0,2)),one(triangle,(1)))",-13.276285459676586
"and(two(high,(0,2)),one(triangle,(2)))",-13.276285459676586
"and(two(high,(0,2)),one(low,(0)))",-13.276285459676586
"and(two(high,(0,2)),one(low,(1)))",-13.276285459676586
"and(two(high,(0,2)),one(low,(2)))",-13.276285459676586
"and(two(high,(0,2)),one(medium,(0)))",-13.276285459676586
"and(two(high,(0,2)),one(medium,(2)))",-13.276285459676586
"and(two(high,(0,2)),one(dots,(0)))",-13.276285459676586
"and(two(high,(0,2)),one(high,(0)))",-13.276285459676586
"and(two(high,(0,2)),one(high,(1)))",-13.276285459676586
"and(two(high,(0,2)),one(high,(2)))",-13.276285459676586
"and(two(high,(0,2)),one(plain,(0)))",-13.276285459676586
"and(two(high,(0,2)),one(plain,(1)))",-13.276285459676586
"and(two(high,(0,2)),one(plain,(2)))",-13.276285459676586
"and(two(high,(0,2)),one(stripes,(0)))",-13.276285459676586
"and(two(high,(0,2)),one(stripes,(1)))",-13.276285459676586
"and(two(high,(0,2)),one(stripes,(2)))",-13.276285459676586
"and(two(high,(0,1)),two(stripes,(0,1)))",-13.276285459676586
"and(two(high,(0,1)),two(plain,(0,2)))",-13.276285459676586
"and(two(medium,(1,2)),two(dots,(1,2)))",-13.276285459676586
"and(two(high,(0,1)),two(plain,(0,1)))",-13.276285459676586
"and(one(square,(2)),two(circle,(0,1)))",-13.276285459676586
"and(one(square,(2)),two(square,(1,2)))",-13.276285459676586
"and(one(square,(2)),two(square,(0,2)))",-13.276285459676586
"and(one(square,(2)),two(square,(0,1)))",-13.276285459676586
"and(one(square,(2)),one(dots,(2)))",-13.276285459676586
"and(one(square,(2)),one(dots,(1)))",-13.276285459676586
"and(one(square,(2)),one(dots,(0)))",-13.276285459676586
"and(one(square,(2)),one(stripes,(2)))",-13.276285459676586
"and(one(square,(2)),one(stripes,(1)))",-13.276285459676586
"and(one(square,(2)),one(stripes,(0)))",-13.276285459676586
"and(one(square,(2)),one(plain,(2)))",-13.276285459676586
"and(one(square,(2)),one(plain,(1)))",-13.276285459676586
"and(one(square,(2)),one(plain,(0)))",-13.276285459676586
"and(one(square,(2)),one(high,(2)))",-13.276285459676586
"and(one(square,(2)),one(high,(1)))",-13.276285459676586
"and(one(square,(2)),one(high,(0)))",-13.276285459676586
"and(one(square,(2)),one(medium,(2)))",-13.276285459676586
"and(one(square,(2)),one(medium,(1)))",-13.276285459676586
"and(one(square,(2)),one(medium,(0)))",-13.276285459676586
"and(one(square,(2)),one(low,(2)))",-13.276285459676586
"and(one(square,(2)),one(low,(1)))",-13.276285459676586
"and(one(square,(2)),two(circle,(0,2)))",-13.276285459676586
"and(one(square,(2)),two(circle,(1,2)))",-13.276285459676586
"and(one(square,(2)),two(triangle,(0,1)))",-13.276285459676586
"and(one(square,(2)),two(plain,(0,1)))",-13.276285459676586
"and(two(square,(0,2)),one(circle,(2)))",-13.276285459676586
"and(one(square,(2)),two(dots,(1,2)))",-13.276285459676586
"and(one(square,(2)),two(dots,(0,2)))",-13.276285459676586
"and(one(square,(2)),two(dots,(0,1)))",-13.276285459676586
"and(one(square,(2)),two(stripes,(1,2)))",-13.276285459676586
"and(one(square,(2)),two(stripes,(0,2)))",-13.276285459676586
"and(one(square,(2)),two(stripes,(0,1)))",-13.276285459676586
"and(one(square,(2)),two(plain,(1,2)))",-13.276285459676586
"and(one(square,(2)),two(plain,(0,2)))",-13.276285459676586
"and(one(square,(2)),two(high,(1,2)))",-13.276285459676586
"and(one(square,(2)),two(triangle,(0,2)))",-13.276285459676586
"and(one(square,(2)),two(high,(0,2)))",-13.276285459676586
"and(one(square,(2)),two(high,(0,1)))",-13.276285459676586
"and(one(square,(2)),two(medium,(1,2)))",-13.276285459676586
"and(one(square,(2)),two(medium,(0,2)))",-13.276285459676586
"and(one(square,(2)),two(medium,(0,1)))",-13.276285459676586
"and(one(square,(2)),two(low,(1,2)))",-13.276285459676586
"and(one(square,(2)),two(low,(0,2)))",-13.276285459676586
"and(one(square,(2)),two(low,(0,1)))",-13.276285459676586
"and(one(square,(2)),two(triangle,(1,2)))",-13.276285459676586
"and(one(square,(2)),one(low,(0)))",-13.276285459676586
"and(one(square,(2)),one(triangle,(2)))",-13.276285459676586
"and(one(square,(2)),one(triangle,(1)))",-13.276285459676586
"and(two(high,(0,1)),two(triangle,(0,2)))",-13.276285459676586
"and(two(high,(0,1)),one(dots,(1)))",-13.276285459676586
"and(two(high,(0,1)),one(dots,(2)))",-13.276285459676586
"and(two(high,(0,1)),two(square,(0,1)))",-13.276285459676586
"and(two(high,(0,1)),two(square,(0,2)))",-13.276285459676586
"and(two(high,(0,1)),two(square,(1,2)))",-13.276285459676586
"and(two(high,(0,1)),two(circle,(0,1)))",-13.276285459676586
"and(two(high,(0,1)),two(circle,(0,2)))",-13.276285459676586
"and(two(high,(0,1)),two(circle,(1,2)))",-13.276285459676586
"and(two(high,(0,1)),two(triangle,(0,1)))",-13.276285459676586
"and(two(high,(0,1)),two(triangle,(1,2)))",-13.276285459676586
"and(two(high,(0,1)),one(stripes,(2)))",-13.276285459676586
"and(two(high,(0,1)),two(low,(0,1)))",-13.276285459676586
"and(two(high,(0,1)),two(low,(0,2)))",-13.276285459676586
"and(two(high,(0,1)),two(low,(1,2)))",-13.276285459676586
"and(two(high,(0,1)),two(medium,(0,1)))",-13.276285459676586
"and(two(high,(0,1)),two(medium,(0,2)))",-13.276285459676586
"and(two(high,(0,1)),two(medium,(1,2)))",-13.276285459676586
"and(two(high,(0,1)),two(high,(0,1)))",-13.276285459676586
"and(two(high,(0,1)),two(high,(0,2)))",-13.276285459676586
"and(two(high,(0,1)),two(high,(1,2)))",-13.276285459676586
"and(two(high,(0,1)),one(dots,(0)))",-13.276285459676586
"and(two(high,(0,1)),one(stripes,(1)))",-13.276285459676586
"and(two(high,(0,1)),one(square,(0)))",-13.276285459676586
"and(two(high,(0,1)),one(low,(1)))",-13.276285459676586
"and(two(high,(0,1)),one(square,(1)))",-13.276285459676586
"and(two(high,(0,1)),one(square,(2)))",-13.276285459676586
"and(two(high,(0,1)),one(circle,(0)))",-13.276285459676586
"and(two(high,(0,1)),one(circle,(1)))",-13.276285459676586
"and(two(high,(0,1)),one(circle,(2)))",-13.276285459676586
"and(two(high,(0,1)),one(triangle,(0)))",-13.276285459676586
"and(two(high,(0,1)),one(triangle,(1)))",-13.276285459676586
"and(two(high,(0,1)),one(triangle,(2)))",-13.276285459676586
"and(two(high,(0,1)),one(low,(0)))",-13.276285459676586
"and(two(high,(0,1)),one(low,(2)))",-13.276285459676586
"and(two(high,(0,1)),one(stripes,(0)))",-13.276285459676586
"and(two(high,(0,1)),one(medium,(0)))",-13.276285459676586
"and(two(high,(0,1)),one(medium,(1)))",-13.276285459676586
"and(two(high,(0,1)),one(medium,(2)))",-13.276285459676586
"and(two(high,(0,1)),one(high,(0)))",-13.276285459676586
"and(two(high,(0,1)),one(high,(1)))",-13.276285459676586
"and(two(high,(0,1)),one(high,(2)))",-13.276285459676586
"and(two(high,(0,1)),one(plain,(0)))",-13.276285459676586
"and(two(high,(0,1)),one(plain,(1)))",-13.276285459676586
"and(two(high,(0,1)),one(plain,(2)))",-13.276285459676586
"and(two(high,(0,2)),two(stripes,(0,1)))",-13.276285459676586
"and(two(high,(0,2)),two(stripes,(0,2)))",-13.276285459676586
"and(two(high,(0,2)),two(stripes,(1,2)))",-13.276285459676586
"and(two(high,(0,2)),two(dots,(0,1)))",-13.276285459676586
"and(one(square,(0)),two(high,(1,2)))",-13.276285459676586
"and(one(square,(0)),two(high,(0,2)))",-13.276285459676586
"and(one(square,(0)),two(high,(0,1)))",-13.276285459676586
"and(one(square,(0)),two(medium,(1,2)))",-13.276285459676586
"and(one(square,(0)),two(medium,(0,2)))",-13.276285459676586
"and(one(square,(0)),two(medium,(0,1)))",-13.276285459676586
"and(one(square,(0)),two(low,(1,2)))",-13.276285459676586
"and(one(square,(0)),two(low,(0,2)))",-13.276285459676586
"and(one(square,(0)),two(low,(0,1)))",-13.276285459676586
"and(one(square,(0)),two(triangle,(1,2)))",-13.276285459676586
"and(one(square,(0)),two(triangle,(0,2)))",-13.276285459676586
"and(one(square,(0)),two(triangle,(0,1)))",-13.276285459676586
"and(one(square,(0)),two(circle,(1,2)))",-13.276285459676586
"and(one(square,(0)),two(circle,(0,2)))",-13.276285459676586
"and(one(square,(0)),two(circle,(0,1)))",-13.276285459676586
"and(two(plain,(0,1)),one(square,(0)))",-13.276285459676586
"and(two(plain,(0,1)),one(square,(1)))",-13.276285459676586
"and(two(plain,(0,1)),one(square,(2)))",-13.276285459676586
"and(two(plain,(0,1)),one(circle,(0)))",-13.276285459676586
"and(two(plain,(0,1)),one(circle,(1)))",-13.276285459676586
"and(two(plain,(0,1)),one(circle,(2)))",-13.276285459676586
"and(one(square,(0)),two(plain,(0,1)))",-13.276285459676586
"and(one(square,(0)),two(plain,(0,2)))",-13.276285459676586
"and(one(square,(0)),two(plain,(1,2)))",-13.276285459676586
"and(two(square,(0,1)),two(dots,(0,1)))",-13.276285459676586
"and(two(high,(1,2)),two(dots,(0,1)))",-13.276285459676586
"and(two(high,(1,2)),two(dots,(0,2)))",-13.276285459676586
"and(two(high,(1,2)),two(dots,(1,2)))",-13.276285459676586
"and(one(low,(2)),one(square,(0)))",-13.276285459676586
"and(one(low,(2)),one(square,(1)))",-13.276285459676586
"and(one(low,(2)),one(square,(2)))",-13.276285459676586
"and(one(low,(2)),one(circle,(0)))",-13.276285459676586
"and(two(square,(0,1)),two(dots,(1,2)))",-13.276285459676586
"and(two(square,(0,1)),two(dots,(0,2)))",-13.276285459676586
"and(two(square,(0,1)),two(stripes,(1,2)))",-13.276285459676586
"and(one(square,(0)),two(stripes,(0,1)))",-13.276285459676586
"and(two(square,(0,1)),two(stripes,(0,2)))",-13.276285459676586
"and(two(square,(0,1)),two(stripes,(0,1)))",-13.276285459676586
"and(two(square,(0,1)),two(plain,(1,2)))",-13.276285459676586
"and(two(square,(0,1)),two(plain,(0,2)))",-13.276285459676586
"and(one(square,(0)),two(dots,(1,2)))",-13.276285459676586
"and(one(square,(0)),two(dots,(0,2)))",-13.276285459676586
"and(one(square,(0)),two(dots,(0,1)))",-13.276285459676586
"and(one(square,(0)),two(stripes,(1,2)))",-13.276285459676586
"and(one(square,(0)),two(stripes,(0,2)))",-13.276285459676586
"and(two(plain,(0,1)),one(triangle,(0)))",-13.276285459676586
"and(two(plain,(0,1)),one(triangle,(1)))",-13.276285459676586
"and(two(plain,(0,1)),one(triangle,(2)))",-13.276285459676586
"and(two(plain,(0,1)),two(high,(0,2)))",-13.276285459676586
"and(two(plain,(0,1)),two(triangle,(0,2)))",-13.276285459676586
"and(two(plain,(0,1)),two(triangle,(1,2)))",-13.276285459676586
"and(two(plain,(0,1)),two(low,(0,1)))",-13.276285459676586
"and(two(plain,(0,1)),two(low,(0,2)))",-13.276285459676586
"and(two(plain,(0,1)),two(low,(1,2)))",-13.276285459676586
"and(two(plain,(0,1)),two(medium,(0,1)))",-13.276285459676586
"and(two(plain,(0,1)),two(medium,(0,2)))",-13.276285459676586
"and(two(plain,(0,1)),two(medium,(1,2)))",-13.276285459676586
"and(two(plain,(0,1)),two(high,(0,1)))",-13.276285459676586
"and(two(plain,(0,1)),two(high,(1,2)))",-13.276285459676586
"and(two(plain,(0,1)),two(circle,(1,2)))",-13.276285459676586
"and(two(plain,(0,1)),two(plain,(0,1)))",-13.276285459676586
"and(two(plain,(0,1)),two(plain,(0,2)))",-13.276285459676586
"and(two(plain,(0,1)),two(plain,(1,2)))",-13.276285459676586
"and(two(plain,(0,1)),two(stripes,(0,1)))",-13.276285459676586
"and(two(plain,(0,1)),two(stripes,(0,2)))",-13.276285459676586
"and(two(plain,(0,1)),two(stripes,(1,2)))",-13.276285459676586
"and(two(plain,(0,1)),two(dots,(0,1)))",-13.276285459676586
"and(two(plain,(0,1)),two(dots,(0,2)))",-13.276285459676586
"and(two(plain,(0,1)),two(dots,(1,2)))",-13.276285459676586
"and(two(plain,(0,1)),two(triangle,(0,1)))",-13.276285459676586
"and(two(plain,(0,1)),two(circle,(0,2)))",-13.276285459676586
"and(two(plain,(0,1)),one(low,(0)))",-13.276285459676586
"and(two(plain,(0,1)),one(plain,(1)))",-13.276285459676586
"and(two(plain,(0,1)),one(low,(1)))",-13.276285459676586
"and(two(plain,(0,1)),one(low,(2)))",-13.276285459676586
"and(two(plain,(0,1)),one(medium,(0)))",-13.276285459676586
"and(two(plain,(0,1)),one(medium,(1)))",-13.276285459676586
"and(two(plain,(0,1)),one(medium,(2)))",-13.276285459676586
"and(two(plain,(0,1)),one(high,(0)))",-13.276285459676586
"and(two(plain,(0,1)),one(high,(1)))",-13.276285459676586
"and(two(plain,(0,1)),one(high,(2)))",-13.276285459676586
"and(two(plain,(0,1)),one(plain,(0)))",-13.276285459676586
"and(two(plain,(0,1)),one(plain,(2)))",-13.276285459676586
"and(two(plain,(0,1)),two(circle,(0,1)))",-13.276285459676586
"and(two(plain,(0,1)),one(stripes,(0)))",-13.276285459676586
"and(two(plain,(0,1)),one(stripes,(1)))",-13.276285459676586
"and(two(plain,(0,1)),one(stripes,(2)))",-13.276285459676586
"and(two(plain,(0,1)),one(dots,(0)))",-13.276285459676586
"and(two(plain,(0,1)),one(dots,(1)))",-13.276285459676586
"and(two(plain,(0,1)),one(dots,(2)))",-13.276285459676586
"and(two(plain,(0,1)),two(square,(0,1)))",-13.276285459676586
"and(one(low,(0)),one(stripes,(0)))",-13.276285459676586
"and(two(plain,(0,1)),two(square,(1,2)))",-13.276285459676586
"and(two(high,(1,2)),two(stripes,(1,2)))",-13.276285459676586
"and(two(high,(1,2)),two(stripes,(0,2)))",-13.276285459676586
"and(two(high,(1,2)),two(stripes,(0,1)))",-13.276285459676586
"and(one(square,(1)),one(low,(2)))",-13.276285459676586
"and(one(square,(1)),one(plain,(2)))",-13.276285459676586
"and(one(square,(1)),one(plain,(1)))",-13.276285459676586
"and(one(square,(1)),one(plain,(0)))",-13.276285459676586
"and(one(square,(1)),one(high,(2)))",-13.276285459676586
"and(one(square,(1)),one(high,(1)))",-13.276285459676586
"and(one(square,(1)),one(high,(0)))",-13.276285459676586
"and(one(square,(1)),one(medium,(2)))",-13.276285459676586
"and(one(square,(1)),one(medium,(1)))",-13.276285459676586
"and(one(square,(1)),one(medium,(0)))",-13.276285459676586
"and(one(square,(1)),one(low,(1)))",-13.276285459676586
"and(one(square,(1)),one(stripes,(1)))",-13.276285459676586
"and(one(square,(1)),one(low,(0)))",-13.276285459676586
"and(one(square,(1)),one(triangle,(2)))",-13.276285459676586
"and(one(square,(1)),one(triangle,(1)))",-13.276285459676586
"and(one(square,(1)),one(triangle,(0)))",-13.276285459676586
"and(one(square,(1)),one(circle,(2)))",-13.276285459676586
"and(one(square,(1)),one(circle,(1)))",-13.276285459676586
"and(one(square,(1)),one(circle,(0)))",-13.276285459676586
"and(one(square,(1)),one(square,(2)))",-13.276285459676586
"and(one(square,(1)),one(square,(1)))",-13.276285459676586
"and(one(square,(1)),one(stripes,(0)))",-13.276285459676586
"and(one(square,(1)),one(stripes,(2)))",-13.276285459676586
"and(two(high,(1,2)),one(square,(0)))",-13.276285459676586
"and(one(square,(1)),two(triangle,(1,2)))",-13.276285459676586
"and(two(high,(0,2)),two(dots,(0,2)))",-13.276285459676586
"and(two(high,(0,2)),two(dots,(1,2)))",-13.276285459676586
"and(one(square,(1)),two(high,(0,1)))",-13.276285459676586
"and(one(square,(1)),two(medium,(1,2)))",-13.276285459676586
"and(one(square,(1)),two(medium,(0,2)))",-13.276285459676586
"and(one(square,(1)),two(medium,(0,1)))",-13.276285459676586
"and(one(square,(1)),two(low,(1,2)))",-13.276285459676586
"and(one(square,(1)),two(low,(0,2)))",-13.276285459676586
"and(one(square,(1)),two(low,(0,1)))",-13.276285459676586
"and(one(square,(1)),two(triangle,(0,2)))",-13.276285459676586
"and(one(square,(1)),one(dots,(0)))",-13.276285459676586
"and(one(square,(1)),two(triangle,(0,1)))",-13.276285459676586
"and(one(square,(1)),two(circle,(1,2)))",-13.276285459676586
"and(one(square,(1)),two(circle,(0,2)))",-13.276285459676586
"and(one(square,(1)),two(circle,(0,1)))",-13.276285459676586
"and(one(square,(1)),two(square,(1,2)))",-13.276285459676586
"and(one(square,(1)),two(square,(0,2)))",-13.276285459676586
"and(one(square,(1)),two(square,(0,1)))",-13.276285459676586
"and(one(square,(1)),one(dots,(2)))",-13.276285459676586
"and(one(square,(1)),one(dots,(1)))",-13.276285459676586
"and(one(square,(1)),one(square,(0)))",-13.276285459676586
"and(two(high,(1,2)),one(square,(1)))",-13.276285459676586
"and(two(high,(1,2)),two(plain,(1,2)))",-13.276285459676586
"and(two(high,(1,2)),two(low,(0,1)))",-13.276285459676586
"and(two(high,(1,2)),two(square,(0,1)))",-13.276285459676586
"and(two(high,(1,2)),two(square,(0,2)))",-13.276285459676586
"and(two(high,(1,2)),two(square,(1,2)))",-13.276285459676586
"and(two(high,(1,2)),two(circle,(0,1)))",-13.276285459676586
"and(two(high,(1,2)),two(circle,(0,2)))",-13.276285459676586
"and(two(high,(1,2)),two(circle,(1,2)))",-13.276285459676586
"and(two(high,(1,2)),two(triangle,(0,1)))",-13.276285459676586
"and(two(high,(1,2)),two(triangle,(0,2)))",-13.276285459676586
"and(two(high,(1,2)),two(triangle,(1,2)))",-13.276285459676586
"and(two(high,(1,2)),two(low,(0,2)))",-13.276285459676586
"and(two(high,(1,2)),one(dots,(1)))",-13.276285459676586
"and(two(high,(1,2)),two(low,(1,2)))",-13.276285459676586
"and(two(high,(1,2)),two(medium,(0,1)))",-13.276285459676586
"and(two(high,(1,2)),two(medium,(0,2)))",-13.276285459676586
"and(two(high,(1,2)),two(medium,(1,2)))",-13.276285459676586
"and(two(high,(1,2)),two(high,(0,1)))",-13.276285459676586
"and(two(high,(1,2)),two(high,(0,2)))",-13.276285459676586
"and(two(high,(1,2)),two(high,(1,2)))",-13.276285459676586
"and(two(high,(1,2)),two(plain,(0,1)))",-13.276285459676586
"and(two(high,(1,2)),two(plain,(0,2)))",-13.276285459676586
"and(two(high,(1,2)),one(dots,(2)))",-13.276285459676586
"and(two(high,(1,2)),one(dots,(0)))",-13.276285459676586
"and(two(high,(1,2)),one(square,(2)))",-13.276285459676586
"and(two(high,(1,2)),one(medium,(0)))",-13.276285459676586
"and(two(high,(1,2)),one(circle,(0)))",-13.276285459676586
"and(two(high,(1,2)),one(circle,(1)))",-13.276285459676586
"and(two(high,(1,2)),one(circle,(2)))",-13.276285459676586
"and(two(high,(1,2)),one(triangle,(0)))",-13.276285459676586
"and(two(high,(1,2)),one(triangle,(1)))",-13.276285459676586
"and(two(high,(1,2)),one(triangle,(2)))",-13.276285459676586
"and(two(high,(1,2)),one(low,(0)))",-13.276285459676586
"and(two(high,(1,2)),one(low,(1)))",-13.276285459676586
"and(two(high,(1,2)),one(low,(2)))",-13.276285459676586
"and(two(high,(1,2)),one(medium,(1)))",-13.276285459676586
"and(two(high,(1,2)),one(stripes,(2)))",-13.276285459676586
"and(two(high,(1,2)),one(medium,(2)))",-13.276285459676586
"and(two(high,(1,2)),one(high,(0)))",-13.276285459676586
"and(two(high,(1,2)),one(high,(1)))",-13.276285459676586
"and(two(high,(1,2)),one(high,(2)))",-13.276285459676586
"and(two(high,(1,2)),one(plain,(0)))",-13.276285459676586
"and(two(high,(1,2)),one(plain,(1)))",-13.276285459676586
"and(two(high,(1,2)),one(plain,(2)))",-13.276285459676586
"and(two(high,(1,2)),one(stripes,(0)))",-13.276285459676586
"and(two(high,(1,2)),one(stripes,(1)))",-13.276285459676586
"and(two(square,(0,2)),one(triangle,(0)))",-13.276285459676586
"and(two(medium,(1,2)),two(dots,(0,2)))",-13.276285459676586
"and(one(low,(1)),one(plain,(2)))",-13.276285459676586
"and(one(circle,(1)),one(medium,(2)))",-13.276285459676586
"and(one(low,(1)),two(triangle,(1,2)))",-13.276285459676586
"and(one(low,(1)),two(low,(0,1)))",-13.276285459676586
"and(two(square,(0,2)),two(dots,(1,2)))",-13.276285459676586
"and(two(square,(0,2)),two(dots,(0,2)))",-13.276285459676586
"and(two(square,(0,2)),two(dots,(0,1)))",-13.276285459676586
"and(two(medium,(0,1)),one(square,(0)))",-13.276285459676586
"and(two(medium,(0,1)),one(square,(1)))",-13.276285459676586
"and(two(medium,(0,1)),one(square,(2)))",-13.276285459676586
"and(two(medium,(0,1)),one(circle,(0)))",-13.276285459676586
"and(two(medium,(0,1)),one(circle,(1)))",-13.276285459676586
"and(two(medium,(0,1)),one(circle,(2)))",-13.276285459676586
"and(two(medium,(0,1)),one(triangle,(0)))",-13.276285459676586
"and(two(medium,(0,1)),one(triangle,(1)))",-13.276285459676586
"and(two(medium,(0,1)),one(triangle,(2)))",-13.276285459676586
"and(two(medium,(0,1)),one(low,(0)))",-13.276285459676586
"and(two(medium,(0,1)),one(low,(1)))",-13.276285459676586
"and(two(medium,(0,1)),one(low,(2)))",-13.276285459676586
"and(two(medium,(0,1)),one(medium,(0)))",-13.276285459676586
"and(two(medium,(0,1)),one(medium,(1)))",-13.276285459676586
"and(two(medium,(0,1)),one(medium,(2)))",-13.276285459676586
"and(two(medium,(0,1)),one(high,(0)))",-13.276285459676586
"and(one(low,(1)),two(triangle,(0,2)))",-13.276285459676586
"and(one(low,(1)),two(triangle,(0,1)))",-13.276285459676586
"and(one(low,(1)),two(circle,(1,2)))",-13.276285459676586
"and(one(circle,(1)),one(circle,(0)))",-13.276285459676586
"and(one(low,(1)),one(stripes,(2)))",-13.276285459676586
"and(one(circle,(1)),one(low,(2)))",-13.276285459676586
"and(one(circle,(1)),one(low,(1)))",-13.276285459676586
"and(one(circle,(1)),one(low,(0)))",-13.276285459676586
"and(one(circle,(1)),one(triangle,(2)))",-13.276285459676586
"and(one(circle,(1)),one(triangle,(1)))",-13.276285459676586
"and(one(circle,(1)),one(triangle,(0)))",-13.276285459676586
"and(one(circle,(1)),one(circle,(2)))",-13.276285459676586
"and(one(circle,(1)),one(circle,(1)))",-13.276285459676586
"and(one(circle,(1)),one(square,(2)))",-13.276285459676586
"and(one(low,(1)),two(circle,(0,2)))",-13.276285459676586
"and(one(circle,(1)),one(square,(1)))",-13.276285459676586
"and(one(circle,(1)),one(square,(0)))",-13.276285459676586
"and(one(low,(1)),one(dots,(0)))",-13.276285459676586
"and(one(low,(1)),one(dots,(1)))",-13.276285459676586
"and(one(low,(1)),one(dots,(2)))",-13.276285459676586
"and(one(low,(1)),two(square,(0,1)))",-13.276285459676586
"and(one(low,(1)),two(square,(0,2)))",-13.276285459676586
"and(one(low,(1)),two(square,(1,2)))",-13.276285459676586
"and(one(low,(1)),two(circle,(0,1)))",-13.276285459676586
"and(two(medium,(0,1)),one(high,(1)))",-13.276285459676586
"and(two(medium,(0,1)),one(high,(2)))",-13.276285459676586
"and(two(medium,(0,1)),one(plain,(0)))",-13.276285459676586
"and(two(medium,(0,1)),two(dots,(1,2)))",-13.276285459676586
"and(two(medium,(0,1)),two(high,(1,2)))",-13.276285459676586
"and(two(medium,(0,1)),two(plain,(0,1)))",-13.276285459676586
"and(two(medium,(0,1)),two(plain,(0,2)))",-13.276285459676586
"and(two(medium,(0,1)),two(plain,(1,2)))",-13.276285459676586
"and(two(medium,(0,1)),two(stripes,(0,1)))",-13.276285459676586
"and(two(medium,(0,1)),two(stripes,(0,2)))",-13.276285459676586
"and(two(medium,(0,1)),two(stripes,(1,2)))",-13.276285459676586
"and(two(medium,(0,1)),two(dots,(0,1)))",-13.276285459676586
"and(two(medium,(0,1)),two(dots,(0,2)))",-13.276285459676586
"and(two(square,(0,2)),two(stripes,(1,2)))",-13.276285459676586
"and(two(medium,(0,1)),two(high,(0,1)))",-13.276285459676586
"and(two(square,(0,2)),two(stripes,(0,2)))",-13.276285459676586
"and(two(square,(0,2)),two(stripes,(0,1)))",-13.276285459676586
"and(two(square,(0,2)),two(plain,(1,2)))",-13.276285459676586
"and(two(square,(0,2)),two(plain,(0,2)))",-13.276285459676586
"and(two(square,(0,2)),two(plain,(0,1)))",-13.276285459676586
"and(two(square,(0,2)),two(high,(1,2)))",-13.276285459676586
"and(two(square,(0,2)),two(high,(0,2)))",-13.276285459676586
"and(two(square,(0,2)),two(high,(0,1)))",-13.276285459676586
"and(two(square,(0,2)),two(medium,(1,2)))",-13.276285459676586
"and(two(medium,(0,1)),two(high,(0,2)))",-13.276285459676586
"and(two(medium,(0,1)),two(medium,(1,2)))",-13.276285459676586
"and(two(medium,(0,1)),one(plain,(1)))",-13.276285459676586
"and(two(medium,(0,1)),two(square,(1,2)))",-13.276285459676586
"and(two(medium,(0,1)),one(plain,(2)))",-13.276285459676586
"and(two(medium,(0,1)),one(stripes,(0)))",-13.276285459676586
"and(two(medium,(0,1)),one(stripes,(1)))",-13.276285459676586
"and(two(medium,(0,1)),one(stripes,(2)))",-13.276285459676586
"and(two(medium,(0,1)),one(dots,(0)))",-13.276285459676586
"and(two(medium,(0,1)),one(dots,(1)))",-13.276285459676586
"and(two(medium,(0,1)),one(dots,(2)))",-13.276285459676586
"and(two(medium,(0,1)),two(square,(0,1)))",-13.276285459676586
"and(two(medium,(0,1)),two(square,(0,2)))",-13.276285459676586
"and(two(medium,(0,1)),two(circle,(0,1)))",-13.276285459676586
"and(two(medium,(0,1)),two(medium,(0,2)))",-13.276285459676586
"and(two(medium,(0,1)),two(circle,(0,2)))",-13.276285459676586
"and(two(medium,(0,1)),two(circle,(1,2)))",-13.276285459676586
"and(two(medium,(0,1)),two(triangle,(0,1)))",-13.276285459676586
"and(two(medium,(0,1)),two(triangle,(0,2)))",-13.276285459676586
"and(two(medium,(0,1)),two(triangle,(1,2)))",-13.276285459676586
"and(two(medium,(0,1)),two(low,(0,1)))",-13.276285459676586
"and(two(medium,(0,1)),two(low,(0,2)))",-13.276285459676586
"and(two(medium,(0,1)),two(low,(1,2)))",-13.276285459676586
"and(two(medium,(0,1)),two(medium,(0,1)))",-13.276285459676586
"and(one(circle,(1)),one(medium,(1)))",-13.276285459676586
"and(one(circle,(1)),one(high,(0)))",-13.276285459676586
"and(two(medium,(1,2)),two(dots,(0,1)))",-13.276285459676586
"and(one(circle,(1)),one(high,(1)))",-13.276285459676586
"and(two(low,(1,2)),one(square,(1)))",-13.276285459676586
"and(two(low,(1,2)),one(square,(2)))",-13.276285459676586
"and(two(low,(1,2)),one(circle,(0)))",-13.276285459676586
"and(two(low,(1,2)),one(circle,(1)))",-13.276285459676586
"and(two(low,(1,2)),one(circle,(2)))",-13.276285459676586
"and(two(low,(1,2)),one(triangle,(0)))",-13.276285459676586
"and(two(low,(1,2)),one(triangle,(1)))",-13.276285459676586
"and(two(low,(1,2)),one(triangle,(2)))",-13.276285459676586
"and(two(low,(1,2)),one(low,(0)))",-13.276285459676586
"and(two(low,(1,2)),one(low,(1)))",-13.276285459676586
"and(two(low,(1,2)),one(low,(2)))",-13.276285459676586
"and(two(low,(1,2)),one(medium,(0)))",-13.276285459676586
"and(two(low,(1,2)),one(medium,(1)))",-13.276285459676586
"and(two(low,(1,2)),one(medium,(2)))",-13.276285459676586
"and(two(low,(1,2)),one(high,(0)))",-13.276285459676586
"and(two(low,(1,2)),one(high,(1)))",-13.276285459676586
"and(two(low,(1,2)),one(high,(2)))",-13.276285459676586
"and(two(low,(1,2)),one(plain,(0)))",-13.276285459676586
"and(two(low,(1,2)),one(plain,(1)))",-13.276285459676586
"and(two(low,(1,2)),one(plain,(2)))",-13.276285459676586
"and(two(low,(1,2)),one(stripes,(0)))",-13.276285459676586
"and(two(low,(1,2)),one(square,(0)))",-13.276285459676586
"and(one(circle,(1)),two(triangle,(0,1)))",-13.276285459676586
"and(one(circle,(1)),two(triangle,(0,2)))",-13.276285459676586
"and(one(circle,(1)),two(plain,(0,2)))",-13.276285459676586
"and(one(low,(1)),one(stripes,(0)))",-13.276285459676586
"and(one(low,(1)),one(stripes,(1)))",-13.276285459676586
"and(one(circle,(1)),two(dots,(1,2)))",-13.276285459676586
"and(one(circle,(1)),two(dots,(0,2)))",-13.276285459676586
"and(one(circle,(1)),two(dots,(0,1)))",-13.276285459676586
"and(one(circle,(1)),two(stripes,(1,2)))",-13.276285459676586
"and(one(circle,(1)),two(stripes,(0,2)))",-13.276285459676586
"and(one(circle,(1)),two(stripes,(0,1)))",-13.276285459676586
"and(one(circle,(1)),two(plain,(1,2)))",-13.276285459676586
"and(one(circle,(1)),two(plain,(0,1)))",-13.276285459676586
"and(one(circle,(1)),two(triangle,(1,2)))",-13.276285459676586
"and(one(circle,(1)),two(high,(1,2)))",-13.276285459676586
"and(one(circle,(1)),two(high,(0,2)))",-13.276285459676586
"and(one(circle,(1)),two(high,(0,1)))",-13.276285459676586
"and(one(circle,(1)),two(medium,(1,2)))",-13.276285459676586
"and(one(circle,(1)),two(medium,(0,2)))",-13.276285459676586
"and(one(circle,(1)),two(medium,(0,1)))",-13.276285459676586
"and(one(circle,(1)),two(low,(1,2)))",-13.276285459676586
"and(one(circle,(1)),two(low,(0,2)))",-13.276285459676586
"and(one(circle,(1)),two(low,(0,1)))",-13.276285459676586
"and(two(low,(1,2)),one(stripes,(1)))",-13.276285459676586
"and(two(low,(1,2)),one(stripes,(2)))",-13.276285459676586
"and(two(low,(1,2)),one(dots,(0)))",-13.276285459676586
"and(one(circle,(1)),two(square,(0,1)))",-13.276285459676586
"and(two(low,(1,2)),two(stripes,(1,2)))",-13.276285459676586
"and(two(low,(1,2)),two(dots,(0,1)))",-13.276285459676586
"and(two(low,(1,2)),two(dots,(0,2)))",-13.276285459676586
"and(two(low,(1,2)),two(dots,(1,2)))",-13.276285459676586
"and(one(circle,(1)),two(circle,(1,2)))",-13.276285459676586
"and(one(circle,(1)),two(circle,(0,2)))",-13.276285459676586
"and(one(circle,(1)),two(circle,(0,1)))",-13.276285459676586
"and(one(circle,(1)),two(square,(1,2)))",-13.276285459676586
"and(one(circle,(1)),two(square,(0,2)))",-13.276285459676586
"and(one(circle,(1)),one(dots,(2)))",-13.276285459676586
"and(two(low,(1,2)),two(stripes,(0,1)))",-13.276285459676586
"and(one(circle,(1)),one(dots,(1)))",-13.276285459676586
"and(one(circle,(1)),one(dots,(0)))",-13.276285459676586
"and(one(circle,(1)),one(stripes,(2)))",-13.276285459676586
"and(one(circle,(1)),one(stripes,(1)))",-13.276285459676586
"and(one(circle,(1)),one(stripes,(0)))",-13.276285459676586
"and(one(circle,(1)),one(plain,(2)))",-13.276285459676586
"and(one(circle,(1)),one(plain,(1)))",-13.276285459676586
"and(one(circle,(1)),one(plain,(0)))",-13.276285459676586
"and(one(circle,(1)),one(high,(2)))",-13.276285459676586
"and(two(low,(1,2)),two(stripes,(0,2)))",-13.276285459676586
"and(two(low,(1,2)),two(plain,(1,2)))",-13.276285459676586
"and(two(low,(1,2)),one(dots,(1)))",-13.276285459676586
"and(two(low,(1,2)),two(triangle,(1,2)))",-13.276285459676586
"and(two(low,(1,2)),one(dots,(2)))",-13.276285459676586
"and(two(low,(1,2)),two(square,(0,1)))",-13.276285459676586
"and(two(low,(1,2)),two(square,(0,2)))",-13.276285459676586
"and(two(low,(1,2)),two(square,(1,2)))",-13.276285459676586
"and(two(low,(1,2)),two(circle,(0,1)))",-13.276285459676586
"and(two(low,(1,2)),two(circle,(0,2)))",-13.276285459676586
"and(two(low,(1,2)),two(circle,(1,2)))",-13.276285459676586
"and(two(low,(1,2)),two(triangle,(0,1)))",-13.276285459676586
"and(two(low,(1,2)),two(triangle,(0,2)))",-13.276285459676586
"and(two(low,(1,2)),two(low,(0,1)))",-13.276285459676586
"and(two(low,(1,2)),two(plain,(0,2)))",-13.276285459676586
"and(two(low,(1,2)),two(low,(0,2)))",-13.276285459676586
"and(two(low,(1,2)),two(low,(1,2)))",-13.276285459676586
"and(two(low,(1,2)),two(medium,(0,1)))",-13.276285459676586
"and(two(low,(1,2)),two(medium,(0,2)))",-13.276285459676586
"and(two(low,(1,2)),two(medium,(1,2)))",-13.276285459676586
"and(two(low,(1,2)),two(high,(0,1)))",-13.276285459676586
"and(two(low,(1,2)),two(high,(0,2)))",-13.276285459676586
"and(two(low,(1,2)),two(high,(1,2)))",-13.276285459676586
"and(two(low,(1,2)),two(plain,(0,1)))",-13.276285459676586
"and(two(square,(0,2)),two(medium,(0,2)))",-13.276285459676586
"and(two(square,(0,2)),two(medium,(0,1)))",-13.276285459676586
"and(two(square,(0,2)),two(low,(1,2)))",-13.276285459676586
"and(two(square,(0,2)),two(low,(0,2)))",-13.276285459676586
"and(two(square,(0,2)),one(dots,(0)))",-13.276285459676586
"and(two(square,(0,2)),one(stripes,(2)))",-13.276285459676586
"and(two(square,(0,2)),one(stripes,(1)))",-13.276285459676586
"and(two(square,(0,2)),one(stripes,(0)))",-13.276285459676586
"and(two(square,(0,2)),one(plain,(2)))",-13.276285459676586
"and(two(square,(0,2)),one(plain,(1)))",-13.276285459676586
"and(two(square,(0,2)),one(plain,(0)))",-13.276285459676586
"and(two(square,(0,2)),one(high,(2)))",-13.276285459676586
"and(two(square,(0,2)),one(high,(1)))",-13.276285459676586
"and(two(square,(0,2)),one(high,(0)))",-13.276285459676586
"and(two(square,(0,2)),one(medium,(2)))",-13.276285459676586
"and(two(square,(0,2)),one(medium,(1)))",-13.276285459676586
"and(two(square,(0,2)),one(medium,(0)))",-13.276285459676586
"and(two(square,(0,2)),one(low,(2)))",-13.276285459676586
"and(two(square,(0,2)),one(low,(1)))",-13.276285459676586
"and(two(square,(0,2)),one(low,(0)))",-13.276285459676586
"and(two(square,(0,2)),one(triangle,(2)))",-13.276285459676586
"and(two(square,(0,2)),one(triangle,(1)))",-13.276285459676586
"and(two(medium,(1,2)),one(square,(0)))",-13.276285459676586
"and(two(medium,(1,2)),one(square,(1)))",-13.276285459676586
"and(two(medium,(1,2)),one(square,(2)))",-13.276285459676586
"and(two(square,(0,2)),one(dots,(1)))",-13.276285459676586
"and(two(square,(0,2)),one(dots,(2)))",-13.276285459676586
"and(two(square,(0,2)),two(square,(0,1)))",-13.276285459676586
"and(one(circle,(0)),one(circle,(0)))",-13.276285459676586
"and(one(circle,(0)),one(medium,(0)))",-13.276285459676586
"and(one(circle,(0)),one(low,(2)))",-13.276285459676586
"and(one(circle,(0)),one(low,(1)))",-13.276285459676586
"and(one(circle,(0)),one(low,(0)))",-13.276285459676586
"and(one(circle,(0)),one(triangle,(2)))",-13.276285459676586
"and(one(circle,(0)),one(triangle,(1)))",-13.276285459676586
"and(one(circle,(0)),one(triangle,(0)))",-13.276285459676586
"and(one(circle,(0)),one(circle,(2)))",-13.276285459676586
"and(one(circle,(0)),one(circle,(1)))",-13.276285459676586
"and(one(circle,(0)),one(square,(2)))",-13.276285459676586
"and(two(square,(0,2)),two(square,(0,2)))",-13.276285459676586
"and(one(circle,(0)),one(square,(1)))",-13.276285459676586
"and(one(circle,(0)),one(square,(0)))",-13.276285459676586
"and(two(square,(0,2)),two(triangle,(1,2)))",-13.276285459676586
"and(two(square,(0,2)),two(triangle,(0,2)))",-13.276285459676586
"and(two(square,(0,2)),two(triangle,(0,1)))",-13.276285459676586
"and(two(square,(0,2)),two(circle,(1,2)))",-13.276285459676586
"and(two(square,(0,2)),two(circle,(0,2)))",-13.276285459676586
"and(two(square,(0,2)),two(circle,(0,1)))",-13.276285459676586
"and(two(square,(0,2)),two(square,(1,2)))",-13.276285459676586
"and(two(medium,(1,2)),one(circle,(0)))",-13.276285459676586
"and(two(medium,(1,2)),one(circle,(1)))",-13.276285459676586
"and(two(medium,(1,2)),one(circle,(2)))",-13.276285459676586
"and(two(medium,(1,2)),two(medium,(0,2)))",-13.276285459676586
"and(two(medium,(1,2)),two(circle,(0,2)))",-13.276285459676586
"and(two(medium,(1,2)),two(circle,(1,2)))",-13.276285459676586
"and(two(medium,(1,2)),two(triangle,(0,1)))",-13.276285459676586
"and(two(medium,(1,2)),two(triangle,(0,2)))",-13.276285459676586
"and(two(medium,(1,2)),two(triangle,(1,2)))",-13.276285459676586
"and(two(medium,(1,2)),two(low,(0,1)))",-13.276285459676586
"and(two(medium,(1,2)),two(low,(0,2)))",-13.276285459676586
"and(two(medium,(1,2)),two(low,(1,2)))",-13.276285459676586
"and(two(medium,(1,2)),two(medium,(0,1)))",-13.276285459676586
"and(two(medium,(1,2)),two(medium,(1,2)))",-13.276285459676586
"and(two(medium,(1,2)),two(square,(1,2)))",-13.276285459676586
"and(two(medium,(1,2)),two(high,(0,1)))",-13.276285459676586
"and(two(medium,(1,2)),two(high,(0,2)))",-13.276285459676586
"and(two(medium,(1,2)),two(high,(1,2)))",-13.276285459676586
"and(two(medium,(1,2)),two(plain,(0,1)))",-13.276285459676586
"and(two(medium,(1,2)),two(plain,(0,2)))",-13.276285459676586
"and(two(medium,(1,2)),two(plain,(1,2)))",-13.276285459676586
"and(two(medium,(1,2)),two(stripes,(0,1)))",-13.276285459676586
"and(two(medium,(1,2)),two(stripes,(0,2)))",-13.276285459676586
"and(two(medium,(1,2)),two(stripes,(1,2)))",-13.276285459676586
"and(two(medium,(1,2)),two(circle,(0,1)))",-13.276285459676586
"and(two(medium,(1,2)),two(square,(0,2)))",-13.276285459676586
"and(two(medium,(1,2)),one(triangle,(0)))",-13.276285459676586
"and(two(medium,(1,2)),one(high,(1)))",-13.276285459676586
"and(two(medium,(1,2)),one(triangle,(1)))",-13.276285459676586
"and(two(medium,(1,2)),one(triangle,(2)))",-13.276285459676586
"and(two(medium,(1,2)),one(low,(0)))",-13.276285459676586
"and(two(medium,(1,2)),one(low,(1)))",-13.276285459676586
"and(two(medium,(1,2)),one(low,(2)))",-13.276285459676586
"and(two(medium,(1,2)),one(medium,(0)))",-13.276285459676586
"and(two(medium,(1,2)),one(medium,(1)))",-13.276285459676586
"and(two(medium,(1,2)),one(medium,(2)))",-13.276285459676586
"and(two(medium,(1,2)),one(high,(0)))",-13.276285459676586
"and(two(medium,(1,2)),one(high,(2)))",-13.276285459676586
"and(two(medium,(1,2)),two(square,(0,1)))",-13.276285459676586
"and(two(medium,(1,2)),one(plain,(0)))",-13.276285459676586
"and(two(medium,(1,2)),one(plain,(1)))",-13.276285459676586
"and(two(medium,(1,2)),one(plain,(2)))",-13.276285459676586
"and(two(medium,(1,2)),one(stripes,(0)))",-13.276285459676586
"and(two(medium,(1,2)),one(stripes,(1)))",-13.276285459676586
"and(two(medium,(1,2)),one(stripes,(2)))",-13.276285459676586
"and(two(medium,(1,2)),one(dots,(0)))",-13.276285459676586
"and(two(medium,(1,2)),one(dots,(1)))",-13.276285459676586
"and(two(medium,(1,2)),one(dots,(2)))",-13.276285459676586
"and(one(circle,(0)),one(medium,(1)))",-13.276285459676586
"and(one(circle,(0)),one(medium,(2)))",-13.276285459676586
"and(one(circle,(0)),one(high,(0)))",-13.276285459676586
"and(one(circle,(0)),one(stripes,(0)))",-13.276285459676586
"and(one(circle,(0)),two(circle,(0,1)))",-13.276285459676586
"and(one(circle,(0)),two(square,(1,2)))",-13.276285459676586
"and(one(circle,(0)),two(square,(0,2)))",-13.276285459676586
"and(one(circle,(0)),two(square,(0,1)))",-13.276285459676586
"and(one(circle,(0)),one(dots,(2)))",-13.276285459676586
"and(one(circle,(0)),one(dots,(1)))",-13.276285459676586
"and(one(circle,(0)),one(dots,(0)))",-13.276285459676586
"and(one(circle,(0)),one(stripes,(2)))",-13.276285459676586
"and(one(circle,(0)),one(stripes,(1)))",-13.276285459676586
"and(one(circle,(0)),one(plain,(2)))",-13.276285459676586
"and(one(circle,(0)),two(circle,(1,2)))",-13.276285459676586
"and(two(medium,(0,2)),one(square,(0)))",-13.276285459676586
"and(two(medium,(0,2)),one(square,(1)))",-13.276285459676586
"and(two(medium,(0,2)),one(square,(2)))",-13.276285459676586
"and(two(medium,(0,2)),one(circle,(0)))",-13.276285459676586
"and(two(medium,(0,2)),one(circle,(1)))",-13.276285459676586
"and(two(medium,(0,2)),one(circle,(2)))",-13.276285459676586
"and(two(medium,(0,2)),one(triangle,(0)))",-13.276285459676586
"and(two(medium,(0,2)),one(triangle,(1)))",-13.276285459676586
"and(two(medium,(0,2)),one(triangle,(2)))",-13.276285459676586
"and(one(circle,(0)),two(circle,(0,2)))",-13.276285459676586
"and(one(circle,(0)),two(triangle,(0,1)))",-13.276285459676586
"and(two(medium,(0,2)),one(low,(1)))",-13.276285459676586
"and(one(circle,(0)),two(plain,(0,1)))",-13.276285459676586
"and(two(square,(0,2)),two(low,(0,1)))",-13.276285459676586
"and(one(circle,(0)),two(dots,(1,2)))",-13.276285459676586
"and(one(circle,(0)),two(dots,(0,2)))",-13.276285459676586
"and(one(circle,(0)),two(dots,(0,1)))",-13.276285459676586
"and(one(circle,(0)),two(stripes,(1,2)))",-13.276285459676586
"and(one(circle,(0)),two(stripes,(0,2)))",-13.276285459676586
"and(one(circle,(0)),two(stripes,(0,1)))",-13.276285459676586
"and(one(circle,(0)),two(plain,(1,2)))",-13.276285459676586
"and(one(circle,(0)),two(plain,(0,2)))",-13.276285459676586
"and(one(circle,(0)),two(high,(1,2)))",-13.276285459676586
"and(one(circle,(0)),two(triangle,(0,2)))",-13.276285459676586
"and(one(circle,(0)),two(high,(0,2)))",-13.276285459676586
"and(one(circle,(0)),two(high,(0,1)))",-13.276285459676586
"and(one(circle,(0)),two(medium,(1,2)))",-13.276285459676586
"and(one(circle,(0)),two(medium,(0,2)))",-13.276285459676586
"and(one(circle,(0)),two(medium,(0,1)))",-13.276285459676586
"and(one(circle,(0)),two(low,(1,2)))",-13.276285459676586
"and(one(circle,(0)),two(low,(0,2)))",-13.276285459676586
"and(one(circle,(0)),two(low,(0,1)))",-13.276285459676586
"and(one(circle,(0)),two(triangle,(1,2)))",-13.276285459676586
"and(two(medium,(0,2)),one(low,(0)))",-13.276285459676586
"and(two(medium,(0,2)),one(low,(2)))",-13.276285459676586
"and(one(circle,(0)),one(high,(1)))",-13.276285459676586
"and(two(medium,(0,2)),two(plain,(0,2)))",-13.276285459676586
"and(two(medium,(0,2)),two(low,(0,2)))",-13.276285459676586
"and(two(medium,(0,2)),two(low,(1,2)))",-13.276285459676586
"and(two(medium,(0,2)),two(medium,(0,1)))",-13.276285459676586
"and(two(medium,(0,2)),two(medium,(0,2)))",-13.276285459676586
"and(two(medium,(0,2)),two(medium,(1,2)))",-13.276285459676586
"and(two(medium,(0,2)),two(high,(0,1)))",-13.276285459676586
"and(two(medium,(0,2)),two(high,(0,2)))",-13.276285459676586
"and(two(medium,(0,2)),two(high,(1,2)))",-13.276285459676586
"and(two(medium,(0,2)),two(plain,(0,1)))",-13.276285459676586
"and(two(medium,(0,2)),two(plain,(1,2)))",-13.276285459676586
"and(two(medium,(0,2)),two(triangle,(1,2)))",-13.276285459676586
"and(two(medium,(0,2)),two(stripes,(0,1)))",-13.276285459676586
"and(two(medium,(0,2)),two(stripes,(0,2)))",-13.276285459676586
"and(two(medium,(0,2)),two(stripes,(1,2)))",-13.276285459676586
"and(two(medium,(0,2)),two(dots,(0,1)))",-13.276285459676586
"and(two(medium,(0,2)),two(dots,(0,2)))",-13.276285459676586
"and(two(medium,(0,2)),two(dots,(1,2)))",-13.276285459676586
"and(one(circle,(0)),one(plain,(1)))",-13.276285459676586
"and(one(circle,(0)),one(plain,(0)))",-13.276285459676586
"and(one(circle,(0)),one(high,(2)))",-13.276285459676586
"and(two(medium,(0,2)),two(low,(0,1)))",-13.276285459676586
"and(two(medium,(0,2)),two(triangle,(0,2)))",-13.276285459676586
"and(two(medium,(0,2)),one(medium,(0)))",-13.276285459676586
"and(two(medium,(0,2)),one(stripes,(1)))",-13.276285459676586
"and(two(medium,(0,2)),one(medium,(1)))",-13.276285459676586
"and(two(medium,(0,2)),one(medium,(2)))",-13.276285459676586
"and(two(medium,(0,2)),one(high,(0)))",-13.276285459676586
"and(two(medium,(0,2)),one(high,(1)))",-13.276285459676586
"and(two(medium,(0,2)),one(high,(2)))",-13.276285459676586
"and(two(medium,(0,2)),one(plain,(0)))",-13.276285459676586
"and(two(medium,(0,2)),one(plain,(1)))",-13.276285459676586
"and(two(medium,(0,2)),one(plain,(2)))",-13.276285459676586
"and(two(medium,(0,2)),one(stripes,(0)))",-13.276285459676586
"and(two(medium,(0,2)),one(stripes,(2)))",-13.276285459676586
"and(two(medium,(0,2)),two(triangle,(0,1)))",-13.276285459676586
"and(two(medium,(0,2)),one(dots,(0)))",-13.276285459676586
"and(two(medium,(0,2)),one(dots,(1)))",-13.276285459676586
"and(two(medium,(0,2)),one(dots,(2)))",-13.276285459676586
"and(two(medium,(0,2)),two(square,(0,1)))",-13.276285459676586
"and(two(medium,(0,2)),two(square,(0,2)))",-13.276285459676586
"and(two(medium,(0,2)),two(square,(1,2)))",-13.276285459676586
"and(two(medium,(0,2)),two(circle,(0,1)))",-13.276285459676586
"and(two(medium,(0,2)),two(circle,(0,2)))",-13.276285459676586
"and(two(medium,(0,2)),two(circle,(1,2)))",-13.276285459676586
"and(one(circle,(1)),one(medium,(0)))",-13.276285459676586
